ts,moneda,venue,vence,dias,iv_atm,straddle_pct,spread_iv,iv_atm_30d,subyacente,n
2026-09-19T21:26:00Z,BTC,bybit,2026-09-20,0.44,18.64,0.5174,1.115,34.59,81039.599312,76
2026-09-19T21:26:00Z,BTC,okx,2026-09-20,0.44,15.4064,,0.7324,34.4382,81015.961262,162
2026-10-07T22:30:00Z,BTC,bybit,2026-10-08,0.396,26.21,0.6897,0.46,35.41,83301.29077,62
2026-10-07T22:30:00Z,BTC,okx,2026-10-08,0.396,25.2551,,12.6953,33.911,83265.303879,108
2026-10-07T22:43:00Z,BTC,okx,2026-10-08,0.386,25.6315,,11.5967,33.7448,83278.966278,108
2026-10-07T23:03:00Z,BTC,okx,2026-10-08,0.373,26.3863,,0.6104,33.9876,83209.809286,108
2026-10-08T05:59:00Z,BTC,okx,2026-10-08,0.084,37.8937,0.45,3.418,35.8676,82633.622869,60
2026-10-08T05:59:00Z,BTC,okx_um,2026-10-08,0.084,37.4844,0.445,29.541,35.8251,82581.3,54
2026-10-08T13:24:00Z,BTC,okx,2026-10-09,0.775,36.5089,1.3,2.6855,36.0456,82458.38613,84
2026-10-08T13:24:00Z,BTC,okx_um,2026-10-09,0.775,35.641,1.3078,4.7607,36.004,82390.7,88
2026-10-08T19:55:00Z,BTC,okx,2026-10-09,0.503,33.087,1.01,2.0752,34.369,81740.419698,86
2026-10-08T19:55:00Z,BTC,okx_um,2026-10-09,0.503,33.3078,,,35.1363,81699.9,94
2026-10-09T00:21:00Z,BTC,okx,2026-10-09,0.319,29.7211,0.7,0.7324,33.714,81682.229114,92
2026-10-09T00:21:00Z,BTC,okx_um,2026-10-09,0.319,25.9928,0.6003,18.9209,33.7106,81625.5,96
