h,k,ranking,semanas,spread,crudo,sem_ok,p,ctrl
4,3,n_surge,251,0.9879107285425693,0.013684094949870457,1.0,0.0,False
4,3,turnover,251,0.961290915987492,0.012948995239108821,1.0,0.0,False
4,3,oi_rel_168,201,1.0434770511606242,0.015087098690809929,0.9850746268656716,0.0,False
4,3,atr_24,251,0.7699891702466868,0.02324680063874196,0.9322709163346613,0.0,False
4,3,roc_168,251,0.8529424076152626,0.01577867070027624,0.9681274900398407,0.0,False
4,3,CONTROL azar 1,251,3.3348910849952015e-05,-7.448566719370579e-05,0.450199203187251,0.5045,True
4,3,CONTROL azar 2,251,0.007371419479858239,0.00018125061835195684,0.4860557768924303,0.1595,True
4,3,CONTROL azar 3,251,-0.013162280352150712,-0.00016349867211285643,0.4063745019920319,1.0,True
4,3,CONTROL azar 4,251,-0.0009892956513687468,-2.173209811340277e-05,0.4701195219123506,1.0,True
4,3,CONTROL azar 5,251,0.011081410235128292,8.891379094096617e-05,0.4900398406374502,0.0755,True
4,8,n_surge,251,0.5114364246537539,0.006782218499908818,1.0,0.0,False
4,8,turnover,251,0.4975989044256558,0.006376812539259939,1.0,0.0,False
4,8,oi_rel_168,201,0.5155711114218087,0.006641250201843545,0.9950248756218906,0.0,False
4,8,atr_24,251,0.3886852150676132,0.014555105764958455,0.9203187250996016,0.0,False
4,8,roc_168,251,0.46140928193864933,0.007346588797246265,0.9681274900398407,0.0,False
4,8,CONTROL azar 1,251,0.0007285295732386597,5.732977341396493e-05,0.4820717131474104,0.4535,True
4,8,CONTROL azar 2,251,0.0036081927947129414,3.5742523972367133e-05,0.545816733067729,0.221,True
4,8,CONTROL azar 3,251,0.00022330477295328115,8.074765255792966e-06,0.5059760956175299,0.4785,True
4,8,CONTROL azar 4,251,0.001242563349342646,1.207414243173619e-05,0.5219123505976095,0.4025,True
4,8,CONTROL azar 5,251,0.00777434823281128,7.226670807763491e-05,0.4860557768924303,0.0385,True
4,16,n_surge,237,0.26290221577462813,0.0029017127159823375,1.0,0.0,False
4,16,turnover,237,0.2578329429544931,0.0028145082292651154,1.0,0.0,False
4,16,oi_rel_168,184,0.2474465813860704,0.0024745908309115527,0.9836956521739131,0.0,False
4,16,atr_24,237,0.18569273616113327,0.008896495636648252,0.9071729957805907,0.0,False
4,16,roc_168,237,0.2261589127433353,0.0026579301196577544,0.9409282700421941,0.0,False
4,16,CONTROL azar 1,237,0.0022814676276195632,6.326687677862305e-05,0.540084388185654,0.24,True
4,16,CONTROL azar 2,237,-0.0002316904888895597,-1.9511399520006887e-05,0.47257383966244726,1.0,True
4,16,CONTROL azar 3,237,-0.000641788451884345,3.3941186118741525e-05,0.4810126582278481,1.0,True
4,16,CONTROL azar 4,237,0.0032585939390234,2.6089970424622513e-05,0.5485232067510548,0.132,True
4,16,CONTROL azar 5,237,0.008837598349622246,0.00010849276922800229,0.5569620253164557,0.0,True
8,3,n_surge,251,1.288297765373424,0.01790656001150936,1.0,0.0,False
8,3,turnover,251,1.2639132631537153,0.016972698903575733,0.9960159362549801,0.0,False
8,3,oi_rel_168,201,1.431833908130357,0.02059896519776743,0.9800995024875622,0.0,False
8,3,atr_24,251,1.0234943254892184,0.032164467139392715,0.9123505976095617,0.0,False
8,3,roc_168,251,1.1599900102012166,0.021728117958165788,0.9482071713147411,0.0,False
8,3,CONTROL azar 1,251,-0.0043591020298991935,-7.90016806524809e-05,0.42231075697211157,1.0,True
8,3,CONTROL azar 2,251,0.008674198026563948,0.00023887598012026963,0.4701195219123506,0.2955,True
8,3,CONTROL azar 3,251,-0.001786679359254701,-0.00010832111646569453,0.4541832669322709,1.0,True
8,3,CONTROL azar 4,251,0.049029215306620466,0.0006358707518388818,0.5378486055776892,0.0035,True
8,3,CONTROL azar 5,251,0.008806301688722701,0.000257246675268105,0.4940239043824701,0.2425,True
8,8,n_surge,251,0.6722771592854838,0.009035814436850363,1.0,0.0,False
8,8,turnover,251,0.6518953384226396,0.008327825615559776,1.0,0.0,False
8,8,oi_rel_168,201,0.7123524429380474,0.009057281492064407,1.0,0.0,False
8,8,atr_24,251,0.512334506750717,0.020220357748853605,0.9043824701195219,0.0,False
8,8,roc_168,251,0.6355281527266395,0.010084226156663814,0.952191235059761,0.0,False
8,8,CONTROL azar 1,251,-0.011670249245751517,-0.00013633288690728478,0.4103585657370518,1.0,True
8,8,CONTROL azar 2,251,-0.0007618433471319054,2.4738776398439737e-05,0.4900398406374502,1.0,True
8,8,CONTROL azar 3,251,-0.004762884665620392,-0.0001362335149173765,0.44621513944223107,1.0,True
8,8,CONTROL azar 4,251,0.016334358514109346,0.00028505324203995834,0.549800796812749,0.0505,True
8,8,CONTROL azar 5,251,0.007562290420911744,0.00021783612498018487,0.5258964143426295,0.1295,True
8,16,n_surge,237,0.3449023820837916,0.003914928491304916,1.0,0.0,False
8,16,turnover,237,0.33728271937243137,0.0036579872332841907,1.0,0.0,False
8,16,oi_rel_168,184,0.34324626300414957,0.0033425620155357653,0.9836956521739131,0.0,False
8,16,atr_24,237,0.2397045835232672,0.012435227609401465,0.8860759493670886,0.0,False
8,16,roc_168,237,0.3121069236971853,0.0035906966731402688,0.9324894514767933,0.0,False
8,16,CONTROL azar 1,237,-0.0029209882189642046,-5.19468009828801e-05,0.459915611814346,1.0,True
8,16,CONTROL azar 2,237,0.00637849574191662,8.008016073564384e-05,0.5232067510548524,0.1345,True
8,16,CONTROL azar 3,237,-0.005057490461713001,-0.00012599305180428135,0.5021097046413502,1.0,True
8,16,CONTROL azar 4,237,0.002488703191799941,3.695857759621818e-05,0.5021097046413502,0.3495,True
8,16,CONTROL azar 5,237,-0.0031005002457818974,4.9167283181507295e-05,0.4810126582278481,1.0,True
24,3,n_surge,251,1.7822884448629237,0.02455483231117015,0.9641434262948207,0.0,False
24,3,turnover,251,1.7816699262631859,0.02319387660360914,0.9641434262948207,0.0,False
24,3,oi_rel_168,201,2.207489432883351,0.03144355584964629,0.9552238805970149,0.0,False
24,3,atr_24,251,1.5689887891765673,0.05333594456434826,0.8406374501992032,0.0,False
24,3,roc_168,251,1.8290544805163897,0.03513255028472106,0.896414342629482,0.0,False
24,3,CONTROL azar 1,251,-0.11926825813052072,-0.0010056307206550645,0.3705179282868526,1.0,True
24,3,CONTROL azar 2,251,-0.00200969575539636,-0.0002079047717380639,0.450199203187251,1.0,True
24,3,CONTROL azar 3,251,-0.041074214259834374,4.2492607857150206e-05,0.41434262948207173,1.0,True
24,3,CONTROL azar 4,251,-0.06395598602568792,-0.0007446025758973935,0.42231075697211157,1.0,True
24,3,CONTROL azar 5,251,0.0020954054556977684,-7.525746362701811e-05,0.44621513944223107,0.4915,True
24,8,n_surge,251,1.0075014367474278,0.013878766409085783,0.9681274900398407,0.0,False
24,8,turnover,251,0.9528052540404223,0.011967345235972853,0.9601593625498008,0.0,False
24,8,oi_rel_168,201,1.107753825762478,0.013622654820617657,0.9651741293532339,0.0,False
24,8,atr_24,251,0.7274376341630086,0.03350954485641019,0.8007968127490039,0.0,False
24,8,roc_168,251,0.9519030161217388,0.015591590336881258,0.900398406374502,0.0,False
24,8,CONTROL azar 1,251,-0.020266776405560998,-0.00010703777230662012,0.4342629482071713,1.0,True
24,8,CONTROL azar 2,251,0.048996618859197816,0.0004977034713962148,0.5338645418326693,0.031,True
24,8,CONTROL azar 3,251,0.027838425986646317,0.00021188648974766462,0.46215139442231074,0.127,True
24,8,CONTROL azar 4,251,-0.021369356050234024,-0.00039029035452491865,0.44223107569721115,1.0,True
24,8,CONTROL azar 5,251,0.034282982842555175,0.0004619509523167121,0.4900398406374502,0.1295,True
24,16,n_surge,237,0.5122042007146903,0.006583898743431168,0.9493670886075949,0.0,False
24,16,turnover,237,0.4952203207090611,0.0054608029674144505,0.9578059071729957,0.0,False
24,16,oi_rel_168,184,0.5281817039207753,0.0047310676026817485,0.9402173913043478,0.0,False
24,16,atr_24,237,0.3144426186337483,0.020640675955213367,0.7679324894514767,0.0,False
24,16,roc_168,237,0.4853744031123206,0.005405153816474071,0.890295358649789,0.0,False
24,16,CONTROL azar 1,237,-0.0007405807069546716,1.33023767493424e-05,0.4936708860759494,1.0,True
24,16,CONTROL azar 2,237,0.013432036648108272,0.0001970328996379325,0.5189873417721519,0.2415,True
24,16,CONTROL azar 3,237,0.006823035659497766,-2.0244779410019694e-05,0.5232067510548524,0.346,True
24,16,CONTROL azar 4,237,0.00427528405793916,-2.353273151802274e-05,0.5443037974683544,0.429,True
24,16,CONTROL azar 5,237,0.0068581143897860205,2.2620098745973926e-06,0.510548523206751,0.348,True
72,3,n_surge,251,2.8410411406789335,0.03887837958116384,0.7848605577689243,0.0,False
72,3,turnover,251,2.9445192031860623,0.03976510117060004,0.7928286852589641,0.0,False
72,3,oi_rel_168,201,3.2837687241200832,0.04796053457312717,0.8258706467661692,0.0,False
72,3,atr_24,251,2.2314403798827147,0.08807883043674353,0.7410358565737052,0.0,False
72,3,roc_168,251,2.623724234658416,0.054617232089665055,0.7450199203187251,0.0,False
72,3,CONTROL azar 1,251,-0.07629686166135766,0.00024182188325163316,0.4262948207171315,1.0,True
72,3,CONTROL azar 2,251,-0.11745723378403698,-0.0035782241476764367,0.38247011952191234,1.0,True
72,3,CONTROL azar 3,251,-0.006533546478607745,-0.00018646141567859546,0.41832669322709165,1.0,True
72,3,CONTROL azar 4,251,0.01711084374396365,0.0024465080278438093,0.4103585657370518,0.4815,True
72,3,CONTROL azar 5,251,0.1823580006918025,0.0010563359326067323,0.4342629482071713,0.197,True
72,8,n_surge,251,1.3911472440086956,0.020328559296784635,0.7928286852589641,0.0,False
72,8,turnover,251,1.3172846037373636,0.017249993176946813,0.7888446215139442,0.0,False
72,8,oi_rel_168,201,1.6623612024840677,0.020530310008721995,0.8557213930348259,0.0,False
72,8,atr_24,251,0.9877436098965422,0.055207616280689355,0.6772908366533864,0.0,False
72,8,roc_168,251,1.3969927436989404,0.023721140726839028,0.7848605577689243,0.0,False
72,8,CONTROL azar 1,251,-0.04375833597143842,-0.0005884129619300767,0.47808764940239046,1.0,True
72,8,CONTROL azar 2,251,-0.07701130700483569,-0.0021635883347555862,0.40239043824701193,1.0,True
72,8,CONTROL azar 3,251,-0.09610160533316003,-0.00156716858857713,0.42231075697211157,1.0,True
72,8,CONTROL azar 4,251,0.009641238343262706,0.0016767105995594935,0.46215139442231074,0.4615,True
72,8,CONTROL azar 5,251,0.07138625392665847,0.0002576393723225051,0.46613545816733065,0.247,True
72,16,n_surge,236,0.7107152769046221,0.009560215488151145,0.788135593220339,0.0,False
72,16,turnover,236,0.6935108945205144,0.007522286154243156,0.7669491525423728,0.0,False
72,16,oi_rel_168,184,0.8263969956434191,0.007492971350433442,0.7880434782608695,0.0,False
72,16,atr_24,236,0.3775326666171473,0.03401179817857153,0.6271186440677966,0.0,False
72,16,roc_168,236,0.6948663999651149,0.007901230316434794,0.7627118644067796,0.0,False
72,16,CONTROL azar 1,236,-0.07500851961867168,-0.0010655430804219997,0.4788135593220339,1.0,True
72,16,CONTROL azar 2,236,-0.0005059524995409281,5.153800296991014e-05,0.4322033898305085,1.0,True
72,16,CONTROL azar 3,236,0.06643479940989394,0.0005850077107141586,0.5127118644067796,0.134,True
72,16,CONTROL azar 4,236,-0.0785967218560346,-0.0007417920694370619,0.4152542372881356,1.0,True
72,16,CONTROL azar 5,236,0.061120289752355186,0.001053360624543731,0.5211864406779662,0.131,True
168,3,n_surge,249,4.521280694679424,0.06205074088547641,0.6546184738955824,0.0,False
168,3,turnover,249,4.243487237390568,0.054736986717961046,0.6104417670682731,0.0,False
168,3,oi_rel_168,199,4.606344627349659,0.06766157273589421,0.7286432160804021,0.0,False
168,3,atr_24,249,3.6314746241159552,0.12965825576322584,0.5662650602409639,0.0,False
168,3,roc_168,249,2.8307339665609734,0.06726480855465172,0.5622489959839357,0.0,False
168,3,CONTROL azar 1,249,-0.4763551904144995,-0.0031285118241903723,0.3453815261044177,1.0,True
168,3,CONTROL azar 2,249,0.021342395329493724,0.001993633585099001,0.4497991967871486,0.497,True
168,3,CONTROL azar 3,249,0.32800242657286155,0.0027848850088961446,0.39759036144578314,0.245,True
168,3,CONTROL azar 4,249,0.1892166885263686,0.00649116845734939,0.43373493975903615,0.3245,True
168,3,CONTROL azar 5,249,0.017471837097485763,0.0015864985638181985,0.43775100401606426,0.495,True
168,8,n_surge,249,2.35889865872148,0.03417494691910118,0.714859437751004,0.0,False
168,8,turnover,249,2.1224332522270215,0.028673843582842938,0.6907630522088354,0.0,False
168,8,oi_rel_168,199,2.3014236058910047,0.03129999900421126,0.7085427135678392,0.0,False
168,8,atr_24,249,1.3086407046371165,0.08156183824329317,0.5823293172690763,0.0,False
168,8,roc_168,249,1.6617524346514114,0.029958207175948433,0.6827309236947792,0.0,False
168,8,CONTROL azar 1,249,0.008514748946748328,0.0024428974043328713,0.42570281124497994,0.5045,True
168,8,CONTROL azar 2,249,-0.1745446519680724,-0.004808991654019323,0.4899598393574297,1.0,True
168,8,CONTROL azar 3,249,0.3127336621171041,0.0022737137990065845,0.4779116465863454,0.073,True
168,8,CONTROL azar 4,249,0.1597437490713652,0.005126272708923829,0.5100401606425703,0.2245,True
168,8,CONTROL azar 5,249,-0.0511070359023279,-0.002425781270468031,0.46586345381526106,1.0,True
168,16,n_surge,235,1.1346951826303264,0.016327259742312288,0.6978723404255319,0.0,False
168,16,turnover,235,0.9280290188419401,0.013239117546207994,0.6851063829787234,0.0,False
168,16,oi_rel_168,182,1.18857759839665,0.011069304291138038,0.7252747252747253,0.0,False
168,16,atr_24,235,0.43958607522992527,0.05074273862428004,0.6,0.0055,False
168,16,roc_168,235,0.8382460135947621,0.008993132632238963,0.6680851063829787,0.0,False
168,16,CONTROL azar 1,235,-0.05926032356991156,0.0004770240380556113,0.4723404255319149,1.0,True
168,16,CONTROL azar 2,235,-0.10296605093532561,-0.00294481745510277,0.5276595744680851,1.0,True
168,16,CONTROL azar 3,235,0.034020653388281474,-0.0014320870792315396,0.4851063829787234,0.417,True
168,16,CONTROL azar 4,235,0.054654361288281814,0.002614214247456778,0.48936170212765956,0.3515,True
168,16,CONTROL azar 5,235,0.053369081335350614,0.0003501825443842562,0.548936170212766,0.342,True
