hipotesis,n,wr,margen,p_indep,p,wr_pareado,vs_pareado,margen_sin_top3,margen_sin_top1,semanas_todas,semanas,sem_ok,fdr_ok,veredicto,dir
ll_amihud_spread_24 alto | vol,21953,51.232177834464544,-0.01782216553544913,0.5237550919859342,1.0,48.64451091480152,2.5876669196630218,-0.3132535707660864,-0.17076440126483305,48,44,0.45454545454545453,False,no cruza el umbral,largo
ll_amihud_spread_24 alto,22044,51.11594991834513,-0.13405008165486265,0.657230403133618,1.0,48.66486887253316,2.451081045811968,-0.4280568895456085,-0.28955833371354345,48,44,0.45454545454545453,False,no cruza el umbral,largo
ll_vol_spread_24 bajo | vol,21946,50.961450833864944,-0.28854916613504855,0.8056407454227129,1.0,48.54961797507773,2.411832858787214,-0.609390957199885,-0.41311276195716573,48,46,0.5869565217391305,False,no cruza el umbral,largo
ll_vol_spread_24 bajo,22148,50.821744627054365,-0.4282553729456282,0.9000430377125053,1.0,48.63539194582509,2.1863526812292733,-0.7075211474806835,-0.5370118074477688,48,45,0.5777777777777777,False,no cruza el umbral,largo
ll_qv_spread_24 bajo | vol,21867,50.64252069328211,-0.6074793067178845,0.9643800900795677,1.0,48.642523019832154,1.999997673449954,-0.9430803571428541,-0.8013734873234171,47,45,0.5111111111111111,False,no cruza el umbral,largo
ll_amihud_spread_12 alto,22050,50.50340136054422,-0.746598639455776,0.9869497954683878,1.0,48.633230673983356,1.8701706865608614,-1.0676277759822668,-0.8919612314709155,48,47,0.44680851063829785,False,no cruza el umbral,largo
ll_amihud_spread_12 alto | vol,21964,50.459843380076485,-0.7901566199235077,0.9906018547243377,1.0,48.630899936235075,1.8289434438414105,-1.1132676709154055,-0.9454430959468709,48,47,0.44680851063829785,False,no cruza el umbral,largo
ll_qv_spread_12 bajo,21992,50.38195707530011,-0.8680429246998855,0.9950901355199435,1.0,48.662537253830415,1.7194198214696925,-1.1875260308204858,-1.0442198646423932,48,47,0.44680851063829785,False,no cruza el umbral,largo
ll_tk_spread_6 alto,22039,50.34711193792821,-0.9028880620717814,0.9964096749880802,1.0,48.66480004833566,1.6823118895925546,-1.2315464107768932,-1.0400310388899001,48,47,0.425531914893617,False,no cruza el umbral,largo
ll_qv_spread_6 bajo,22018,50.33154691615951,-0.9184530838404825,0.9968646504546033,1.0,48.66669238792627,1.664854528233242,-1.2430674307898428,-1.0741286373395411,48,47,0.48936170212765956,False,no cruza el umbral,largo
ll_qv_spread_12 bajo | vol,21843,50.31817973721559,-0.9318202627844059,0.9971273484400098,1.0,48.64481914397269,1.6733605932428972,-1.2779720279720195,-1.1256104302957652,48,48,0.4375,False,no cruza el umbral,largo
ll_qv_spread_24 bajo,22016,50.23619186046512,-1.0138081395348735,0.9987202483849027,1.0,48.6617728985406,1.574418961924522,-1.3423616883716534,-1.1997487437185868,48,45,0.5111111111111111,False,no cruza el umbral,largo
ll_qv_spread_6 bajo | vol,21841,50.14422416556018,-1.105775834439811,0.9994738861380177,1.0,48.61906900486748,1.5251551606927052,-1.4597315436241516,-1.2776446737928424,48,47,0.46808510638297873,False,no cruza el umbral,largo
ll_tk_spread_6 alto | vol,22076,50.13589418372894,-1.1141058162710564,0.9995473963032699,1.0,48.673887462209656,1.4620067215192805,-1.4480289214331705,-1.249999999999993,48,47,0.44680851063829785,False,no cruza el umbral,largo
ll_tk_spread_24 alto | vol,21984,50.11826783114993,-1.1317321688500641,0.9996156624819952,1.0,48.63146861779008,1.486799213359852,-1.4491109464715635,-1.270588369858622,48,44,0.38636363636363635,False,no cruza el umbral,largo
ll_tk_spread_24 alto,21985,50.07505117125313,-1.1749488287468637,0.999760388512217,1.0,48.632530477092736,1.4425206941603932,-1.4954385477447332,-1.3186310395314749,48,44,0.38636363636363635,False,no cruza el umbral,largo
ll_vol_spread_24 alto,22138,50.009034239768724,-1.2409657602312691,0.99989249926356,1.0,48.62731535987188,1.3817188798968445,-1.562012480499213,-1.3658511653264185,47,45,0.37777777777777777,False,no cruza el umbral,largo
ll_amihud_lo_1 bajo | vol,21926,49.99543920459728,-1.2545607954027105,0.999901674952725,1.0,48.59852014324073,1.3969190613565559,-1.5712981369331018,-1.415243734508394,48,48,0.5416666666666666,False,no cruza el umbral,largo
ll_amihud_spread_6 alto,22080,49.841485507246375,-1.4085144927536177,0.9999862936756445,1.0,48.675565023786014,1.1659204834603614,-1.7341386942087738,-1.562058676142314,48,48,0.4583333333333333,False,no cruza el umbral,largo
ll_amihud_spread_6 alto | vol,21861,49.79644115090801,-1.4535588490919835,0.9999917040417143,1.0,48.634684164805165,1.1617569861028443,-1.7878338278931665,-1.6136531025593754,48,48,0.4583333333333333,False,no cruza el umbral,largo
ll_vol_spread_24 alto | vol,22228,49.54111930897967,-1.708880691020326,0.9999998336051066,1.0,48.64015084271595,0.9009684662637198,-2.030679327976614,-1.8405244581202709,48,45,0.35555555555555557,False,no cruza el umbral,largo
ll_amihud_hi_12 alto | vol,21974,49.5176117229453,-1.732388277054696,0.9999998658188222,1.0,48.603352978345285,0.9142587446000121,-2.075815405968072,-1.9003022531599143,48,48,0.3958333333333333,False,no cruza el umbral,largo
ll_vol_hi_1 bajo | vol,22014,49.4776051603525,-1.7723948396474896,0.9999999309777277,1.0,48.64674136288857,0.8308637974639339,-2.14696412143514,-1.9746376811594075,48,48,0.5,False,no cruza el umbral,largo
ll_vol_spread_6 alto | vol,22095,49.44105001131477,-1.808949988685221,0.9999999640180509,1.0,48.5859726892302,0.8550773220845684,-2.1019848945380843,-1.9325627957772085,48,48,0.4166666666666667,False,no cruza el umbral,largo
ll_vol_lo_1 bajo | vol,21958,49.43073139630203,-1.8192686036979637,0.9999999666990655,1.0,48.62648778754456,0.8042436087574671,-2.1561563292598507,-2.001741840850741,48,48,0.4791666666666667,False,no cruza el umbral,largo
ll_amihud_hi_12 alto,22129,49.40575715124949,-1.844242848750504,0.9999999805047957,1.0,48.61933588665857,0.7864212645909205,-2.1842147546251596,-2.011329030498608,48,48,0.375,False,no cruza el umbral,largo
ll_amihud_spread_6 bajo | vol,22128,49.38991323210412,-1.8600867678958721,0.9999999850816819,1.0,48.62294109746823,0.7669721346358926,-2.1748182571086687,-1.9774049827241242,48,48,0.4791666666666667,False,no cruza el umbral,largo
ll_qv_spread_1 alto | vol,21972,49.16712179137084,-2.082878208629154,0.9999999996866425,1.0,48.636766469630615,0.5303553217402239,-2.469173645491132,-2.271062271062263,48,48,0.5208333333333334,False,no cruza el umbral,largo
ll_amihud_hi_1 bajo,22125,49.157062146892656,-2.092937853107337,0.9999999997740271,1.0,48.6813516848683,0.4757104620243595,-2.444523568868867,-2.268459579885416,48,48,0.5416666666666666,False,no cruza el umbral,largo
ll_amihud_hi_1 bajo | vol,21951,49.136713589358116,-2.1132864106418765,0.9999999998203373,1.0,48.634974315975334,0.5017392733827819,-2.5008077171605194,-2.3208553084154957,48,48,0.5625,False,no cruza el umbral,largo
ll_qv_hi_1 bajo | vol,21909,49.13505865169565,-2.1149413483043418,0.9999999998190772,1.0,48.62757390928502,0.5074847424106324,-2.473008276691168,-2.2906616126809,48,48,0.4791666666666667,False,no cruza el umbral,largo
ll_vol_spread_12 bajo | vol,21948,49.129761253872786,-2.1202387461272068,0.9999999998422082,1.0,48.542903841745506,0.58685741212728,-2.4608492089118457,-2.2883716132581426,48,48,0.5208333333333334,False,no cruza el umbral,largo
ll_qv_spread_1 alto,22041,49.08579465541491,-2.164205344585085,0.9999999999381808,1.0,48.648668789515455,0.43712586589945346,-2.5528639948346594,-2.35218611656245,48,48,0.5208333333333334,False,no cruza el umbral,largo
ll_vol_spread_6 alto,22062,49.03000634575288,-2.219993654247112,0.9999999999799402,1.0,48.58608983981899,0.44391650593389187,-2.5137210589428918,-2.339334548769365,48,48,0.3958333333333333,False,no cruza el umbral,largo
ll_amihud_spread_6 bajo,22132,48.97885414784023,-2.271145852159762,0.9999999999933953,1.0,48.62988803351559,0.3489661143246394,-2.605206847360904,-2.395454545454534,48,48,0.4583333333333333,False,no cruza el umbral,largo
ll_vol_spread_12 bajo,22102,48.93674780562845,-2.313252194371543,0.9999999999971506,1.0,48.606652251166906,0.3300955544615434,-2.61725033319545,-2.4648512148512083,48,48,0.5,False,no cruza el umbral,largo
ll_tk_spread_24 bajo | vol,21936,48.905908096280086,-2.3440919037199066,0.9999999999982057,1.0,48.61407921688964,0.2918288793904438,-2.6474001857010094,-2.4840581704743485,48,46,0.45652173913043476,False,no cruza el umbral,largo
ll_vol_hi_1 bajo,22227,48.89548747019391,-2.3545125298060796,0.9999999999989633,1.0,48.68580204881277,0.20968542138114543,-2.701979972690026,-2.53762163385381,48,48,0.4791666666666667,False,no cruza el umbral,largo
ll_amihud_lo_1 bajo,22103,48.87119395557164,-2.3788060444283516,0.9999999999992901,1.0,48.654831498295046,0.21636245727659542,-2.6986109837718857,-2.5217841379624133,48,48,0.5416666666666666,False,no cruza el umbral,largo
ll_tk_spread_1 bajo,22081,48.87006929034011,-2.379930709659881,0.9999999999992892,1.0,48.66708528720852,0.20298400313158993,-2.6976717381281645,-2.5436139200145647,48,48,0.4583333333333333,False,no cruza el umbral,largo
ll_qv_lo_1 bajo | vol,21969,48.83699758750967,-2.4130024124903215,0.9999999999996027,1.0,48.643575289112604,0.19342229839706704,-2.789880129091742,-2.6084093095707033,48,48,0.5208333333333334,False,no cruza el umbral,largo
ll_vol_lo_1 bajo,22081,48.81572392554685,-2.4342760744531446,0.9999999999997814,1.0,48.664810970853864,0.15091295469298416,-2.7550938090628208,-2.5915023003689583,48,48,0.5208333333333334,False,no cruza el umbral,largo
ll_tk_hi_1 bajo | vol,21966,48.76627515250842,-2.4837248474915725,0.9999999999999155,1.0,48.63407513726848,0.1322000152399383,-2.8600634758837913,-2.6775239448237897,48,48,0.5,False,no cruza el umbral,largo
ll_amihud_hi_6 alto,22013,48.734838504520056,-2.515161495479937,0.9999999999999607,1.0,48.61478015029316,0.1200583542268987,-2.8207893158647366,-2.668650340384694,48,48,0.4375,False,no cruza el umbral,largo
ll_tk_lo_1 bajo | vol,21983,48.7331119501433,-2.5168880498566963,0.9999999999999607,1.0,48.61405385149611,0.1190580986471872,-2.885191156149233,-2.7104889662118765,48,48,0.5208333333333334,False,no cruza el umbral,largo
ll_amihud_hi_6 alto | vol,21959,48.68163395418735,-2.5683660458126454,0.9999999999999873,1.0,48.59522886911202,0.08640508507532729,-2.89199814986123,-2.734196060467241,48,48,0.4166666666666667,False,no cruza el umbral,largo
ll_vol_spread_1 bajo,22142,48.6541414506368,-2.595858549363193,0.9999999999999949,1.0,48.68095183438916,-0.026810383752362554,-2.966698797392816,-2.771897147010712,48,48,0.4791666666666667,False,no cruza el umbral,largo
ll_tk_spread_1 bajo | vol,22030,48.59282796187018,-2.657172038129815,0.9999999999999986,1.0,48.63649837032294,-0.04367040845276193,-2.9942129094857393,-2.8276976117630923,48,48,0.4583333333333333,False,no cruza el umbral,largo
ll_qv_lo_1 bajo,22147,48.57091253894433,-2.6790874610556656,0.9999999999999993,1.0,48.67483843631676,-0.1039258973724344,-3.0423532381695466,-2.8533793604651123,48,48,0.5208333333333334,False,no cruza el umbral,largo
ll_qv_lo_24 bajo | vol,21679,48.549287328751326,-2.7007126712486667,0.9999999999999991,1.0,48.56404442252957,-0.014757093778243302,-3.0766660413637794,-2.8811924900083596,47,45,0.4666666666666667,False,no cruza el umbral,largo
ll_amihud_hi_24 bajo | vol,21667,48.46079291087829,-2.789207089121703,0.9999999999999999,1.0,48.54600494025855,-0.08521202938025851,-3.1953700661754283,-2.979749837254708,47,46,0.5217391304347826,False,no cruza el umbral,largo
ll_tk_spread_24 bajo,22117,48.41976759958403,-2.830232400415966,1.0,1.0,48.634984365522186,-0.21521676593815897,-3.095884735776089,-2.950773078672114,48,46,0.45652173913043476,False,no cruza el umbral,largo
ll_vol_spread_1 bajo | vol,22085,48.39483812542449,-2.8551618745755007,1.0,1.0,48.663472968272714,-0.2686348428482219,-3.2388186234075604,-3.0426290374014755,48,48,0.4583333333333333,False,no cruza el umbral,largo
ll_vol_spread_12 alto | vol,22097,48.32330180567498,-2.926698194325013,1.0,1.0,48.62316211356838,-0.2998603078933968,-3.2680196745426073,-3.045875631629258,48,47,0.40425531914893614,False,no cruza el umbral,largo
ll_vol_lo_12 bajo | vol,21781,48.31734080161609,-2.9326591983839023,1.0,1.0,48.601832149205464,-0.28449134758937333,-3.290436038386275,-3.1177762367082664,48,48,0.4791666666666667,False,no cruza el umbral,largo
ll_vol_hi_24 bajo | vol,21707,48.297784124936655,-2.952215875063338,1.0,1.0,48.50933964214265,-0.2115555172059942,-3.3549677238282243,-3.141565705797696,48,46,0.5434782608695652,False,no cruza el umbral,largo
ll_qv_lo_12 alto | vol,21978,48.284648284648284,-2.9653517153517086,1.0,1.0,48.60440393718575,-0.3197556525374665,-3.3099944449587966,-3.1227106227106134,48,48,0.3958333333333333,False,no cruza el umbral,largo
ll_qv_lo_12 alto,22071,48.25789497530696,-2.992105024693032,1.0,1.0,48.6393652008059,-0.38147022549893705,-3.3194259012015976,-3.1413499225230126,48,48,0.375,False,no cruza el umbral,largo
ll_amihud_spread_1 bajo | vol,21952,48.22795189504373,-3.022048104956262,1.0,1.0,48.67977951207914,-0.45182761703541274,-3.3699538638984947,-3.219370443394922,48,48,0.5,False,no cruza el umbral,largo
ll_qv_hi_1 bajo,22099,48.19675098420743,-3.0532490157925594,1.0,1.0,48.67123756441394,-0.47448658020650925,-3.3914159941305897,-3.2161387220098234,48,48,0.4791666666666667,False,no cruza el umbral,largo
ll_tk_lo_24 bajo | vol,21657,48.169183174031495,-3.0808168259684976,1.0,1.0,48.54916758435638,-0.3799844103248873,-3.4940557144866986,-3.287967615857056,47,46,0.4782608695652174,False,no cruza el umbral,largo
ll_amihud_lo_12 bajo,22066,48.16912897670625,-3.0808710232937457,1.0,1.0,48.661517111656984,-0.49238813495073686,-3.3965632030855346,-3.2463536918869593,48,48,0.4583333333333333,False,no cruza el umbral,largo
ll_amihud_spread_1 bajo,22126,48.13793726837205,-3.112062731627944,1.0,1.0,48.67902726742137,-0.5410899990493192,-3.4562879205736294,-3.2985653221772466,48,48,0.5,False,no cruza el umbral,largo
ll_vol_hi_12 alto | vol,22015,48.130819895525775,-3.119180104474218,1.0,1.0,48.63417718428554,-0.5033572887597657,-3.475711119320273,-3.2768726292216925,48,48,0.3541666666666667,False,no cruza el umbral,largo
ll_amihud_spread_12 bajo | vol,22048,48.10867198838897,-3.141328011611023,1.0,1.0,48.64247256024923,-0.5338005718602616,-3.436561994920339,-3.2711698147641144,48,48,0.4166666666666667,False,no cruza el umbral,largo
ll_tk_hi_24 bajo | vol,21646,48.07354707567218,-3.176452924327812,1.0,1.0,48.50889281986429,-0.43534574419211225,-3.582676241434335,-3.363594040968337,48,46,0.5,False,no cruza el umbral,largo
ll_vol_spread_12 alto,22097,48.05177173371951,-3.1982282662804806,1.0,1.0,48.64026523024251,-0.5884934965230002,-3.5348473703567365,-3.316266156926993,48,47,0.425531914893617,False,no cruza el umbral,largo
ll_amihud_spread_12 bajo,22065,48.02175390890551,-3.2282460910944835,1.0,1.0,48.646483027528056,-0.6247291186225468,-3.520000922764595,-3.3537516524593087,48,48,0.3958333333333333,False,no cruza el umbral,largo
ll_vol_hi_12 alto,22173,48.008839579668965,-3.2411604203310276,1.0,1.0,48.637173273617464,-0.6283336939484983,-3.5942870892341503,-3.3911722010524343,48,48,0.3541666666666667,False,no cruza el umbral,largo
ll_qv_lo_6 alto | vol,21922,47.99288386096159,-3.257116139038402,1.0,1.0,48.629950693219804,-0.6370668322582134,-3.6280826997960247,-3.446062233236951,48,48,0.4375,False,no cruza el umbral,largo
ll_qv_lo_6 alto,22086,47.939871411754055,-3.310128588245938,1.0,1.0,48.64250195085291,-0.7026305390988554,-3.6504414604984774,-3.4813296903460795,48,48,0.4166666666666667,False,no cruza el umbral,largo
ll_amihud_lo_12 bajo | vol,21668,47.90935942403544,-3.3406405759645494,1.0,1.0,48.60576025093506,-0.6964008268996196,-3.7203788694796955,-3.546179232127905,48,48,0.4375,False,no cruza el umbral,largo
ll_amihud_spread_1 alto | vol,22053,47.89824513671609,-3.351754863283901,1.0,1.0,48.62825654962771,-0.7300114129116153,-3.67184974834926,-3.482814851981928,48,48,0.4375,False,no cruza el umbral,largo
ll_amihud_lo_24 bajo | vol,21621,47.89787706396559,-3.352122936034405,1.0,1.0,48.5616869779243,-0.6638099139587155,-3.7591626726811285,-3.545074327787873,48,44,0.45454545454545453,False,no cruza el umbral,largo
ll_amihud_spread_1 alto,22067,47.858793673811576,-3.391206326188417,1.0,1.0,48.640878283244746,-0.7820846094331699,-3.7142362713428625,-3.526767400519617,48,48,0.4583333333333333,False,no cruza el umbral,largo
ll_qv_spread_6 alto | vol,22061,47.85821132314945,-3.3917886768505454,1.0,1.0,48.632243039976295,-0.7740317168268476,-3.7329241277459744,-3.5160952033558175,48,48,0.4166666666666667,False,no cruza el umbral,largo
ll_tk_lo_1 bajo,22122,47.82117349245095,-3.42882650754904,1.0,1.0,48.65595325955495,-0.8347797671039956,-3.7831863488126345,-3.607568317191827,48,48,0.4791666666666667,False,no cruza el umbral,largo
ll_qv_spread_6 alto,22051,47.80735567547957,-3.4426443245204226,1.0,1.0,48.639229116445954,-0.8318734409663833,-3.7703101920236293,-3.564920403229479,48,48,0.4166666666666667,False,no cruza el umbral,largo
ll_tk_spread_12 bajo | vol,21945,47.76030986557303,-3.489690134426965,1.0,1.0,48.62893364776449,-0.8686237821914631,-3.8266016713091844,-3.6510457276521464,48,48,0.4583333333333333,False,no cruza el umbral,largo
ll_vol_lo_24 bajo | vol,21627,47.75049706385537,-3.499502936144623,1.0,1.0,48.58276881992036,-0.8322717560649906,-3.9055743560819636,-3.70618941088739,48,45,0.4666666666666667,False,no cruza el umbral,largo
ll_tk_lo_12 alto | vol,22015,47.73563479445833,-3.514365205541665,1.0,1.0,48.61598554682992,-0.8803507523715908,-3.9020051746442377,-3.6956024867434607,48,48,0.3541666666666667,False,no cruza el umbral,largo
ll_vol_hi_24 bajo,22159,47.70973419378131,-3.5402658062186845,1.0,1.0,48.62363689003292,-0.9139026962516112,-3.852927721866415,-3.673747276688445,47,43,0.4883720930232558,False,no cruza el umbral,largo
ll_qv_hi_12 bajo | vol,21690,47.70401106500692,-3.545988934993076,1.0,1.0,48.595826719390594,-0.8918156543836773,-3.932538940081379,-3.747678737233052,48,48,0.4166666666666667,False,no cruza el umbral,largo
ll_vol_spread_1 alto,22093,47.693839677725975,-3.5561603222740175,1.0,1.0,48.63538706299574,-0.9415473852697644,-3.8629032258064413,-3.6602143930083244,48,48,0.4375,False,no cruza el umbral,largo
ll_vol_hi_6 bajo,22191,47.69050515974945,-3.5594948402505437,1.0,1.0,48.59016429324628,-0.8996591334968329,-3.90974477427617,-3.731755133493486,48,48,0.5416666666666666,False,no cruza el umbral,largo
ll_tk_lo_12 bajo | vol,21815,47.64153105661242,-3.608468943387571,1.0,1.0,48.60078839254818,-0.9592573359357601,-4.000011623041509,-3.814043387952914,47,47,0.46808510638297873,False,no cruza el umbral,largo
ll_amihud_hi_24 alto,22092,47.628100669925765,-3.6218993300742284,1.0,1.0,48.62047153557079,-0.9923708656450287,-3.9766875114953066,-3.7790234463919816,48,48,0.375,False,no cruza el umbral,largo
ll_tk_hi_1 bajo,22159,47.60142605713254,-3.6485739428674506,1.0,1.0,48.68634583608708,-1.0849197789545357,-4.0128743064153625,-3.8261496209541903,48,48,0.5208333333333334,False,no cruza el umbral,largo
ll_qv_hi_12 bajo,22056,47.583424011606816,-3.666575988393177,1.0,1.0,48.63951851645453,-1.0560945048477137,-3.9939724454649763,-3.844382637242383,48,48,0.4583333333333333,False,no cruza el umbral,largo
ll_qv_hi_6 bajo | vol,21863,47.57809998627819,-3.671900013721803,1.0,1.0,48.5338145569276,-0.9557145706494126,-4.0279069226835205,-3.851049627106157,48,48,0.5208333333333334,False,no cruza el umbral,largo
ll_qv_hi_24 bajo | vol,21651,47.56824165165581,-3.6817583483441823,1.0,1.0,48.54593901097853,-0.9776973593227183,-4.086829508658305,-3.874965093549278,48,46,0.43478260869565216,False,no cruza el umbral,largo
ll_tk_spread_12 alto | vol,22032,47.55809731299927,-3.69190268700072,1.0,1.0,48.66013272573845,-1.102035412739177,-4.026494502448486,-3.8361675416571543,48,46,0.43478260869565216,False,no cruza el umbral,largo
ll_tk_spread_12 alto,22041,47.53867791842475,-3.71132208157524,1.0,1.0,48.6580682173244,-1.1193902988996456,-4.041503117063023,-3.8556402299899517,48,46,0.43478260869565216,False,no cruza el umbral,largo
ll_tk_spread_12 bajo,22093,47.5308921377812,-3.7191078622187916,1.0,1.0,48.64267564092586,-1.1117835031446575,-4.033153626393876,-3.8585768915596788,48,48,0.4583333333333333,False,no cruza el umbral,largo
ll_amihud_lo_1 alto | vol,21887,47.530497555626624,-3.7195024443733686,1.0,1.0,48.64406452381233,-1.113566968185708,-4.057629681321231,-3.880368803458097,48,48,0.4166666666666667,False,no cruza el umbral,largo
ll_amihud_spread_24 bajo,22094,47.524214718928214,-3.7257852810717793,1.0,1.0,48.68645066940268,-1.162235950474468,-4.04749285648446,-3.86312938177182,48,47,0.40425531914893614,False,no cruza el umbral,largo
ll_tk_lo_12 alto,22080,47.50452898550724,-3.7454710144927503,1.0,1.0,48.621734344491124,-1.117205358983881,-4.124833126179617,-3.9151480637813094,48,48,0.3541666666666667,False,no cruza el umbral,largo
ll_vol_lo_12 bajo,22123,47.489038557157706,-3.7609614428422873,1.0,1.0,48.694020398337415,-1.204981841179709,-4.111397479954171,-3.942132787630733,48,48,0.4375,False,no cruza el umbral,largo
ll_amihud_hi_24 alto | vol,22022,47.47979293433839,-3.7702070656616016,1.0,1.0,48.62598616858298,-1.146193234244592,-4.123616236162356,-3.933015938256375,48,48,0.375,False,no cruza el umbral,largo
ll_qv_hi_24 bajo,22193,47.469922948677514,-3.780077051322479,1.0,1.0,48.657514547497854,-1.1875915988203403,-4.114059930568239,-3.9352481305234477,48,43,0.4186046511627907,False,no cruza el umbral,largo
ll_amihud_spread_24 bajo | vol,21987,47.455314504025104,-3.794685495974889,1.0,1.0,48.66075661318578,-1.2054421091606784,-4.144054454528607,-3.9432405839549602,48,46,0.41304347826086957,False,no cruza el umbral,largo
ll_qv_hi_12 alto | vol,21993,47.39689901332242,-3.8531009866775747,1.0,1.0,48.63230300284031,-1.2354039895178914,-4.2602654212521855,-4.024600850908087,48,47,0.40425531914893614,False,no cruza el umbral,largo
ll_vol_lo_6 bajo,22073,47.37009015539347,-3.879909844606523,1.0,1.0,48.59580582849248,-1.2257156730990104,-4.204118348077181,-4.054739120528588,48,48,0.5625,False,no cruza el umbral,largo
ll_amihud_lo_1 alto,22122,47.301328993761864,-3.948671006238129,1.0,1.0,48.679894773316995,-1.3785657795551316,-4.278350515463913,-4.082590706556324,48,48,0.4166666666666667,False,no cruza el umbral,largo
ll_tk_lo_6 alto | vol,21957,47.287880858040715,-3.9621191419592776,1.0,1.0,48.64851418660414,-1.3606333285634236,-4.333904426745683,-4.148583932908657,48,48,0.4166666666666667,False,no cruza el umbral,largo
ll_vol_lo_12 alto | vol,21889,47.279455434236375,-3.9705445657636176,1.0,1.0,48.598361702197025,-1.3189062679606494,-4.354377730272319,-4.13059221113614,48,48,0.3958333333333333,False,no cruza el umbral,largo
ll_vol_hi_6 bajo | vol,21935,47.271483929792566,-3.9785160702074265,1.0,1.0,48.57436480409011,-1.3028808742975428,-4.3600921680329705,-4.170662598081947,48,48,0.5208333333333334,False,no cruza el umbral,largo
ll_qv_lo_24 bajo,22180,47.22723174030658,-4.0227682596934144,1.0,1.0,48.650255681881,-1.4230239415744208,-4.322880968700012,-4.154366752822739,45,43,0.4186046511627907,False,no cruza el umbral,largo
ll_vol_spread_1 alto | vol,22007,47.20316263007225,-4.046837369927744,1.0,1.0,48.61160532151988,-1.4084426914476325,-4.3563514826294,-4.159182320947025,48,48,0.4166666666666667,False,no cruza el umbral,largo
ll_vol_hi_6 alto | vol,21931,47.16611189640235,-4.083888103597644,1.0,1.0,48.597632723979025,-1.4315208275766764,-4.4197624988448325,-4.250275254610507,48,48,0.3958333333333333,False,no cruza el umbral,largo
ll_tk_hi_12 bajo | vol,21814,47.08444118456037,-4.165558815439624,1.0,1.0,48.567954442103144,-1.483513257542775,-4.55574669890273,-4.367932148626814,48,48,0.4791666666666667,False,no cruza el umbral,largo
ll_qv_spread_1 bajo | vol,22033,47.06576498888032,-4.184235011119675,1.0,1.0,48.63750377661511,-1.5717387877347946,-4.521715638938694,-4.349607413494013,48,48,0.4583333333333333,False,no cruza el umbral,largo
ll_amihud_hi_24 bajo,22112,47.06041968162084,-4.18958031837915,1.0,1.0,48.63853782385686,-1.5781181422360149,-4.495802644219765,-4.322269977714093,46,41,0.4146341463414634,False,no cruza el umbral,largo
ll_vol_hi_24 alto,22167,47.0429016105021,-4.207098389497894,1.0,1.0,48.617622539853386,-1.5747209293512867,-4.571109328443725,-4.337427975137238,48,46,0.3695652173913043,False,no cruza el umbral,largo
ll_tk_spread_6 bajo | vol,22051,47.04095052378577,-4.209049476214226,1.0,1.0,48.632657032853416,-1.5917065090676488,-4.54089986624232,-4.365591643098249,48,48,0.4375,False,no cruza el umbral,largo
ll_qv_hi_12 alto,22148,47.03810727830955,-4.21189272169044,1.0,1.0,48.64592104365952,-1.6078137653499667,-4.61392840752638,-4.379257879916423,48,47,0.40425531914893614,False,no cruza el umbral,largo
ll_vol_lo_6 alto,22039,47.021189709151955,-4.228810290848038,1.0,1.0,48.65723212750341,-1.6360424183514581,-4.59719334719334,-4.406237162809795,48,47,0.40425531914893614,False,no cruza el umbral,largo
ll_qv_spread_1 bajo,22052,47.0116089243606,-4.238391075639392,1.0,1.0,48.65665580179833,-1.6450468774377285,-4.566490583371603,-4.396661802261939,48,48,0.4375,False,no cruza el umbral,largo
ll_tk_lo_6 alto,22079,47.0084695864849,-4.241530413515093,1.0,1.0,48.65341553636887,-1.6449459498839687,-4.583946896139146,-4.406887755102034,48,48,0.4166666666666667,False,no cruza el umbral,largo
ll_vol_lo_12 alto,22062,47.003898105339495,-4.246101894660498,1.0,1.0,48.62207988570587,-1.6181817803663776,-4.633701110240935,-4.407342816760128,48,48,0.4166666666666667,False,no cruza el umbral,largo
ll_amihud_lo_6 bajo,22074,46.94663404910755,-4.303365950892442,1.0,1.0,48.59938965030277,-1.6527556011952171,-4.623189238905489,-4.469118786166668,48,48,0.5416666666666666,False,no cruza el umbral,largo
ll_vol_spread_6 bajo | vol,22022,46.939424212151486,-4.3105757878485065,1.0,1.0,48.599453456463905,-1.660029244312419,-4.67377260981911,-4.471531712666781,48,48,0.5416666666666666,False,no cruza el umbral,largo
ll_tk_hi_24 bajo,22153,46.86047036518756,-4.389529634812433,1.0,1.0,48.65034907367929,-1.7898787084917274,-4.708516081871338,-4.528241917907728,46,40,0.375,False,no cruza el umbral,largo
ll_tk_spread_6 bajo,22137,46.85820120160817,-4.391798798391825,1.0,1.0,48.65488897611917,-1.7966877745109997,-4.726623495912548,-4.5485006815083935,48,48,0.4375,False,no cruza el umbral,largo
ll_amihud_lo_6 bajo | vol,21832,46.82117991938439,-4.428820080615601,1.0,1.0,48.555097798144054,-1.7339178787596623,-4.807826288899207,-4.627910998385971,48,48,0.5625,False,no cruza el umbral,largo
ll_qv_hi_6 bajo,22090,46.754187415119965,-4.495812584880028,1.0,1.0,48.581155881595734,-1.826968466475769,-4.8140708693860645,-4.659504734158766,48,48,0.5,False,no cruza el umbral,largo
ll_vol_hi_6 alto,22070,46.72405980969642,-4.525940190303572,1.0,1.0,48.62889056500113,-1.9048307553047081,-4.869513094798961,-4.681149184361608,48,48,0.4166666666666667,False,no cruza el umbral,largo
ll_tk_hi_12 alto | vol,21985,46.62269729360928,-4.627302706390715,1.0,1.0,48.61029564965753,-1.9875983560482524,-5.030696480599353,-4.808841030805134,48,48,0.3541666666666667,False,no cruza el umbral,largo
ll_amihud_lo_12 alto,22075,46.582106455266135,-4.667893544733857,1.0,1.0,48.632057567845045,-2.04995111257891,-5.050819558911542,-4.8290768669977595,48,47,0.3617021276595745,False,no cruza el umbral,largo
ll_vol_lo_6 alto | vol,21866,46.53343089728346,-4.716569102716534,1.0,1.0,48.620704975633316,-2.087274078349857,-5.135937936818557,-4.928298499217377,48,47,0.425531914893617,False,no cruza el umbral,largo
ll_qv_lo_1 alto | vol,21944,46.53208166241342,-4.717918337586575,1.0,1.0,48.65198031825312,-2.1198986558397053,-5.062989662046263,-4.84959647835656,48,48,0.375,False,no cruza el umbral,largo
ll_vol_spread_6 bajo,22169,46.51540439352249,-4.734595606477505,1.0,1.0,48.64136280023429,-2.1259584067118027,-5.07356988852699,-4.872793884125038,48,48,0.5208333333333334,False,no cruza el umbral,largo
ll_vol_hi_24 alto | vol,22151,46.508058326937835,-4.741941673062158,1.0,1.0,48.63897348405391,-2.1309151571160783,-5.110260407115341,-4.8674655047204,48,47,0.3617021276595745,False,no cruza el umbral,largo
ll_vol_hi_1 alto | vol,21975,46.389078498293514,-4.860921501706478,1.0,1.0,48.633259387019464,-2.24418088872595,-5.1738395256184475,-4.983461520853361,48,48,0.4166666666666667,False,no cruza el umbral,largo
ll_qv_spread_12 alto,22044,46.375430956269284,-4.874569043730709,1.0,1.0,48.68199473485533,-2.306563778586046,-5.267733444167355,-5.028406498129044,48,47,0.425531914893617,False,no cruza el umbral,largo
ll_tk_hi_12 alto,22055,46.3613693040127,-4.888630695987295,1.0,1.0,48.638184904620346,-2.276815600607648,-5.275160130869537,-5.0635206641729695,48,48,0.3541666666666667,False,no cruza el umbral,largo
ll_vol_hi_12 bajo | vol,21820,46.338221814848765,-4.911778185151228,1.0,1.0,48.554717278687335,-2.2164954638385694,-5.320253693894614,-5.1330695399381625,48,48,0.4791666666666667,False,no cruza el umbral,largo
ll_vol_hi_1 alto,22071,46.336822074215036,-4.913177925784957,1.0,1.0,48.66127013093257,-2.324448056717536,-5.239116399188333,-5.036567028160022,48,48,0.4375,False,no cruza el umbral,largo
ll_qv_lo_6 bajo | vol,21933,46.31377376555875,-4.936226234441243,1.0,1.0,48.552878724655706,-2.239104959096956,-5.28732446415372,-5.118747131711785,48,48,0.5416666666666666,False,no cruza el umbral,largo
ll_tk_hi_12 bajo,22099,46.3052626815693,-4.94473731843069,1.0,1.0,48.64412204735751,-2.3388593657882097,-5.266569780747922,-5.121011788266344,48,48,0.4791666666666667,False,no cruza el umbral,largo
ll_qv_spread_12 alto | vol,22008,46.2649945474373,-4.985005452562696,1.0,1.0,48.6508249090011,-2.385830361563805,-5.380645832370206,-5.142571428571422,48,47,0.425531914893617,False,no cruza el umbral,largo
ll_amihud_lo_12 alto | vol,21992,46.257730083666786,-4.992269916333207,1.0,1.0,48.59433591271516,-2.3366058290483736,-5.393161009895486,-5.161969253294281,48,47,0.3617021276595745,False,no cruza el umbral,largo
ll_qv_lo_12 bajo | vol,21806,46.23498119783546,-5.015018802164533,1.0,1.0,48.586863001180596,-2.3518818033451367,-5.397272388754409,-5.214442392057251,48,47,0.5106382978723404,False,no cruza el umbral,largo
ll_tk_lo_24 bajo,22106,46.231792273590884,-5.018207726409109,1.0,1.0,48.64698585176189,-2.4151935781710065,-5.35428970379526,-5.172460866399703,47,45,0.4,False,no cruza el umbral,largo
ll_tk_spread_1 alto,22004,46.21432466824214,-5.035675331757851,1.0,1.0,48.65978012714153,-2.4454554588993886,-5.424766268629078,-5.199894852336101,48,48,0.4583333333333333,False,no cruza el umbral,largo
ll_tk_hi_6 bajo | vol,21938,46.17102744097001,-5.078972559029985,1.0,1.0,48.54665707285723,-2.3756296318872216,-5.43707828819668,-5.2564249655805355,48,48,0.5625,False,no cruza el umbral,largo
ll_vol_lo_6 bajo | vol,21879,46.158416746652044,-5.091583253347949,1.0,1.0,48.556337119376316,-2.397920372724272,-5.479824317433824,-5.302934407364781,48,48,0.5625,False,no cruza el umbral,largo
ll_tk_spread_1 alto | vol,22004,46.12797673150336,-5.122023268496633,1.0,1.0,48.66669257999065,-2.5387158484872927,-5.510193455824492,-5.28885714285714,48,48,0.4583333333333333,False,no cruza el umbral,largo
ll_tk_lo_6 bajo,22180,46.10009017132552,-5.149909828674474,1.0,1.0,48.58700094718912,-2.486910775863599,-5.505903349807795,-5.322192998367491,48,48,0.5416666666666666,False,no cruza el umbral,largo
ll_tk_lo_6 bajo | vol,21955,46.098838533363704,-5.151161466636289,1.0,1.0,48.54582420432456,-2.4469856709608564,-5.527272517427626,-5.337012332095533,48,48,0.5416666666666666,False,no cruza el umbral,largo
ll_tk_lo_24 alto | vol,22041,46.07322716755139,-5.176772832448606,1.0,1.0,48.63567340007191,-2.5624462325205215,-5.536768436102008,-5.313426876568556,48,47,0.40425531914893614,False,no cruza el umbral,largo
ll_qv_hi_1 alto,22057,46.05340708165208,-5.1965929183479105,1.0,1.0,48.66999785617737,-2.616590774525285,-5.570132927166988,-5.356059915188538,48,48,0.4166666666666667,False,no cruza el umbral,largo
ll_qv_lo_1 alto,22183,46.044268133255194,-5.205731866744799,1.0,1.0,48.686217870327596,-2.6419497370724017,-5.541353038369735,-5.323536745704303,48,48,0.375,False,no cruza el umbral,largo
ll_amihud_lo_24 bajo,22109,45.99484372879823,-5.255156271201763,1.0,1.0,48.6572819579439,-2.662438229145671,-5.605400696864102,-5.414581722239909,47,44,0.4090909090909091,False,no cruza el umbral,largo
ll_tk_lo_1 alto | vol,21903,45.96174040085833,-5.288259599141661,1.0,1.0,48.61920268022148,-2.657462279363145,-5.639711685779275,-5.435426812459788,48,48,0.3958333333333333,False,no cruza el umbral,largo
ll_tk_lo_12 bajo,22095,45.951572754016745,-5.298427245983248,1.0,1.0,48.66490512019629,-2.713332366179543,-5.657656729404216,-5.486284998861819,47,47,0.44680851063829785,False,no cruza el umbral,largo
ll_tk_hi_6 alto | vol,21951,45.94323721014988,-5.3067627898501115,1.0,1.0,48.650940154482136,-2.7077029443322544,-5.6724909980611145,-5.511220373171959,48,48,0.4166666666666667,False,no cruza el umbral,largo
ll_tk_lo_24 alto,22151,45.939235248972956,-5.310764751027037,1.0,1.0,48.62276321918229,-2.683527970209333,-5.669052863436114,-5.449963675989828,48,47,0.3829787234042553,False,no cruza el umbral,largo
ll_vol_lo_24 alto,22116,45.853680593235666,-5.396319406764327,1.0,1.0,48.63735205138904,-2.7836714581533712,-5.785845588235283,-5.570931501864813,48,48,0.3958333333333333,False,no cruza el umbral,largo
ll_amihud_lo_24 alto,22131,45.83163887759252,-5.418361122407475,1.0,1.0,48.62985077544024,-2.7982118978477217,-5.826349024110208,-5.59258964686633,48,47,0.3829787234042553,False,no cruza el umbral,largo
ll_qv_lo_24 alto,22049,45.82520749240329,-5.424792507596706,1.0,1.0,48.60532661459839,-2.780119122195103,-5.811791539950228,-5.606354347231083,48,47,0.3404255319148936,False,no cruza el umbral,largo
ll_qv_lo_6 bajo,22125,45.81694915254238,-5.433050847457615,1.0,1.0,48.58481697905764,-2.767867826515264,-5.766217954608095,-5.593379244511105,48,48,0.5625,False,no cruza el umbral,largo
ll_qv_hi_1 alto | vol,21916,45.81127943055302,-5.438720569446971,1.0,1.0,48.63605534560921,-2.824775915056186,-5.812693677443221,-5.619690011481055,48,48,0.3958333333333333,False,no cruza el umbral,largo
ll_tk_hi_6 bajo,22139,45.765391390758396,-5.484608609241597,1.0,1.0,48.60190152842478,-2.8365101376663873,-5.801686317521245,-5.655016129765087,48,48,0.5625,False,no cruza el umbral,largo
ll_vol_lo_24 alto | vol,21941,45.65881226926758,-5.591187730732415,1.0,1.0,48.62500524913935,-2.9661929798717708,-5.9934768503499,-5.773361914805804,48,48,0.375,False,no cruza el umbral,largo
ll_tk_lo_1 alto,22088,45.631111915972475,-5.6188880840275175,1.0,1.0,48.65105389730143,-3.019941981328955,-5.951681640175067,-5.74412621801293,48,48,0.3958333333333333,False,no cruza el umbral,largo
ll_amihud_hi_12 bajo | vol,21829,45.622795363965366,-5.627204636034627,1.0,1.0,48.58028970468254,-2.957494340717176,-6.025176514306942,-5.829835808504747,48,48,0.5,False,no cruza el umbral,largo
ll_amihud_hi_6 bajo | vol,21943,45.59540627990703,-5.6545937200929615,1.0,1.0,48.55480281515854,-2.959396535251507,-6.021247864826179,-5.833811052510889,48,48,0.5208333333333334,False,no cruza el umbral,largo
ll_qv_lo_24 alto | vol,22043,45.59270516717325,-5.657294832826743,1.0,1.0,48.635280577088054,-3.0425754099148037,-6.054500184433785,-5.843163875325146,48,48,0.3541666666666667,False,no cruza el umbral,largo
ll_amihud_lo_24 alto | vol,22051,45.57616434628815,-5.673835653711841,1.0,1.0,48.62996539844877,-3.0538010521606154,-6.097632658706367,-5.862226277372251,48,47,0.3829787234042553,False,no cruza el umbral,largo
ll_amihud_hi_1 alto,22106,45.57586175698905,-5.674138243010944,1.0,1.0,48.65952091968347,-3.083659162694424,-6.004777803361726,-5.797108866748552,48,48,0.3958333333333333,False,no cruza el umbral,largo
ll_vol_lo_1 alto | vol,21907,45.57447391244808,-5.675526087551916,1.0,1.0,48.662753381080584,-3.088279468632507,-6.072830074768952,-5.850606673407476,48,48,0.375,False,no cruza el umbral,largo
ll_tk_hi_24 alto,22075,45.56285390713477,-5.68714609286522,1.0,1.0,48.62169161942923,-3.058837712294455,-6.084552901652167,-5.853854389721619,48,46,0.391304347826087,False,no cruza el umbral,largo
ll_amihud_lo_6 alto | vol,21909,45.52467022684741,-5.7253297731525805,1.0,1.0,48.62966876950328,-3.1049985426558706,-6.10730222180905,-5.916972898484147,48,47,0.44680851063829785,False,no cruza el umbral,largo
ll_qv_spread_24 alto | vol,22022,45.50449550449551,-5.745504495504484,1.0,1.0,48.650395270350565,-3.145899765855056,-6.161931949516891,-5.912159075334635,47,44,0.38636363636363635,False,no cruza el umbral,largo
ll_vol_lo_1 alto,22093,45.494047888471464,-5.755952111528529,1.0,1.0,48.70738496928897,-3.213337080817503,-6.142832449873232,-5.903492395956647,48,48,0.3541666666666667,False,no cruza el umbral,largo
ll_tk_hi_6 alto,22138,45.451260276447734,-5.798739723552259,1.0,1.0,48.67536529940672,-3.2241050229589874,-6.17051823945603,-5.985072253021897,48,48,0.3958333333333333,False,no cruza el umbral,largo
ll_tk_hi_24 alto | vol,22019,45.36082474226804,-5.889175257731949,1.0,1.0,48.621405501128706,-3.2605807588606623,-6.2850747646298615,-6.055408368353731,48,46,0.391304347826087,False,no cruza el umbral,largo
ll_vol_lo_24 bajo,22061,45.32432799963737,-5.925672000362624,1.0,1.0,48.65867461653084,-3.3343466168934697,-6.255283226903103,-6.082679857755075,46,44,0.4090909090909091,False,no cruza el umbral,largo
ll_amihud_hi_1 alto | vol,21952,45.28061224489796,-5.969387755102034,1.0,1.0,48.61636785364582,-3.33575560874786,-6.298633626679006,-6.117986798679858,48,48,0.375,False,no cruza el umbral,largo
ll_qv_hi_24 alto | vol,22092,45.27430744160782,-5.975692558392176,1.0,1.0,48.64636910988545,-3.372061668277631,-6.408456372751935,-6.1571376547705725,48,45,0.35555555555555557,False,no cruza el umbral,largo
ll_vol_hi_12 bajo,22166,45.19534422087882,-6.05465577912117,1.0,1.0,48.60686082979785,-3.4115166089190296,-6.40856719142139,-6.24092558983665,48,48,0.4166666666666667,False,no cruza el umbral,largo
ll_qv_spread_24 alto,22079,45.110738710992344,-6.139261289007649,1.0,1.0,48.681371724490276,-3.5706330134979325,-6.547860568056059,-6.294868582881605,47,44,0.38636363636363635,False,no cruza el umbral,largo
ll_qv_hi_24 alto,22108,45.083227790844944,-6.166772209155049,1.0,1.0,48.634573168506485,-3.5513453776615407,-6.600248207391054,-6.352133660888946,48,45,0.35555555555555557,False,no cruza el umbral,largo
ll_amihud_hi_6 bajo,22136,45.044271774485,-6.205728225514996,1.0,1.0,48.596497122603054,-3.552225348118057,-6.520733379026723,-6.379952744456553,48,48,0.5416666666666666,False,no cruza el umbral,largo
ll_qv_hi_6 alto | vol,21976,45.00819075354933,-6.241809246450664,1.0,1.0,48.625833432585296,-3.617642679035967,-6.61864544232818,-6.429045700155683,48,48,0.4166666666666667,False,no cruza el umbral,largo
ll_amihud_hi_12 bajo,22099,44.97488574143627,-6.275114258563725,1.0,1.0,48.634982616820594,-3.660096875384326,-6.608696149796266,-6.445012060255756,48,46,0.45652173913043476,False,no cruza el umbral,largo
ll_amihud_lo_6 alto,22139,44.93879579023442,-6.31120420976557,1.0,1.0,48.64273816177463,-3.703942371540208,-6.678834214762006,-6.491037757281106,48,48,0.4166666666666667,False,no cruza el umbral,largo
ll_qv_hi_6 alto,22060,44.63735267452403,-6.612647325475962,1.0,1.0,48.65061881549095,-4.01326614096692,-6.987099603064706,-6.794915640674866,48,48,0.4166666666666667,False,no cruza el umbral,largo
ll_qv_lo_12 bajo,22096,44.537472845763936,-6.7125271542360565,1.0,1.0,48.644918800711636,-4.1074459549477,-7.065980185304092,-6.8809176984704905,47,46,0.4782608695652174,False,no cruza el umbral,largo
ll_tk_hi_1 alto,22068,44.0547398948704,-7.1952601051295915,1.0,1.0,48.687281091012544,-4.632541196142142,-7.576135105204862,-7.3470050599443795,48,48,0.3958333333333333,False,no cruza el umbral,largo
ll_tk_hi_1 alto | vol,21868,44.041521858423266,-7.208478141576727,1.0,1.0,48.6460299078626,-4.604508049439332,-7.605675625320224,-7.387200736648246,48,48,0.375,False,no cruza el umbral,largo
ll_tk_hi_1 alto | vol,21868,55.95847814157673,4.708478141576734,2.2888048768747454e-44,0.1735,51.3539700921374,4.604508049439325,4.493054260675002,4.631270133456056,48,48,0.625,False,muere en la correccion (FDR q=0.1),corto
ll_tk_hi_1 alto,22068,55.9452601051296,4.695260105129606,1.6284730229972628e-44,0.1835,51.312718908987456,4.632541196142142,4.494661224113287,4.62511394712854,48,48,0.6041666666666666,False,muere en la correccion (FDR q=0.1),corto
ll_qv_lo_12 bajo,22096,55.462527154236064,4.212527154236071,2.8727950507398037e-36,0.8945,51.35508119928836,4.107445954947707,3.9967855661551255,4.126980513567659,47,46,0.5217391304347826,False,muere en la correccion (FDR q=0.1),corto
ll_qv_hi_6 alto,22060,55.362647325475976,4.112647325475983,1.3118270781151322e-34,0.1335,51.34938118450905,4.013266140966927,3.8968215553404377,4.039557683538547,48,48,0.5833333333333334,False,muere en la correccion (FDR q=0.1),corto
ll_amihud_lo_6 alto,22139,55.06120420976557,3.8112042097655774,4.2367423418394835e-30,0.1085,51.35726183822538,3.703942371540194,3.580551340414779,3.7320527965832184,48,48,0.5833333333333334,False,muere en la correccion (FDR q=0.1),corto
ll_amihud_hi_12 bajo,22099,55.02511425856373,3.7751142585637396,1.6126569416342007e-29,0.898,51.3650173831794,3.6600968753843333,3.5631422515091558,3.67534595775674,48,46,0.5217391304347826,False,muere en la correccion (FDR q=0.1),corto
ll_qv_hi_6 alto | vol,21976,54.99180924645067,3.7418092464506785,6.962472789552516e-29,0.1485,51.374166567414704,3.617642679035967,3.5073805440978845,3.65366573612193,48,48,0.5833333333333334,False,muere en la correccion (FDR q=0.1),corto
ll_amihud_hi_6 bajo,22136,54.955728225515,3.70572822551501,1.4700222326335815e-28,0.8015,51.403502877396946,3.552225348118057,3.4786108555657833,3.6222843377874767,48,48,0.4166666666666667,False,muere en la correccion (FDR q=0.1),corto
ll_qv_hi_24 alto,22108,54.91677220915506,3.66677220915507,5.715424166029234e-28,0.0075,51.36542683149351,3.551345377661555,3.3930216490096754,3.5606681230657244,48,45,0.6444444444444445,False,muere en la correccion (FDR q=0.1),corto
ll_qv_spread_24 alto,22079,54.88926128900765,3.6392612890076563,1.5132128761576247e-27,0.3185,51.318628275509724,3.5706330134979254,3.4249654218533934,3.5646123713218643,47,44,0.5909090909090909,False,muere en la correccion (FDR q=0.1),corto
ll_vol_hi_12 bajo,22166,54.804655779121184,3.554655779121191,1.8230351967354117e-26,0.865,51.39313917020214,3.411516608919044,3.3292761344846653,3.4674948944860446,48,48,0.5416666666666666,False,muere en la correccion (FDR q=0.1),corto
ll_qv_hi_24 alto | vol,22092,54.72569255839218,3.47569255839219,2.6157498194577955e-25,0.008,51.353630890114566,3.3720616682776168,3.2087308170883446,3.3724610620275115,48,45,0.6444444444444445,False,muere en la correccion (FDR q=0.1),corto
ll_amihud_hi_1 alto | vol,21952,54.71938775510205,3.469387755102055,4.468988707070821e-25,0.329,51.38363214635419,3.33575560874786,3.2456344046071024,3.392153042043013,48,48,0.6041666666666666,False,muere en la correccion (FDR q=0.1),corto
ll_vol_lo_24 bajo,22061,54.67567200036263,3.4256720003626384,1.3124961844523267e-24,0.8405,51.34132538346916,3.3343466168934697,3.2199312318272106,3.3485135196753504,46,44,0.4772727272727273,False,muere en la correccion (FDR q=0.1),corto
ll_tk_hi_24 alto | vol,22019,54.63917525773196,3.3891752577319636,4.381053945421225e-24,0.0165,51.3785944988713,3.2605807588606552,3.155846708913458,3.3029309635856947,48,46,0.6086956521739131,False,muere en la correccion (FDR q=0.1),corto
ll_tk_hi_6 alto,22138,54.548739723552266,3.2987397235522735,4.967111481026467e-23,0.0845,51.32463470059327,3.2241050229589945,3.0820470415288597,3.226086660307949,48,48,0.6041666666666666,False,muere en la correccion (FDR q=0.1),corto
ll_vol_lo_1 alto,22093,54.50595211152854,3.2559521115285506,1.9178575190443554e-22,0.2075,51.29261503071103,3.21333708081751,3.0428245541269234,3.1795729764181146,48,48,0.6458333333333334,False,muere en la correccion (FDR q=0.1),corto
ll_qv_spread_24 alto | vol,22022,54.4955044955045,3.2455044955045054,3.0213845098630924e-22,0.3535,51.349604729649435,3.145899765855063,3.0293730059647785,3.1717065594737903,47,44,0.5909090909090909,False,muere en la correccion (FDR q=0.1),corto
ll_amihud_lo_6 alto | vol,21909,54.47532977315258,3.2253297731525876,6.8519702914083165e-22,0.172,51.370331230496724,3.1049985426558564,2.98523942352395,3.1451501791127114,48,47,0.5531914893617021,False,muere en la correccion (FDR q=0.1),corto
ll_tk_hi_24 alto,22075,54.43714609286523,3.187146092865234,1.440895107333496e-21,0.018,51.37830838057078,3.058837712294448,2.9410781012132716,3.095349314132079,48,46,0.6086956521739131,False,muere en la correccion (FDR q=0.1),corto
ll_vol_lo_1 alto | vol,21907,54.42552608755192,3.1755260875519298,2.8235922325577954e-21,0.1995,51.337246618919416,3.088279468632507,2.947266895974721,3.091839544703511,48,48,0.625,False,muere en la correccion (FDR q=0.1),corto
ll_amihud_hi_1 alto,22106,54.424138243010944,3.174138243010951,1.956920459761179e-21,0.342,51.34047908031653,3.083659162694417,2.9502672687894673,3.099706377748447,48,48,0.5833333333333334,False,muere en la correccion (FDR q=0.1),corto
ll_amihud_lo_24 alto | vol,22051,54.42383565371185,3.173835653711855,2.207923693038609e-21,0.0345,51.370034601551225,3.0538010521606225,2.8972420955458205,3.068171449427439,48,47,0.6170212765957447,False,muere en la correccion (FDR q=0.1),corto
ll_qv_lo_24 alto | vol,22043,54.40729483282675,3.157294832826757,3.5790946997473535e-21,0.0155,51.36471942291194,3.042575409914811,2.9099297824178905,3.067663167503433,48,48,0.6458333333333334,False,muere en la correccion (FDR q=0.1),corto
ll_amihud_hi_6 bajo | vol,21943,54.40459372009296,3.1545937200929686,4.72319099859391e-21,0.7925,51.44519718484146,2.9593965352515,2.9247933500510968,3.0727996147319274,48,48,0.4583333333333333,False,muere en la correccion (FDR q=0.1),corto
ll_amihud_hi_12 bajo | vol,21829,54.377204636034634,3.127204636034641,1.2700928929754462e-20,0.9215,51.419710295317465,2.9574943407171688,2.8816133856795716,3.038085577277762,48,48,0.5,False,muere en la correccion (FDR q=0.1),corto
ll_tk_lo_1 alto,22088,54.368888084027525,3.1188880840275317,9.593340367129035e-21,0.1845,51.34894610269857,3.019941981328955,2.8903330719195495,3.032328273850233,48,48,0.6041666666666666,False,muere en la correccion (FDR q=0.1),corto
ll_vol_lo_24 alto | vol,21941,54.34118773073242,3.091187730732429,2.7495284246384687e-20,0.0325,51.37499475086065,2.9661929798717708,2.835801838610834,3.0036115569823494,48,48,0.6041666666666666,False,muere en la correccion (FDR q=0.1),corto
ll_tk_hi_6 bajo,22139,54.234608609241604,2.9846086092416115,3.4110201445427116e-19,0.8625,51.398098471575224,2.83651013766638,2.7834084947770563,2.9145839960012765,48,48,0.3958333333333333,False,muere en la correccion (FDR q=0.1),corto
ll_qv_hi_1 alto | vol,21916,54.18872056944698,2.9387205694469856,1.704488353269719e-18,0.3285,51.36394465439079,2.824775915056186,2.7098438371444544,2.8451244146543146,48,48,0.5625,False,muere en la correccion (FDR q=0.1),corto
ll_qv_lo_6 bajo,22125,54.18305084745762,2.933050847457629,1.3724447954095235e-18,0.901,51.415183020942365,2.767867826515257,2.701969083548043,2.8556651814131158,48,48,0.4166666666666667,False,muere en la correccion (FDR q=0.1),corto
ll_qv_lo_24 alto,22049,54.17479250759671,2.9247925075967203,1.9448147483998576e-18,0.015,51.39467338540161,2.780119122195103,2.6899538106235568,2.8337744113889514,48,47,0.6382978723404256,False,muere en la correccion (FDR q=0.1),corto
ll_amihud_lo_24 alto,22131,54.16836112240748,2.9183611224074895,1.9965731582230843e-18,0.0465,51.37014922455977,2.7982118978477146,2.648164757830834,2.809829059829063,48,47,0.6170212765957447,False,muere en la correccion (FDR q=0.1),corto
ll_vol_lo_24 alto,22116,54.146319406764334,2.8963194067643414,3.6383913001538264e-18,0.035,51.36264794861096,2.7836714581533712,2.6570774047980947,2.8120451237263495,48,48,0.5833333333333334,False,muere en la correccion (FDR q=0.1),corto
ll_tk_lo_24 alto,22151,54.060764751027044,2.810764751027051,3.069205345799446e-17,0.07,51.377236780817704,2.68352797020934,2.559370545772225,2.719479516759016,48,47,0.5957446808510638,False,muere en la correccion (FDR q=0.1),corto
ll_tk_hi_6 alto | vol,21951,54.05676278985012,2.8067627898501257,4.674480691451897e-17,0.117,51.34905984551787,2.7077029443322473,2.570120537783964,2.7251638179902002,48,48,0.5625,False,muere en la correccion (FDR q=0.1),corto
ll_tk_lo_12 bajo,22095,54.048427245983255,2.7984272459832624,4.5778550882348507e-17,0.9275,51.33509487980371,2.713332366179543,2.5709808259587064,2.713844997950922,47,47,0.5106382978723404,False,muere en la correccion (FDR q=0.1),corto
ll_tk_lo_1 alto | vol,21903,54.03825959914167,2.788259599141675,7.994208417086619e-17,0.2335,51.38079731977852,2.657462279363145,2.533507073715569,2.6922900202168805,48,48,0.6041666666666666,False,muere en la correccion (FDR q=0.1),corto
ll_amihud_lo_24 bajo,22109,54.00515627120177,2.755156271201777,1.3151636819900208e-16,0.765,51.3427180420561,2.662438229145671,2.517501842299197,2.670007280338538,47,44,0.5,False,muere en la correccion (FDR q=0.1),corto
ll_qv_lo_1 alto,22183,53.955731866744806,2.705731866744813,3.9540001415318274e-16,0.3295,51.313782129672404,2.6419497370724017,2.457359625361555,2.6146466479180006,48,48,0.6041666666666666,False,muere en la correccion (FDR q=0.1),corto
ll_qv_hi_1 alto,22057,53.94659291834791,2.6965929183479176,5.948516962741276e-16,0.27,51.33000214382264,2.616590774525271,2.4853402899621457,2.6066801988779034,48,48,0.5625,False,muere en la correccion (FDR q=0.1),corto
ll_tk_lo_24 alto | vol,22041,53.92677283244862,2.676772832448627,9.809181622556514e-16,0.0665,51.36432659992808,2.562446232520543,2.434453684453686,2.5835158817086565,48,47,0.574468085106383,False,muere en la correccion (FDR q=0.1),corto
ll_tk_lo_6 bajo | vol,21955,53.9011614666363,2.65116146663631,2.042808216327422e-15,0.823,51.45417579567544,2.4469856709608635,2.35642794110818,2.5527781598129664,48,48,0.4375,False,muere en la correccion (FDR q=0.1),corto
ll_tk_lo_6 bajo,22180,53.89990982867449,2.6499098286744953,1.5261821236797451e-15,0.824,51.41299905281088,2.486910775863606,2.4196194978657033,2.5710349675722313,48,48,0.4375,False,muere en la correccion (FDR q=0.1),corto
ll_tk_spread_1 alto | vol,22004,53.87202326849664,2.6220232684966476,3.785097658702685e-15,0.4225,51.33330742000935,2.5387158484872927,2.391158508374204,2.5342410938857753,48,48,0.4791666666666667,False,muere en la correccion (FDR q=0.1),corto
ll_vol_lo_6 bajo | vol,21879,53.841583253347956,2.591583253347963,9.128651792654452e-15,0.857,51.443662880623684,2.397920372724272,2.364879037896806,2.5094849390664535,48,48,0.4166666666666667,False,muere en la correccion (FDR q=0.1),corto
ll_tk_hi_6 bajo | vol,21938,53.82897255903,2.5789725590300066,1.126335777761365e-14,0.9035,51.45334292714278,2.3756296318872216,2.326906986473304,2.484972928328901,48,48,0.4166666666666667,False,muere en la correccion (FDR q=0.1),corto
ll_tk_spread_1 alto,22004,53.785675331757865,2.535675331757872,2.7742098593906972e-14,0.4425,51.34021987285847,2.4454554588993958,2.3032525215138477,2.449469544539973,48,48,0.4791666666666667,False,muere en la correccion (FDR q=0.1),corto
ll_tk_lo_24 bajo,22106,53.76820772640912,2.5182077264091305,3.610208051298596e-14,0.8705,51.35301414823812,2.4151935781710065,2.287866224433394,2.4179712387366976,47,45,0.5111111111111111,False,muere en la correccion (FDR q=0.1),corto
ll_qv_lo_12 bajo | vol,21806,53.76501880216454,2.5150188021645477,5.710512867626408e-14,0.951,51.41313699881941,2.3518818033451296,2.257089045903328,2.4107884775182455,48,47,0.48936170212765956,False,muere en la correccion (FDR q=0.1),corto
ll_amihud_lo_12 alto | vol,21992,53.74226991633321,2.492269916333214,7.481390671101674e-14,0.0905,51.40566408728484,2.3366058290483664,2.24257047632274,2.406415888705851,48,47,0.5957446808510638,False,muere en la correccion (FDR q=0.1),corto
ll_qv_spread_12 alto | vol,22008,53.7350054525627,2.48500545256271,8.620169089358945e-14,0.3345,51.3491750909989,2.385830361563805,2.2634384974788446,2.4030724213606547,48,47,0.5531914893617021,False,muere en la correccion (FDR q=0.1),corto
ll_tk_hi_12 bajo,22099,53.6947373184307,2.444737318430704,1.8775719696424778e-13,0.9605,51.35587795264248,2.338859365788217,2.2298028649071924,2.359796067006563,48,48,0.5,False,muere en la correccion (FDR q=0.1),corto
ll_qv_lo_6 bajo | vol,21933,53.68622623444125,2.436226234441257,2.766872894957871e-13,0.8565,51.4471212753443,2.2391049590969487,2.1824198792382745,2.3409320361617247,48,48,0.4166666666666667,False,muere en la correccion (FDR q=0.1),corto
ll_vol_hi_1 alto,22071,53.663177925784964,2.4131779257849715,3.8696957054213695e-13,0.3705,51.338729869067436,2.3244480567175287,2.1935007385524514,2.332668187001147,48,48,0.5625,False,muere en la correccion (FDR q=0.1),corto
ll_vol_hi_12 bajo | vol,21820,53.661778185151235,2.411778185151242,5.372225619187175e-13,0.943,51.445282721312665,2.2164954638385694,2.137255131142183,2.3066011624688727,48,48,0.4791666666666667,False,muere en la correccion (FDR q=0.1),corto
ll_tk_hi_12 alto,22055,53.6386306959873,2.3886306959873096,6.697952128292073e-13,0.088,51.36181509537965,2.276815600607655,2.154687211662676,2.305626510970221,48,48,0.5833333333333334,False,muere en la correccion (FDR q=0.1),corto
ll_qv_spread_12 alto,22044,53.624569043730716,2.374569043730723,9.165941815880645e-13,0.3505,51.31800526514467,2.306563778586046,2.146130581336294,2.2938820683674948,48,47,0.5531914893617021,False,muere en la correccion (FDR q=0.1),corto
ll_vol_hi_1 alto | vol,21975,53.610921501706486,2.3609215017064926,1.325490812350437e-12,0.3955,51.366740612980536,2.24418088872595,2.1272499536092155,2.2769329424697773,48,48,0.5625,False,muere en la correccion (FDR q=0.1),corto
ll_vol_hi_24 alto | vol,22151,53.49194167306216,2.241941673062165,1.2893062432593141e-11,0.0305,51.36102651594609,2.130915157116071,2.013215909612832,2.162341642827961,48,47,0.6170212765957447,False,muere en la correccion (FDR q=0.1),corto
ll_vol_spread_6 bajo,22169,53.48459560647751,2.2345956064775194,1.468892771219066e-11,0.907,51.35863719976571,2.1259584067118027,1.9583964907445761,2.1329468620955794,48,48,0.4583333333333333,False,muere en la correccion (FDR q=0.1),corto
ll_qv_lo_1 alto | vol,21944,53.46791833758658,2.217918337586589,2.5784949621211672e-11,0.322,51.348019681746884,2.119898655839698,1.9468240702047694,2.1181845279038924,48,48,0.6041666666666666,False,muere en la correccion (FDR q=0.1),corto
ll_vol_lo_6 alto | vol,21866,53.46656910271654,2.216569102716548,2.864634337009763e-11,0.249,51.37929502436669,2.08727407834985,1.9756563023645626,2.133908045977023,48,47,0.574468085106383,False,muere en la correccion (FDR q=0.1),corto
ll_amihud_lo_12 alto,22075,53.417893544733865,2.1678935447338716,6.083050715790725e-11,0.108,51.367942432154955,2.04995111257891,1.940410327339798,2.090924618537926,48,47,0.574468085106383,False,muere en la correccion (FDR q=0.1),corto
ll_tk_hi_12 alto | vol,21985,53.377302706390715,2.127302706390722,1.4533592026830473e-10,0.0835,51.38970435034247,1.9875983560482453,1.8981481481481524,2.046452084857357,48,48,0.5833333333333334,False,muere en la correccion (FDR q=0.1),corto
ll_vol_hi_6 alto,22070,53.27594019030359,2.0259401903035936,9.015902129694927e-10,0.282,51.371109434998864,1.9048307553047223,1.7972895040369181,1.9447862546714205,48,48,0.5833333333333334,False,muere en la correccion (FDR q=0.1),corto
ll_qv_hi_6 bajo,22090,53.245812584880035,1.995812584880042,1.535481866860124e-09,0.8385,51.41884411840427,1.826968466475762,1.7724843346848544,1.9169778243249382,48,48,0.4166666666666667,False,muere en la correccion (FDR q=0.1),corto
ll_amihud_lo_6 bajo | vol,21832,53.17882008061561,1.9288200806156155,6.17118817659328e-09,0.9415,51.44490220185596,1.733917878759648,1.6848587438711249,1.8451832219405375,48,48,0.3958333333333333,False,muere en la correccion (FDR q=0.1),corto
ll_tk_spread_6 bajo,22137,53.14179879839184,1.8917987983918465,9.304160611236589e-09,0.4685,51.34511102388083,1.7966877745110068,1.6914470355549511,1.8240219021220554,48,48,0.5416666666666666,False,muere en la correccion (FDR q=0.1),corto
ll_tk_hi_24 bajo,22153,53.13952963481244,1.8895296348124475,9.561936084954861e-09,0.7575,51.34965092632071,1.7898787084917274,1.6320559889857833,1.7702561540557724,46,40,0.575,False,muere en la correccion (FDR q=0.1),corto
ll_vol_spread_6 bajo | vol,22022,53.06057578784852,1.8105757878485278,3.966191046730067e-08,0.8935,51.400546543536095,1.660029244312426,1.537037037037038,1.7183286869887127,48,48,0.4166666666666667,False,muere en la correccion (FDR q=0.1),corto
ll_amihud_lo_6 bajo,22074,53.05336595089245,1.8033659508924558,4.311542220010356e-08,0.924,51.40061034969723,1.6527556011952171,1.5970653326571167,1.7324561403508838,48,48,0.4375,False,muere en la correccion (FDR q=0.1),corto
ll_vol_lo_12 alto,22062,52.9961018946605,1.7461018946605051,1.0978549374710144e-07,0.197,51.37792011429412,1.6181817803663776,1.5189399179231842,1.6689263090735196,48,48,0.5625,False,muere en la correccion (FDR q=0.1),corto
ll_tk_lo_6 alto,22079,52.99153041351511,1.7415304135151146,1.1681701224975924e-07,0.173,51.34658446363114,1.6449459498839687,1.5111321102609097,1.6587513097353295,48,48,0.5833333333333334,False,muere en la correccion (FDR q=0.1),corto
ll_qv_spread_1 bajo,22052,52.9883910756394,1.7383910756394059,1.2488728695970009e-07,0.424,51.34334419820168,1.6450468774377214,1.4957314259344798,1.6485176738882643,48,48,0.5208333333333334,False,muere en la correccion (FDR q=0.1),corto
ll_vol_lo_6 alto,22039,52.978810290848045,1.7288102908480525,1.4650340425202391e-07,0.2525,51.34276787249657,1.6360424183514723,1.4838162690905818,1.6404503353561282,48,47,0.5957446808510638,False,muere en la correccion (FDR q=0.1),corto
ll_qv_hi_12 alto,22148,52.961892721690454,1.711892721690461,1.7882520280722188e-07,0.076,51.35407895634049,1.6078137653499667,1.5058331802314981,1.6433502906976756,48,47,0.574468085106383,False,muere en la correccion (FDR q=0.1),corto
ll_tk_spread_6 bajo | vol,22051,52.959049476214226,1.7090494762142328,1.9829873226066322e-07,0.4645,51.36734296714658,1.5917065090676488,1.5143288606077405,1.6407922912205635,48,48,0.5625,False,muere en la correccion (FDR q=0.1),corto
ll_vol_hi_24 alto,22167,52.9570983894979,1.707098389497908,1.9058701595360646e-07,0.0355,51.382377460146614,1.5747209293512867,1.4753524360564043,1.6230936819172257,48,46,0.6086956521739131,False,muere en la correccion (FDR q=0.1),corto
ll_amihud_hi_24 bajo,22112,52.939580318379164,1.6895803183791713,2.5877319985243383e-07,0.8645,51.361462176143135,1.578118142236029,1.444114396242064,1.5707461328480505,46,41,0.4878048780487805,False,muere en la correccion (FDR q=0.1),corto
ll_qv_spread_1 bajo | vol,22033,52.93423501111968,1.6842350111196893,2.94455758336978e-07,0.412,51.36249622338488,1.5717387877348017,1.437277600628498,1.5969019679466783,48,48,0.5208333333333334,False,muere en la correccion (FDR q=0.1),corto
ll_tk_hi_12 bajo | vol,21814,52.915558815439624,1.6655588154396312,4.4463643355075773e-07,0.9605,51.432045557896856,1.4835132575427679,1.3970863342998854,1.5608557186375052,48,48,0.4791666666666667,False,muere en la correccion (FDR q=0.1),corto
ll_vol_hi_6 alto | vol,21931,52.83388810359765,1.5838881035976584,1.393597727018628e-06,0.279,51.40236727602097,1.4315208275766835,1.3392898611304673,1.5013883152049274,48,48,0.5833333333333334,False,muere en la correccion (FDR q=0.1),corto
ll_vol_spread_1 alto | vol,22007,52.79683736992775,1.5468373699277578,2.2799158718128595e-06,0.4305,51.38839467848012,1.4084426914476325,1.3028861732166916,1.463887237642325,48,48,0.5416666666666666,False,muere en la correccion (FDR q=0.1),corto
ll_qv_lo_24 bajo,22180,52.772768259693414,1.5227682596934216,2.9435485335217236e-06,0.9165,51.349744318118994,1.4230239415744208,1.2824884051981513,1.4126145332486715,45,43,0.5116279069767442,False,muere en la correccion (FDR q=0.1),corto
ll_vol_hi_6 bajo | vol,21935,52.728516070207434,1.4785160702074407,6.096206708468782e-06,0.8685,51.42563519590989,1.3028808742975428,1.2336206495980662,1.3946167255378796,48,48,0.4583333333333333,False,muere en la correccion (FDR q=0.1),corto
ll_vol_lo_12 alto | vol,21889,52.720544565763625,1.4705445657636318,6.934640466180894e-06,0.2115,51.40163829780299,1.3189062679606351,1.2339519955344826,1.3839962338676344,48,48,0.5625,False,muere en la correccion (FDR q=0.1),corto
ll_tk_lo_6 alto | vol,21957,52.71211914195928,1.4621191419592847,7.533400897048905e-06,0.1935,51.35148581339587,1.3606333285634093,1.2298368406415179,1.3789273609966202,48,48,0.5833333333333334,False,muere en la correccion (FDR q=0.1),corto
ll_amihud_lo_1 alto,22122,52.69867100623813,1.4486710062381363,8.388079370802203e-06,0.3505,51.32010522668301,1.3785657795551174,1.233085561743458,1.3576478879643545,48,48,0.5833333333333334,False,muere en la correccion (FDR q=0.1),corto
ll_vol_lo_6 bajo,22073,52.62990984460654,1.3799098446065443,2.112583454431075e-05,0.867,51.40419417150751,1.2257156730990246,1.1533799695248703,1.2946163677027727,48,48,0.4166666666666667,False,muere en la correccion (FDR q=0.1),corto
ll_qv_hi_12 alto | vol,21993,52.603100986677575,1.3531009866775818,3.064127087008955e-05,0.102,51.3676969971597,1.2354039895178772,1.1419681687794991,1.2773317780522504,48,47,0.574468085106383,False,muere en la correccion (FDR q=0.1),corto
ll_amihud_spread_24 bajo | vol,21987,52.544685495974896,1.2946854959749032,6.30439034028822e-05,0.346,51.3392433868142,1.2054421091606926,1.055342097953897,1.2115666178623812,48,46,0.5217391304347826,False,muere en la correccion (FDR q=0.1),corto
ll_qv_hi_24 bajo,22193,52.530077051322486,1.2800770513224933,6.992880065815455e-05,0.838,51.34248545250215,1.1875915988203332,1.0542320756449115,1.182113876422335,48,43,0.4883720930232558,False,muere en la correccion (FDR q=0.1),corto
ll_amihud_hi_24 alto | vol,22022,52.52020706566161,1.2702070656616158,8.348657048388338e-05,0.0505,51.37401383141701,1.146193234244599,1.0182080924855512,1.1711968935587151,48,48,0.625,False,muere en la correccion (FDR q=0.1),corto
ll_vol_lo_12 bajo,22123,52.51096144284229,1.2609614428422944,9.001537659552348e-05,0.928,51.3059796016626,1.2049818411796878,1.0490619827110663,1.1850870810786276,48,48,0.5208333333333334,False,muere en la correccion (FDR q=0.1),corto
ll_tk_lo_12 alto,22080,52.49547101449276,1.2454710144927645,0.00010959734225069885,0.235,51.37826565550888,1.117205358983874,1.0337258607180715,1.1741319602661164,48,48,0.6041666666666666,False,muere en la correccion (FDR q=0.1),corto
ll_amihud_spread_24 bajo,22094,52.475785281071786,1.2257852810717935,0.00013714915476561117,0.326,51.31354933059731,1.162235950474475,1.0037870067682775,1.148288886866304,48,47,0.5531914893617021,False,muere en la correccion (FDR q=0.1),corto
ll_amihud_lo_1 alto | vol,21887,52.469502444373376,1.2195024443733828,0.00015746881087957834,0.367,51.35593547618767,1.113566968185708,0.9955438171917947,1.130295928683033,48,48,0.5833333333333334,False,muere en la correccion (FDR q=0.1),corto
ll_tk_spread_12 bajo,22093,52.4691078622188,1.2191078622188058,0.00014815927598187996,0.5655,51.35732435907413,1.1117835031446717,1.022308259587028,1.145045988525645,48,48,0.5416666666666666,False,muere en la correccion (FDR q=0.1),corto
ll_tk_spread_12 alto,22041,52.46132208157525,1.2113220815752541,0.00016464549219038816,0.4415,51.34193178267561,1.1193902988996385,0.9788878634056317,1.1266079737250294,48,46,0.5434782608695652,False,muere en la correccion (FDR q=0.1),corto
ll_tk_spread_12 alto | vol,22032,52.44190268700073,1.1919026870007343,0.0002056754513225195,0.4535,51.33986727426155,1.102035412739177,0.961041358936491,1.1068332192562238,48,46,0.5434782608695652,False,muere en la correccion (FDR q=0.1),corto
ll_qv_hi_24 bajo | vol,21651,52.43175834834418,1.1817583483441894,0.0002582660169975256,0.8325,51.454060989021464,0.9776973593227183,0.8679852047307293,1.0518973214285765,48,46,0.4782608695652174,False,muere en la correccion (FDR q=0.1),corto
ll_qv_hi_6 bajo | vol,21863,52.42190001372181,1.1719000137218174,0.0002701936956850525,0.9085,51.46618544307241,0.9557145706493984,0.9202643479882582,1.0719956735858673,48,48,0.4583333333333333,False,muere en la correccion (FDR q=0.1),corto
ll_qv_hi_12 bajo,22056,52.41657598839318,1.166575988393184,0.00027071721896909315,0.9015,51.36048148354546,1.0560945048477137,0.9423555719489158,1.0827404569708676,48,48,0.5208333333333334,False,muere en la correccion (FDR q=0.1),corto
ll_tk_hi_1 bajo,22159,52.39857394286746,1.1485739428674648,0.00032024685588864386,0.8135,51.31365416391292,1.0849197789545357,0.9420955882353041,1.074525560700991,48,48,0.4791666666666667,False,muere en la correccion (FDR q=0.1),corto
ll_amihud_hi_24 alto,22092,52.371899330074235,1.1218993300742426,0.0004352363137738552,0.0535,51.3795284644292,0.9923708656450358,0.8657923849912521,1.0246937474384126,48,48,0.625,False,muere en la correccion (FDR q=0.1),corto
ll_tk_lo_12 bajo | vol,21815,52.35846894338758,1.1084689433875852,0.0005403159387336207,0.9415,51.39921160745181,0.9592573359357672,0.8356715301159809,1.0052052075158144,47,47,0.48936170212765956,False,muere en la correccion (FDR q=0.1),corto
ll_vol_hi_6 bajo,22191,52.30949484025055,1.059494840250558,0.0008139654659552409,0.894,51.40983570675372,0.8996591334968329,0.8381138136760029,0.9828512490365924,48,48,0.4583333333333333,False,muere en la correccion (FDR q=0.1),corto
ll_vol_spread_1 alto,22093,52.30616032227402,1.0561603222740246,0.0008623666230545514,0.481,51.36461293700426,0.9415473852697573,0.8152775216669852,0.9724246288368761,48,48,0.5625,False,muere en la correccion (FDR q=0.1),corto
ll_qv_hi_12 bajo | vol,21690,52.29598893499309,1.0459889349930975,0.0010520300591189125,0.902,51.40417328060941,0.8918156543836773,0.77743974063808,0.9404585112307515,48,48,0.5,False,muere en la correccion (FDR q=0.1),corto
ll_vol_hi_24 bajo,22159,52.29026580621869,1.0402658062186987,0.0009963879517655033,0.8645,51.37636310996708,0.9139026962516112,0.756972796917303,0.9177940709129686,47,43,0.4418604651162791,False,muere en la correccion (FDR q=0.1),corto
ll_tk_lo_12 alto | vol,22015,52.26436520554167,1.0143652055416794,0.0013308829097086947,0.2545,51.38401445317008,0.8803507523715908,0.8063171545016701,0.9398143915150499,48,48,0.6041666666666666,False,muere en la correccion (FDR q=0.1),corto
ll_vol_lo_24 bajo | vol,21627,52.24950293614463,0.999502936144637,0.0016737715231023647,0.929,51.41723118007964,0.8322717560649906,0.7201760181209025,0.8868715083798975,48,45,0.4888888888888889,False,muere en la correccion (FDR q=0.1),corto
ll_tk_spread_12 bajo | vol,21945,52.23969013442697,0.9896901344269793,0.0017146179661761453,0.5655,51.37106635223551,0.8686237821914631,0.7852750058018145,0.9121497684229922,48,48,0.5416666666666666,False,muere en la correccion (FDR q=0.1),corto
ll_qv_spread_6 alto,22051,52.19264432452043,0.9426443245204368,0.0026053328671958352,0.344,51.36077088355404,0.8318734409663904,0.7158514074757818,0.8620335735790619,48,48,0.5416666666666666,False,muere en la correccion (FDR q=0.1),corto
ll_tk_lo_1 bajo,22122,52.17882650754905,0.9288265075490543,0.002915715991544312,0.815,51.34404674044505,0.8347797671039956,0.7411606279637226,0.8645975443383449,48,48,0.5,False,muere en la correccion (FDR q=0.1),corto
ll_qv_spread_6 alto | vol,22061,52.14178867685055,0.8917886768505596,0.00410594640077121,0.349,51.367756960023705,0.7740317168268476,0.6562124988461235,0.8043572438323778,48,48,0.5416666666666666,False,muere en la correccion (FDR q=0.1),corto
ll_amihud_spread_1 alto,22067,52.141206326188424,0.8912063261884313,0.004122584582522359,0.3675,51.35912171675524,0.7820846094331841,0.6416674356371743,0.8061685055165597,48,48,0.5,False,muere en la correccion (FDR q=0.1),corto
ll_amihud_lo_24 bajo | vol,21621,52.10212293603441,0.8521229360344194,0.006211112274144518,0.8925,51.43831302207569,0.6638099139587226,0.5719578967242569,0.745343422584412,48,44,0.4772727272727273,False,muere en la correccion (FDR q=0.1),corto
ll_amihud_spread_1 alto | vol,22053,52.10175486328391,0.8517548632839151,0.0058045346405008495,0.349,51.371743450372286,0.7300114129116224,0.5907316735184125,0.7622285088519831,48,48,0.5208333333333334,False,muere en la correccion (FDR q=0.1),corto
ll_amihud_lo_12 bajo | vol,21668,52.09064057596456,0.8406405759645637,0.006777719929515407,0.9095,51.39423974906494,0.6964008268996196,0.5727943249084007,0.7288182831661132,48,48,0.5208333333333334,False,muere en la correccion (FDR q=0.1),corto
ll_qv_lo_6 alto,22086,52.060128588245945,0.8101285882459521,0.008154096371524172,0.2965,51.357498049147075,0.7026305390988696,0.5776100483982631,0.7163177059626804,48,48,0.5625,False,muere en la correccion (FDR q=0.1),corto
ll_qv_lo_6 alto | vol,21922,52.00711613903841,0.7571161390384162,0.012678202837765381,0.3175,51.370049306780196,0.6370668322582134,0.515471102025657,0.6624931205283531,48,48,0.5416666666666666,False,muere en la correccion (FDR q=0.1),corto
ll_vol_hi_12 alto,22173,51.99116042033103,0.7411604203310347,0.013859618848268347,0.1385,51.362826726382536,0.6283336939484911,0.5389128737427171,0.6715935387268175,48,48,0.625,False,muere en la correccion (FDR q=0.1),corto
ll_amihud_spread_12 bajo,22065,51.97824609109449,0.7282460910944977,0.015484985972897138,0.486,51.353516972471944,0.6247291186225468,0.5123177708064262,0.6467718402334555,48,48,0.5625,False,muere en la correccion (FDR q=0.1),corto
ll_vol_spread_12 alto,22097,51.948228266280495,0.6982282662805019,0.01923738013754887,0.2655,51.359734769757495,0.5884934965230002,0.48652694610779434,0.6232644421177227,48,47,0.574468085106383,False,muere en la correccion (FDR q=0.1),corto
ll_tk_hi_24 bajo | vol,21646,51.92645292432781,0.676452924327819,0.02361138185801933,0.932,51.4911071801357,0.43534574419211225,0.359097772744434,0.5358803832201673,48,46,0.41304347826086957,False,muere en la correccion (FDR q=0.1),corto
ll_amihud_spread_12 bajo | vol,22048,51.89132801161102,0.64132801161103,0.028820432385390494,0.51,51.35752743975077,0.5338005718602545,0.43591224018476993,0.5683892311202428,48,48,0.5416666666666666,False,muere en la correccion (FDR q=0.1),corto
ll_vol_hi_12 alto | vol,22015,51.869180104474225,0.619180104474232,0.03353208514640297,0.154,51.365822815714466,0.5033572887597586,0.39769045635471656,0.5414267434421092,48,48,0.625,False,muere en la correccion (FDR q=0.1),corto
ll_amihud_spread_1 bajo,22126,51.862062731627944,0.612062731627951,0.03478440583447765,0.4475,51.32097273257864,0.541089999049305,0.4352380513859586,0.5511461839352378,48,48,0.4791666666666667,False,muere en la correccion (FDR q=0.1),corto
ll_amihud_lo_12 bajo,22066,51.83087102329375,0.58087102329376,0.04275893422270105,0.916,51.338482888343016,0.49238813495073686,0.3627543722024953,0.4983473900159652,48,48,0.4791666666666667,False,muere en la correccion (FDR q=0.1),corto
ll_tk_lo_24 bajo | vol,21657,51.830816825968505,0.5808168259685118,0.04426213128129257,0.9345,51.450832415643625,0.3799844103248802,0.2962945502545722,0.4653216809222869,47,46,0.45652173913043476,False,muere en la correccion (FDR q=0.1),corto
ll_qv_hi_1 bajo,22099,51.803249015792574,0.5532490157925807,0.050640413862612955,0.7785,51.328762435586064,0.47448658020650925,0.34015486725663635,0.4797887836853647,48,48,0.5208333333333334,False,muere en la correccion (FDR q=0.1),corto
ll_amihud_spread_1 bajo | vol,21952,51.77204810495627,0.5220481049562764,0.06169651944829783,0.457,51.32022048792086,0.45182761703541274,0.33822165546023797,0.4624386777314271,48,48,0.4583333333333333,False,muere en la correccion (FDR q=0.1),corto
ll_qv_lo_12 alto,22071,51.74210502469304,0.4921050246930463,0.07271054352237148,0.3045,51.360634799194095,0.38147022549894416,0.25048402710552864,0.4097604844952514,48,48,0.5625,False,muere en la correccion (FDR q=0.1),corto
ll_qv_lo_12 alto | vol,21978,51.71535171535172,0.4653517153517299,0.08480628288055472,0.27,51.39559606281425,0.3197556525374736,0.22290412227883394,0.38018591446104466,48,48,0.5833333333333334,False,muere en la correccion (FDR q=0.1),corto
ll_vol_hi_24 bajo | vol,21707,51.70221587506334,0.45221587506334515,0.09239448290106968,0.9535,51.490660357857344,0.2115555172059942,0.143728222996522,0.3178634381668104,48,46,0.41304347826086957,False,muere en la correccion (FDR q=0.1),corto
ll_vol_lo_12 bajo | vol,21781,51.68265919838392,0.43265919838392364,0.10191916379800353,0.949,51.39816785079453,0.28449134758938754,0.15261321594155675,0.3119223659889201,48,48,0.5,False,muere en la correccion (FDR q=0.1),corto
ll_vol_spread_12 alto | vol,22097,51.67669819432502,0.4266981943250272,0.10343011248268608,0.311,51.37683788643164,0.2998603078933826,0.21225763367568362,0.3524765546754125,48,47,0.5531914893617021,False,muere en la correccion (FDR q=0.1),corto
ll_vol_spread_1 bajo | vol,22085,51.6051618745755,0.35516187457550785,0.1470401255335092,0.661,51.336527031727286,0.2686348428482148,0.1161705754964828,0.2672225259704817,48,48,0.5,False,muere en la correccion (FDR q=0.1),corto
ll_tk_spread_24 bajo,22117,51.58023240041597,0.33023240041598,0.16457933345518347,0.7705,51.36501563447781,0.21521676593816608,0.11989455265461402,0.25550350222869866,48,46,0.5,False,muere en la correccion (FDR q=0.1),corto
ll_amihud_hi_24 bajo | vol,21667,51.53920708912171,0.28920708912171733,0.1990890263870896,0.949,51.45399505974145,0.08521202938025851,-0.017962308598349352,0.15560382881836432,47,46,0.391304347826087,False,muere en la correccion (FDR q=0.1),corto
ll_qv_lo_24 bajo | vol,21679,51.45071267124868,0.20071267124868797,0.2794617598660221,0.9125,51.43595557747042,0.014757093778257513,-0.08283132530119985,0.08265230312036209,47,45,0.4444444444444444,False,muere en la correccion (FDR q=0.1),corto
ll_qv_lo_1 bajo,22147,51.42908746105568,0.17908746105568696,0.29927870589878536,0.879,51.32516156368324,0.10392589737244151,-0.02925421858476085,0.09680899386782471,48,48,0.4791666666666667,False,muere en la correccion (FDR q=0.1),corto
ll_tk_spread_1 bajo | vol,22030,51.40717203812982,0.15717203812982916,0.3227682462773994,0.4215,51.36350162967705,0.04367040845276904,-0.07151770034197824,0.06506849315069019,48,48,0.5416666666666666,False,muere en la correccion (FDR q=0.1),corto
ll_vol_spread_1 bajo,22142,51.3458585493632,0.09585854936320715,0.39025848560133225,0.6715,51.31904816561084,0.026810383752362554,-0.12663680220536833,0.017836044715082267,48,48,0.5,False,muere en la correccion (FDR q=0.1),corto
ll_amihud_hi_6 alto | vol,21959,51.318366045812645,0.06836604581265249,0.4223323419069043,0.263,51.40477113088797,-0.08640508507532729,-0.1770784951230837,-0.03238579144922937,48,48,0.5416666666666666,False,muere en la correccion (FDR q=0.1),corto
ll_tk_lo_1 bajo | vol,21983,51.2668880498567,0.016888049856710552,0.48271220967593814,0.8505,51.38594614850389,-0.1190580986471872,-0.19297635605006747,-0.0549450549450512,48,48,0.4375,False,muere en la correccion (FDR q=0.1),corto
ll_amihud_hi_6 alto,22013,51.26516149547994,0.015161495479944165,0.4847395928436482,0.263,51.38521984970684,-0.1200583542269058,-0.22685185185184764,-0.08349312879514059,48,48,0.5416666666666666,False,muere en la correccion (FDR q=0.1),corto
ll_tk_hi_1 bajo | vol,21966,51.23372484749158,-0.01627515250841327,0.5219335523779267,1.0,51.365924862731525,-0.1322000152399454,-0.25714484550430683,-0.10233884638292068,48,48,0.5,False,no cruza el umbral,corto
ll_vol_lo_1 bajo,22081,51.18427607445315,-0.06572392554684114,0.5800885649044744,1.0,51.335189029146136,-0.15091295469298416,-0.276662976289316,-0.1359525219847697,48,48,0.4791666666666667,False,no cruza el umbral,corto
ll_qv_lo_1 bajo | vol,21969,51.163002412490336,-0.08699758750965714,0.6043890151210422,1.0,51.356424710887396,-0.19342229839705993,-0.2939948023018317,-0.16433806688042552,48,48,0.4375,False,no cruza el umbral,corto
ll_tk_spread_1 bajo,22081,51.12993070965989,-0.12006929034010483,0.6419520566092618,1.0,51.33291471279148,-0.20298400313158993,-0.351051078738692,-0.2091399808682084,48,48,0.5416666666666666,False,no cruza el umbral,corto
ll_amihud_lo_1 bajo,22103,51.12880604442835,-0.12119395557164125,0.6432654648594444,1.0,51.34516850170496,-0.21636245727660963,-0.3491198562278157,-0.21231567449481048,48,48,0.4375,False,no cruza el umbral,corto
ll_vol_hi_1 bajo,22227,51.10451252980609,-0.14548747019390618,0.6702674033859243,1.0,51.314197951187225,-0.20968542138113833,-0.3311603501214364,-0.2065886560137571,48,48,0.5,False,no cruza el umbral,corto
ll_tk_spread_24 bajo | vol,21936,51.09409190371991,-0.15590809628008628,0.6803662727841163,1.0,51.38592078311035,-0.2918288793904438,-0.386169422255243,-0.2408256880733859,48,46,0.5217391304347826,False,no cruza el umbral,corto
ll_vol_spread_12 bajo,22102,51.06325219437156,-0.18674780562843551,0.7129993539081542,1.0,51.39334774883309,-0.33009555446152916,-0.4529853496728933,-0.28727980335927583,48,48,0.4375,False,no cruza el umbral,corto
ll_amihud_spread_6 bajo,22132,51.02114585215977,-0.22885414784022373,0.7542300283150936,1.0,51.37011196648441,-0.3489661143246394,-0.4682470339372742,-0.3157816975041996,48,48,0.5208333333333334,False,no cruza el umbral,corto
ll_vol_spread_6 alto,22062,50.969993654247126,-0.28000634575286654,0.799208481772238,1.0,51.41391016018101,-0.44391650593388476,-0.578347874255634,-0.3860838842033232,48,48,0.5833333333333334,False,no cruza el umbral,corto
ll_qv_spread_1 alto,22041,50.91420534458509,-0.33579465541490094,0.8423360601269458,1.0,51.35133121048454,-0.43712586589944635,-0.532384973925879,-0.40841809971262677,48,48,0.4583333333333333,False,no cruza el umbral,corto
ll_vol_spread_12 bajo | vol,21948,50.87023874612721,-0.37976125387278614,0.8712512254638709,1.0,51.45709615825449,-0.58685741212728,-0.6647700882489502,-0.4910693813912914,48,48,0.4375,False,no cruza el umbral,corto
ll_qv_hi_1 bajo | vol,21909,50.86494134830435,-0.385058651695644,0.874312945081034,1.0,51.37242609071498,-0.5074847424106324,-0.6357608189855739,-0.46882179946695146,48,48,0.5,False,no cruza el umbral,corto
ll_amihud_hi_1 bajo | vol,21951,50.863286410641884,-0.3867135893581093,0.8755467644637122,1.0,51.365025684024666,-0.5017392733827819,-0.5942698920246414,-0.46129860601613615,48,48,0.4166666666666667,False,no cruza el umbral,corto
ll_amihud_hi_1 bajo,22125,50.84293785310734,-0.4070621468926561,0.8884014579904196,1.0,51.31864831513171,-0.4757104620243737,-0.5941943945878734,-0.4751056674089753,48,48,0.4583333333333333,False,no cruza el umbral,corto
ll_qv_spread_1 alto | vol,21972,50.83287820862916,-0.41712179137083183,0.8932006244408842,1.0,51.36323353036938,-0.5303553217402168,-0.615623263567322,-0.48809087997069867,48,48,0.4583333333333333,False,no cruza el umbral,corto
ll_amihud_spread_6 bajo | vol,22128,50.61008676789588,-0.6399132321041137,0.9720056437615243,1.0,51.37705890253177,-0.7669721346358926,-0.8682855040470798,-0.7225354674426967,48,48,0.5,False,no cruza el umbral,corto
ll_amihud_hi_12 alto,22129,50.594242848750504,-0.6557571512494889,0.9749037251904871,1.0,51.38066411334143,-0.7864212645909276,-0.880683121530474,-0.7368301544050766,48,48,0.5625,False,no cruza el umbral,corto
ll_vol_lo_1 bajo | vol,21958,50.56926860369797,-0.6807313963020221,0.9785575089365125,1.0,51.37351221245544,-0.8042436087574671,-0.9227171440508712,-0.7664764654658711,48,48,0.4583333333333333,False,no cruza el umbral,corto
ll_vol_spread_6 alto | vol,22095,50.55894998868522,-0.691050011314772,0.9803856023338031,1.0,51.4140273107698,-0.8550773220845755,-0.9802531470466178,-0.7920786440060112,48,48,0.5833333333333334,False,no cruza el umbral,corto
ll_vol_hi_1 bajo | vol,22014,50.5223948396475,-0.7276051603524962,0.9848646213289267,1.0,51.35325863711143,-0.8308637974639339,-0.9259559300064666,-0.7973251028806487,48,48,0.4583333333333333,False,no cruza el umbral,corto
ll_amihud_hi_12 alto | vol,21974,50.4823882770547,-0.7676117229452899,0.9887912349167503,1.0,51.396647021654715,-0.9142587446000121,-1.0068656509053824,-0.8499268437657079,48,48,0.5625,False,no cruza el umbral,corto
ll_vol_spread_24 alto | vol,22228,50.45888069102033,-0.7911193089796598,0.9910193661922413,1.0,51.359849157284046,-0.9009684662637127,-1.0369415807560074,-0.8856641774156984,48,45,0.6222222222222222,False,no cruza el umbral,corto
ll_amihud_spread_6 alto | vol,21861,50.20355884909199,-1.0464411509080023,0.999039419646252,1.0,51.365315835194835,-1.1617569861028443,-1.2942045507421653,-1.144252873563211,48,48,0.5416666666666666,False,no cruza el umbral,corto
ll_amihud_spread_6 alto,22080,50.158514492753625,-1.091485507246368,0.9994260050346416,1.0,51.324434976213986,-1.1659204834603614,-1.3145042388499775,-1.17717341829767,48,48,0.5416666666666666,False,no cruza el umbral,corto
ll_amihud_lo_1 bajo | vol,21926,50.00456079540272,-1.2454392045972753,0.9998906003498251,1.0,51.40147985675928,-1.396919061356563,-1.510223048327127,-1.3464010282776329,48,48,0.4375,False,no cruza el umbral,corto
ll_vol_spread_24 alto,22138,49.990965760231276,-1.2590342397687166,0.9999131523444356,1.0,51.37268464012812,-1.3817188798968445,-1.5027108987318414,-1.3409008271975225,47,45,0.6222222222222222,False,no cruza el umbral,corto
ll_tk_spread_24 alto,21985,49.92494882874687,-1.325051171253122,0.9999588105179431,1.0,51.367469522907264,-1.4425206941603932,-1.5809112787522466,-1.4329324064757998,48,44,0.5909090909090909,False,no cruza el umbral,corto
ll_tk_spread_24 alto | vol,21984,49.88173216885007,-1.3682678311499217,0.9999760328590646,1.0,51.36853138220992,-1.486799213359852,-1.624930568413248,-1.4763892064943889,48,44,0.5909090909090909,False,no cruza el umbral,corto
ll_tk_spread_6 alto | vol,22076,49.86410581627106,-1.3858941837289294,0.9999815710242312,1.0,51.326112537790344,-1.4620067215192805,-1.6272890402134834,-1.4707254357620627,48,47,0.5319148936170213,False,no cruza el umbral,corto
ll_qv_spread_6 bajo | vol,21841,49.85577583443981,-1.394224165560182,0.9999817844749992,1.0,51.38093099513252,-1.5251551606927123,-1.6347050594544115,-1.4962600690448724,48,47,0.5319148936170213,False,no cruza el umbral,corto
ll_qv_spread_24 bajo,22016,49.76380813953488,-1.4861918604651123,0.9999950301483429,1.0,51.33822710145939,-1.5744189619245077,-1.7515021955165153,-1.5812771304546445,48,45,0.4666666666666667,False,no cruza el umbral,corto
ll_qv_spread_12 bajo | vol,21843,49.68182026278441,-1.56817973721558,0.9999982877308464,1.0,51.35518085602732,-1.6733605932429043,-1.8557217407510933,-1.6735337445907277,48,48,0.5416666666666666,False,no cruza el umbral,corto
ll_qv_spread_6 bajo,22018,49.66845308384049,-1.5815469161595033,0.9999987103194012,1.0,51.33330761207373,-1.664854528233242,-1.8040677809585333,-1.6678654610220534,48,47,0.5106382978723404,False,no cruza el umbral,corto
ll_tk_spread_6 alto,22039,49.65288806207178,-1.5971119379282115,0.9999989840121944,1.0,51.33519995166434,-1.6823118895925617,-1.8376388440798195,-1.6807397784766778,48,47,0.5319148936170213,False,no cruza el umbral,corto
ll_qv_spread_12 bajo,21992,49.61804292469989,-1.6319570753001003,0.9999993781495806,1.0,51.33746274616959,-1.7194198214696996,-1.904940985882888,-1.7392994329613956,48,47,0.5106382978723404,False,no cruza el umbral,corto
ll_amihud_spread_12 alto | vol,21964,49.54015661992351,-1.7098433800764852,0.9999998076710321,1.0,51.369100063764925,-1.8289434438414176,-1.9822951427511981,-1.8131352440252613,48,47,0.5319148936170213,False,no cruza el umbral,corto
ll_amihud_spread_12 alto,22050,49.49659863945578,-1.7534013605442098,0.9999999084382585,1.0,51.36676932601664,-1.8701706865608543,-2.0186625732883883,-1.8542778309846213,48,47,0.5319148936170213,False,no cruza el umbral,corto
ll_qv_spread_24 bajo | vol,21867,49.357479306717885,-1.8925206932821084,0.9999999896258058,1.0,51.357476980167846,-1.9999976734499612,-2.1569767441860392,-1.983704402226408,47,45,0.4888888888888889,False,no cruza el umbral,corto
ll_vol_spread_24 bajo,22148,49.17825537294564,-2.0717446270543505,0.9999999996693392,1.0,51.36460805417492,-2.1863526812292804,-2.331019049804901,-2.1699109617044385,48,45,0.4222222222222222,False,no cruza el umbral,corto
ll_vol_spread_24 bajo | vol,21946,49.038549166135056,-2.2114508338649372,0.9999999999732703,1.0,51.45038202492227,-2.411832858787214,-2.501046414287039,-2.316464841062327,48,46,0.391304347826087,False,no cruza el umbral,corto
ll_amihud_spread_24 alto,22044,48.88405008165487,-2.365949918345123,0.999999999999,1.0,51.33513112746684,-2.451081045811968,-2.6338192487178276,-2.463946695874398,48,44,0.5454545454545454,False,no cruza el umbral,corto
ll_amihud_spread_24 alto | vol,21953,48.76782216553546,-2.4821778344645296,0.9999999999999112,1.0,51.35548908519847,-2.5876669196630075,-2.7388682745825506,-2.5717574563613823,48,44,0.5454545454545454,False,no cruza el umbral,corto
