perp,spot,costo_fut,costo_spot,spread_fut,spread_spot,slip_fut,slip_spot,rank,dif,orden
BTCUSDT,BTCUSDT,0.10012826473843042,0.20001282257513503,0.00012826473842756508,1.2821309233007136e-05,0.00012826473843041697,1.282257513501861e-05,1,-0.09988455783670461,1000.0
ETHUSDT,ETHUSDT,0.10040877475897539,0.20040857267181728,0.00040877475898510544,0.0004085726718086196,0.0004087747589753832,0.0004085726718172644,2,-0.09999979791284189,1000.0
SOLUSDT,SOLUSDT,0.10950434823930869,0.20949712711902918,0.009504348239324351,0.009497127119037852,0.00950434823930868,0.00949712711902917,3,-0.0999927788797205,1000.0
ZECUSDT,ZECUSDT,0.10503925278476647,0.2087692689984431,0.0011931109772164608,0.00119313944817192,0.005039252784766468,0.008769268998443103,4,-0.10373001621367664,1000.0
TRUMPUSDT,TRUMPUSDT,0.1366233290606144,0.23660992128868835,0.03662332906060758,0.03660992128868146,0.036623329060614385,0.03660992128868834,5,-0.09998659222807396,1000.0
XRPUSDT,XRPUSDT,0.1071620411817408,0.20716050266728053,0.007162041181736005,0.0071574276205124,0.007162041181740797,0.007160502667280522,7,-0.09999846148553973,1000.0
ENAUSDT,ENAUSDT,0.11609800873855206,0.2629128656810196,0.006300601707469364,0.06291286568102485,0.01609800873855205,0.06291286568101961,8,-0.14681485694246757,1000.0
DOGEUSDT,DOGEUSDT,0.11169659044388816,0.22009324311263995,0.011696590443897304,0.011688387586927853,0.011696590443888155,0.020093243112639936,11,-0.10839665266875179,1000.0
BNBUSDT,BNBUSDT,0.1014449927389193,0.2014457448115901,0.0014447422218677492,0.0014457448115984288,0.001444992738919293,0.0014457448115900995,14,-0.10000075207267081,1000.0
PUMPUSDT,PUMPUSDT,0.12165973404397726,0.23266950353816301,0.020744736023236857,0.02076627556847955,0.021659734043977252,0.032669503538163,15,-0.11100976949418576,1000.0
DEXEUSDT,DEXEUSDT,0.14114379757250708,0.2850396276275145,0.041126876413731854,0.04100881689562804,0.04114379757250708,0.08503962762751449,16,-0.14389583005500742,1000.0
HEMIUSDT,HEMIUSDT,0.18636442883982465,0.3393812400021566,0.008929767379568692,0.08892841262783097,0.08636442883982465,0.13938124000215657,17,-0.15301681116233193,1000.0
SUIUSDT,SUIUSDT,0.11338419326776253,0.21838477792667216,0.013384193267749311,0.013369877665617888,0.013384193267762523,0.018384777926672147,18,-0.10500058465890963,1000.0
1000PEPEUSDT,PEPEUSDT,0.11418475047194612,0.47210884353742194,0.002724387353389541,0.2721088435374123,0.014184750471946117,0.27210884353742193,19,-0.3579240930654758,1000.0
ONGUSDT,ONGUSDT,0.1490803426798414,0.3509707744393962,0.00810471289054271,0.07244918494667478,0.049080342679841404,0.15097077443939622,20,-0.20189043175955482,1000.0
TUTUSDT,TUTUSDT,0.18963234079252259,0.3462664500411659,0.028228652081871735,0.05564830272678388,0.08963234079252258,0.1462664500411659,23,-0.15663410924864332,1000.0
ADAUSDT,ADAUSDT,0.14949269982675864,0.24941932295526864,0.0494926998267701,0.04941932295527007,0.049492699826758635,0.04941932295526863,24,-0.09992662312851,1000.0
WLDUSDT,WLDUSDT,0.12637478570486352,0.23401508754539152,0.026374785704863242,0.026346989856406003,0.026374785704863513,0.03401508754539151,25,-0.107640301840528,1000.0
LINKUSDT,LINKUSDT,0.10873171796551553,0.21191561859323899,0.008731717965504876,0.008727907484175831,0.008731717965515529,0.011915618593238975,26,-0.10318390062772345,1000.0
TAOUSDT,TAOUSDT,0.11620542621755262,0.24191993292812503,0.004196126974798441,0.041919932928104926,0.01620542621755261,0.041919932928125014,27,-0.1257145067105724,1000.0
NILUSDT,NILUSDT,0.16170594417791442,0.4929235111275297,0.034453057708870256,0.1554001554001551,0.06170594417791442,0.2929235111275297,28,-0.33121756694961524,1000.0
NEARUSDT,NEARUSDT,0.15433306166803265,0.25430355688298417,0.054333061668019,0.05430355688298192,0.054333061668032645,0.05430355688298416,29,-0.09997049521495152,1000.0
PAXGUSDT,PAXGUSDT,0.10022436943771798,0.20022421650343053,0.00022436943772589875,0.00022421650344023862,0.00022436943771797502,0.0002242165034305188,30,-0.09999984706571255,1000.0
AAVEUSDT,AAVEUSDT,0.1147312821817458,0.21184067120626465,0.008018924662195505,0.008015710793158685,0.014731282181745797,0.011840671206264641,31,-0.09710938902451885,1000.0
UNIUSDT,UNIUSDT,0.12221975336074156,0.2313336164658229,0.022219753360745113,0.022224691632411024,0.022219753360741556,0.03133361646582289,32,-0.10911386310508134,1000.0
PROMUSDT,PROMUSDT,0.16885333688516627,0.3115233183153652,0.018749414080799585,0.056142977449239524,0.06885333688516626,0.11152331831536522,33,-0.14266998143019896,1000.0
MOVRUSDT,MOVRUSDT,0.18440985259086098,0.4089560044885919,0.024642681123703544,0.12322858903265567,0.08440985259086098,0.20895600448859186,34,-0.2245461518977309,1000.0
CHIPUSDT,CHIPUSDT,0.16594954545176002,0.30722770608870836,0.02453686664212029,0.024530847540790046,0.06594954545176002,0.10722770608870835,35,-0.14127816063694834,1000.0
BCHUSDT,BCHUSDT,0.10426514576644666,0.24055972419387822,0.004058029826527068,0.04055972419387317,0.004265145766446654,0.04055972419387821,36,-0.13629457842743156,1000.0
ONDOUSDT,ONDOUSDT,0.12821272393850328,0.2354101004183427,0.028212723938493153,0.028196813760042006,0.02821272393850327,0.035410100418342694,37,-0.10719737647983943,1000.0
TRXUSDT,TRXUSDT,0.10295538841192933,0.22953773445576459,0.002955388411924992,0.02953773445576399,0.0029553884119293272,0.029537734455764575,38,-0.12658234604383525,1000.0
AVAXUSDT,AVAXUSDT,0.1135971174111238,0.22704511850514236,0.013593420784344917,0.013586033557495358,0.013597117411123794,0.02704511850514235,39,-0.11344800109401856,1000.0
PENGUUSDT,PENGUUSDT,0.1298224624470156,0.24272399162463804,0.010795055864406166,0.010771799429105403,0.029822462447015585,0.042723991624638025,40,-0.11290152917762244,1000.0
LTCUSDT,LTCUSDT,0.12033553634975816,0.22032726903141714,0.020335536349767182,0.02032726903141603,0.020335536349758154,0.020327269031417128,43,-0.09999173268165898,1000.0
FILUSDT,FILUSDT,0.11660125741363983,0.25293339218457317,0.0145953440852352,0.014586828094229305,0.016601257413639825,0.05293339218457316,44,-0.13633213477093334,1000.0
COTIUSDT,COTIUSDT,0.12820047146263605,0.3783238539366683,0.007683147017012527,0.15278838808251274,0.028200471462636045,0.17832385393666828,45,-0.2501233824740322,1000.0
ASTERUSDT,ASTERUSDT,0.12886110200120973,0.34295925661185206,0.01429899192106799,0.14295925661186576,0.028861102001209726,0.14295925661185205,47,-0.21409815461064233,1000.0
TURBOUSDT,TURBOUSDT,0.17659252662122196,0.41051255611257426,0.009614922359507396,0.1913875598086171,0.07659252662122196,0.21051255611257425,48,-0.2339200294913523,1000.0
BANKUSDT,BANKUSDT,0.1720391760050898,0.4649006622516659,0.026507620941028664,0.2649006622516632,0.0720391760050898,0.26490066225166586,51,-0.29286148624657604,1000.0
EDENUSDT,EDENUSDT,0.19677125543521293,0.353460025869101,0.014853323431111957,0.014818107727637437,0.09677125543521292,0.153460025869101,53,-0.1566887704338881,1000.0
XAUTUSDT,XAUTUSDT,0.10022452661367912,0.20022451501950905,0.00022452661368531883,0.00022444950952660856,0.0002245266136791102,0.00022451501950904174,54,-0.09999998840582994,1000.0
XLMUSDT,XLMUSDT,0.11262766706141561,0.255540127742304,0.005558180251791125,0.05554012774230311,0.012627667061415604,0.05554012774230399,56,-0.1429124606808884,1000.0
ROBOUSDT,ROBOUSDT,0.2227287229398577,0.4152088488427295,0.07590132827325487,0.07578628268283132,0.1227287229398577,0.2152088488427295,57,-0.1924801259028718,1000.0
DASHUSDT,DASHUSDT,0.14765943105061732,0.2628135228268101,0.023705108450866444,0.023705108450866444,0.04765943105061732,0.06281352282681008,58,-0.11515409177619276,1000.0
HBARUSDT,HBARUSDT,0.12221659548784505,0.22859950181823835,0.013238895876078804,0.013233639912652848,0.022216595487845048,0.028599501818238338,59,-0.1063829063303933,1000.0
DOTUSDT,DOTUSDT,0.12390920727665114,0.31813349084466297,0.011821029611677875,0.11813349084465456,0.023909207276651134,0.11813349084466296,60,-0.19422428356801183,1000.0
FETUSDT,FETUSDT,0.16607201850016287,0.2667917469298174,0.06607201850017624,0.06602839220864244,0.06607201850016287,0.06679174692981737,61,-0.10071972842965451,1000.0
HUMAUSDT,HUMAUSDT,0.18691902485649106,0.3901859960430574,0.009776604585237329,0.09765625000001296,0.08691902485649106,0.19018599604305741,63,-0.20326697118656636,1000.0
XPLUSDT,XPLUSDT,0.14182196715721843,0.27738469923627146,0.011612378795791817,0.011598909702499566,0.04182196715721842,0.07738469923627145,65,-0.13556273207905303,1000.0
1000SHIBUSDT,SHIBUSDT,0.12827846236249654,0.3936108422071592,0.01936295866008583,0.19361084220716177,0.028278462362496537,0.19361084220715918,67,-0.2653323798446626,1000.0
INJUSDT,INJUSDT,0.13246146219803015,0.26029683948038934,0.019605920988144964,0.019594396002749755,0.032461462198030144,0.06029683948038933,68,-0.1278353772823592,1000.0
BMTUSDT,BMTUSDT,0.2133047627237649,0.33104920401669774,0.04316857327865138,0.043094160741232755,0.11330476272376488,0.13104920401669773,70,-0.11774444129293285,1000.0
GIGGLEUSDT,GIGGLEUSDT,0.15445772522866266,0.32595590731565577,0.023565453045830118,0.07057993177273529,0.05445772522866266,0.12595590731565576,71,-0.1714981820869931,1000.0
WLFIUSDT,WLFIUSDT,0.1393835224891559,0.37196904557178484,0.01718656010998732,0.171969045571802,0.03938352248915589,0.17196904557178483,73,-0.23258552308262895,1000.0
STXUSDT,STXUSDT,0.16680038168157543,0.2963828821620494,0.040363269424818965,0.040395879620274286,0.06680038168157543,0.09638288216204938,75,-0.12958250048047396,1000.0
APTUSDT,APTUSDT,0.13093497653863242,0.38365472910927273,0.018377285674903793,0.18365472910927474,0.03093497653863242,0.18365472910927272,76,-0.2527197525706403,1000.0
WIFUSDT,WIFUSDT,0.14917629702482219,0.2979787102583729,0.04917629702482861,0.04915212582943671,0.04917629702482218,0.0979787102583729,78,-0.14880241323355073,1000.0
BICOUSDT,BICOUSDT,0.1991565445135456,0.3557911705824089,0.04459308807134712,0.04455335263978433,0.09915654451354561,0.15579117058240888,80,-0.15663462606886328,1000.0
ZROUSDT,ZROUSDT,0.1652500437867909,0.2915331807780251,0.0091747327859066,0.09153318077802196,0.06525004378679089,0.09153318077802508,81,-0.1262831369912342,1000.0
VIRTUALUSDT,VIRTUALUSDT,0.14127106292591832,0.26236335677843875,0.014406108189870918,0.028768699654772432,0.04127106292591831,0.06236335677843874,82,-0.12109229385252043,1000.0
ICPUSDT,ICPUSDT,0.1396118043176741,0.2633544214511894,0.03961180431768231,0.039580447259067245,0.03961180431767408,0.06335442145118941,83,-0.12374261713351534,1000.0
OPUSDT,OPUSDT,0.12877653924895363,0.3121704991587369,0.011222714774699652,0.11217049915872447,0.028776539248953625,0.11217049915873689,88,-0.18339395990978327,1000.0
ACEUSDT,ACEUSDT,0.14428497048175606,0.39833655412362373,0.005204673797074974,0.10389610389610687,0.04428497048175606,0.19833655412362372,89,-0.25405158364186764,1000.0
1000BONKUSDT,BONKUSDT,0.1570276643265144,0.5316749585406064,0.03317299718028526,0.331674958540627,0.057027664326514405,0.33167495854060647,90,-0.37464729421409204,1000.0
TSTUSDT,TSTUSDT,0.2726747927404015,0.4482639082373672,0.0581226387677977,0.11648223645893527,0.17267479274040154,0.24826390823736721,91,-0.1755891154969657,1000.0
HOMEUSDT,HOMEUSDT,0.16502261583637426,0.36220600162205613,0.016258840744657065,0.16220600162206747,0.06502261583637425,0.16220600162205612,92,-0.19718338578568187,1000.0
MANTRAUSDT,MANTRAUSDT,0.22028222120342714,0.473126615218966,0.04580852038479765,0.22857142857143903,0.12028222120342713,0.273126615218966,93,-0.2528443940155388,1000.0
JUPUSDT,JUPUSDT,0.1680519627955123,0.3117432453422773,0.04517732098487316,0.04513653802752832,0.06805196279551229,0.11174324534227731,94,-0.14369128254676503,1000.0
ETCUSDT,ETCUSDT,0.12161100323749832,0.3321877065432964,0.013223140495860439,0.1321877065433004,0.021611003237498316,0.13218770654329637,95,-0.21057670330579806,1000.0
ARBUSDT,ARBUSDT,0.12917496141698895,0.3133144475920722,0.011326952483429941,0.11331444759207124,0.029174961416988943,0.11331444759207221,96,-0.18413948617508327,1000.0
TIAUSDT,TIAUSDT,0.1555635232464935,0.27004914981065814,0.029261155815651495,0.029226947245357,0.055563523246493496,0.07004914981065813,97,-0.11448562656416464,1000.0
POLUSDT,POLUSDT,0.14549520725629642,0.23887071644729235,0.00950796291894093,0.009495323553146393,0.04549520725629641,0.03887071644729234,99,-0.09337550919099594,1000.0
ETHFIUSDT,ETHFIUSDT,0.1751058397604698,0.33452288798359026,0.01853052904660224,0.07407407407408648,0.0751058397604698,0.13452288798359024,100,-0.15941704822312044,1000.0
OPGUSDT,OPGUSDT,0.2634686845787825,0.34345960687492944,0.10178117048346347,0.10188487009677939,0.1634686845787825,0.14345960687492942,102,-0.07999092229614696,1000.0
ZKPUSDT,ZKPUSDT,0.20697894909009742,0.6106776180698212,0.02053177291859781,0.20512820512821098,0.10697894909009742,0.4106776180698213,103,-0.40369866897972384,1000.0
KAITOUSDT,KAITOUSDT,0.15894326161604014,0.30416329880201803,0.03145148608271395,0.0627943485086273,0.05894326161604013,0.10416329880201802,104,-0.1452200371859779,1000.0
CRVUSDT,CRVUSDT,0.15802019574628892,0.28302756137004154,0.032910975810429156,0.03287851389118675,0.058020195746288916,0.08302756137004152,105,-0.12500736562375261,1000.0
ONTUSDT,ONTUSDT,0.18490782298369304,0.36880706266937385,0.01738374619729878,0.017341541663047123,0.08490782298369304,0.16880706266937384,107,-0.1838992396856808,1000.0
ATOMUSDT,ATOMUSDT,0.1660283922086502,0.2779263789437934,0.06602839220864244,0.06598482349060455,0.0660283922086502,0.0779263789437934,108,-0.1118979867351432,1000.0
JTOUSDT,JTOUSDT,0.15317789633489945,0.27962583100210586,0.020122748767479423,0.020094443886263233,0.053177896334899444,0.07962583100210585,109,-0.1264479346672064,1000.0
LDOUSDT,LDOUSDT,0.1651539390708944,0.2997291247661347,0.027758501040940728,0.027735404243513798,0.0651539390708944,0.09972912476613471,110,-0.13457518569524032,1000.0
VETUSDT,VETUSDT,0.14752428324626968,0.3212352942858819,0.014741652539251608,0.029407440082344735,0.04752428324626967,0.12123529428588187,111,-0.1737110110396122,1000.0
BOMEUSDT,BOMEUSDT,0.160632531018201,0.2901733017958706,0.009842035332912419,0.019663749877112703,0.060632531018200986,0.09017330179587058,113,-0.1295407707776696,1000.0
PEOPLEUSDT,PEOPLEUSDT,0.16914519800286235,0.35684368475640255,0.012166190157543224,0.12158054711245705,0.06914519800286234,0.15684368475640253,114,-0.1876984867535402,1000.0
FOGOUSDT,FOGOUSDT,0.2383356449486839,0.48867564266775726,0.02637478570485821,0.13201320132012664,0.1383356449486839,0.28867564266775725,115,-0.25033999771907334,1000.0
KITEUSDT,KITEUSDT,0.2206526069980174,0.3521108686231898,0.021717884678033986,0.07254261878853027,0.12065260699801739,0.1521108686231898,116,-0.1314582616251724,1000.0
SANDUSDT,SANDUSDT,0.14866951939783704,0.3120338050186298,0.025930247633872843,0.025943702166307075,0.048669519397837036,0.1120338050186298,118,-0.16336428562079278,1000.0
MUBARAKUSDT,MUBARAKUSDT,0.23495840448334296,0.39245493592797703,0.044672771945497396,0.04477277815088244,0.13495840448334295,0.19245493592797702,119,-0.15749653144463407,1000.0
GPSUSDT,GPSUSDT,0.19628964287617948,0.4305755366351803,0.020842017507297472,0.10411244143676553,0.09628964287617947,0.23057553663518027,122,-0.2342858937590008,1000.0
REUSDT,REUSDT,0.16496807009408468,0.2636291913702625,0.020257267294650966,0.020220402386005254,0.06496807009408467,0.06362919137026246,123,-0.0986611212761778,1000.0
BEAMXUSDT,BEAMXUSDT,0.23553002280742855,0.3757553910024079,0.06395906619764201,0.12746972594009232,0.13553002280742854,0.1757553910024079,124,-0.14022536819497936,1000.0
GALAUSDT,GALAUSDT,0.18571016023084522,0.31001100110011875,0.054990376684087586,0.10995052226498343,0.08571016023084521,0.11001100110011874,125,-0.12430084086927354,1000.0
ENSOUSDT,ENSOUSDT,0.242405849810201,0.31280315848842816,0.03387342629707875,0.11280315848843778,0.142405849810201,0.11280315848842815,126,-0.07039730867822716,1000.0
HEIUSDT,HEIUSDT,0.19441816836744943,0.3926562266737708,0.007228828568317669,0.0722804481387705,0.09441816836744943,0.1926562266737708,127,-0.19823805830632138,1000.0
PENDLEUSDT,PENDLEUSDT,0.1597099019671643,0.3017303325437702,0.005877339915953393,0.058737151248171034,0.0597099019671643,0.10173033254377017,129,-0.14202043057660588,1000.0
ALLOUSDT,ALLOUSDT,0.17271564030377765,0.351502293712269,0.007747133560590333,0.038692203520986256,0.07271564030377764,0.15150229371226898,130,-0.17878665340849134,1000.0
ORDIUSDT,ORDIUSDT,0.15692133873795858,0.3097636373933564,0.02473104983305171,0.024718823384015175,0.05692133873795857,0.10976363739335637,131,-0.1528422986553978,1000.0
XTZUSDT,XTZUSDT,0.18264350786127972,0.38956805489933616,0.045402951191822465,0.04532064355314604,0.08264350786127972,0.18956805489933615,132,-0.20692454703805643,1000.0
GRAMUSDT,GRAMUSDT,0.17317965605561084,0.27317965605561084,0.07317965605560847,0.07317965605560847,0.07317965605561083,0.07317965605561083,133,-0.1,1000.0
MOVEUSDT,MOVEUSDT,0.18986963815369454,1.304972375690616,0.033056029970795334,1.0928961748633814,0.08986963815369453,1.104972375690616,134,-1.1151027375369214,1000.0
KNCUSDT,KNCUSDT,0.25033655550864553,0.43048379215558913,0.08166598611678469,0.16326530612245366,0.15033655550864555,0.23048379215558912,135,-0.1801472366469436,1000.0
RENDERUSDT,RENDERUSDT,0.16894174422613642,0.31018248965990464,0.06894174422613664,0.06884681583477534,0.06894174422613641,0.11018248965990463,137,-0.14124074543376822,1000.0
MORPHOUSDT,MORPHOUSDT,0.1648042639221913,0.3004956244166633,0.020594353028406488,0.041126876413731854,0.0648042639221913,0.10049562441666327,138,-0.13569136049447197,1000.0
SEIUSDT,SEIUSDT,0.1413658651409743,0.2966799893931003,0.021703743895828673,0.02169432693351353,0.04136586514097429,0.0966799893931003,139,-0.155314124252126,1000.0
AEROUSDT,AEROUSDT,0.1408663669799747,0.2645398651938023,0.04086636697997098,0.020401917780280426,0.0408663669799747,0.06453986519380228,140,-0.12367349821382759,1000.0
ZENUSDT,ZENUSDT,0.1566967709610844,0.3483141825245782,0.01919570016316986,0.03838034926117405,0.056696770961084386,0.14831418252457818,141,-0.1916174115634938,1000.0
MASKUSDT,MASKUSDT,0.2247402143123355,0.43121387283238094,0.023140113386553047,0.23121387283237013,0.1247402143123355,0.23121387283238093,143,-0.20647365852004543,1000.0
MINAUSDT,MINAUSDT,0.21760623307774943,0.4840270281198154,0.04690064879229011,0.15612802498048847,0.11760623307774942,0.2840270281198154,145,-0.26642079504206595,1000.0
RUNEUSDT,RUNEUSDT,0.17637860117396534,0.40986358866736944,0.021032705857606266,0.2098635886673664,0.07637860117396533,0.20986358866736943,146,-0.2334849874934041,1000.0
PYTHUSDT,PYTHUSDT,0.18442408187904205,0.27203269180661166,0.020727536532289485,0.020578248791019906,0.08442408187904205,0.07203269180661165,147,-0.08760860992756961,1000.0
TWTUSDT,TWTUSDT,0.22965300609063535,0.4690551833243071,0.02043527127822397,0.06119326874044314,0.12965300609063535,0.2690551833243071,149,-0.23940217723367177,1000.0
NEIROUSDT,NEIROUSDT,0.17782271592452484,0.3406906190637769,0.01138239144045117,0.011368157790024239,0.07782271592452483,0.1406906190637769,150,-0.16286790313925206,1000.0
JASMYUSDT,JASMYUSDT,0.20239376087745056,0.5369461048153499,0.021475357027794812,0.21436227224007703,0.10239376087745056,0.3369461048153499,151,-0.33455234393789934,1000.0
ALGOUSDT,ALGOUSDT,0.14082346994350728,0.3151433653955314,0.011485671624643798,0.11474469305794935,0.04082346994350727,0.11514336539553138,152,-0.17431989545202412,1000.0
ENSUSDT,ENSUSDT,0.17010165731752283,0.3771479185119662,0.03546728143287427,0.17714791851196945,0.07010165731752283,0.1771479185119662,154,-0.2070462611944434,1000.0
币安人生USDT,币安人生USDT,0.2106762139987505,0.34431783937106647,0.019453360568035986,0.07783615489393966,0.1106762139987505,0.14431783937106646,157,-0.13364162537231597,1000.0
ZAMAUSDT,ZAMAUSDT,0.19502246785989544,0.3171585254820973,0.01921783415009717,0.03837298541827729,0.09502246785989543,0.11715852548209726,158,-0.12213605762220184,1000.0
EIGENUSDT,EIGENUSDT,0.19370200106655347,0.3722201424019687,0.050877639277531916,0.050825921219816515,0.09370200106655346,0.1722201424019687,159,-0.17851814133541524,1000.0
TRBUSDT,TRBUSDT,0.20233249092951314,0.35661496082221006,0.03471217818918269,0.05782017924256469,0.10233249092951313,0.15661496082221005,161,-0.15428246989269692,1000.0
MMTUSDT,MMTUSDT,0.23023597770475127,0.36349693654764687,0.05982650314088482,0.119189511323007,0.13023597770475126,0.16349693654764685,164,-0.1332609588428956,1000.0
EPICUSDT,EPICUSDT,0.2270229894411723,0.402129107397131,0.028445455838442466,0.05680204487362497,0.1270229894411723,0.20212910739713097,165,-0.17510611795595868,1000.0
ESPUSDT,ESPUSDT,0.19217436854102035,0.3746756111390857,0.01218546274295985,0.036529680365299536,0.09217436854102035,0.1746756111390857,167,-0.18250124259806536,1000.0
STRKUSDT,STRKUSDT,0.1855995663235798,0.3062635514907151,0.040249547192592446,0.04021717273275525,0.08559956632357979,0.10626355149071509,168,-0.12066398516713531,1000.0
COMPUSDT,COMPUSDT,0.20043753234925124,0.3456379953576281,0.05412719891746448,0.10816657652785058,0.10043753234925124,0.14563799535762811,169,-0.14520046300837688,1000.0
REDUSDT,REDUSDT,0.26082712707493616,0.4587996551636107,0.09254974548820255,0.18467220683286412,0.16082712707493618,0.2587996551636107,173,-0.19797252808867455,1000.0
FFUSDT,FFUSDT,0.192754302571052,0.33762709957946263,0.010611768451223007,0.052991362407936386,0.092754302571052,0.13762709957946262,174,-0.14487279700841063,1000.0
1000FLOKIUSDT,FLOKIUSDT,0.18313736639494752,0.3019946475312561,0.039070130884936875,0.03903962521959091,0.08313736639494751,0.10199464753125609,175,-0.11885728113630858,1000.0
AXSUSDT,AXSUSDT,0.15556960791874844,0.3129481773587626,0.011053998784058917,0.11043622308117072,0.05556960791874843,0.11294817735876261,177,-0.1573785694400142,1000.0
METUSDT,METUSDT,0.192309517700373,0.40726090689837663,0.04881620698071222,0.14616321559074041,0.09230951770037299,0.20726090689837662,178,-0.21495138919800363,1000.0
0GUSDT,0GUSDT,0.23579165598246457,0.3381068195711377,0.06182380216382627,0.06178560395427186,0.13579165598246457,0.13810681957113768,179,-0.10231516358867312,1000.0
BBUSDT,BBUSDT,0.3095842349012722,0.5775989835906767,0.11080332409971846,0.22075055187637066,0.2095842349012722,0.3775989835906768,180,-0.26801474868940456,1000.0
CHZUSDT,CHZUSDT,0.22246194442969705,0.33362975494737307,0.07238508867174323,0.07228044813877552,0.12246194442969704,0.13362975494737306,181,-0.11116781051767602,1000.0
PNUTUSDT,PNUTUSDT,0.17918060137446226,0.49898145210390804,0.019396760740962197,0.19398642095053903,0.07918060137446226,0.29898145210390803,182,-0.31980085072944575,1000.0
ZBTUSDT,ZBTUSDT,0.19735226434263167,0.40666398583600866,0.01240310077518899,0.12399256044635958,0.09735226434263167,0.20666398583600865,183,-0.20931172149337698,1000.0
RIFUSDT,RIFUSDT,0.23117351591758198,0.46068632356526235,0.0138016700020649,0.13708019191225357,0.13117351591758197,0.26068632356526233,184,-0.22951280764768037,1000.0
APEUSDT,APEUSDT,0.2119350894165483,0.3276615889189814,0.06937218175510855,0.06932409012132877,0.11193508941654828,0.12766158891898138,186,-0.1157264995024331,1000.0
SOMIUSDT,SOMIUSDT,0.2999839502202838,0.43736602040661526,0.08845643520566374,0.08837825894828899,0.1999839502202838,0.23736602040661525,187,-0.13738207018633147,1000.0
SPKUSDT,SPKUSDT,0.212888965600344,0.40971785131403965,0.05242463958060074,0.04699125440544087,0.112888965600344,0.20971785131403964,188,-0.19682888571369564,1000.0
LSKUSDT,LSKUSDT,0.272494949158819,0.5871113215159649,0.04963025460320065,0.19782393669633222,0.17249494915881902,0.38711132151596495,189,-0.3146163723571459,1000.0
GASUSDT,GASUSDT,0.26306064711245625,0.3688910140531408,0.07719027402548143,0.07695267410543377,0.16306064711245627,0.16889101405314078,191,-0.10583036694068454,1000.0
KAVAUSDT,KAVAUSDT,0.2523612136245522,0.39911904378860924,0.043506634761799404,0.043402777777776014,0.15236121362455224,0.19911904378860923,192,-0.14675783016405702,1000.0
CAKEUSDT,CAKEUSDT,0.1542661865724381,0.2579206487112516,0.005793910599958804,0.05788712011576786,0.05426618657243809,0.05792064871125158,194,-0.10365446213881349,1000.0
PLUMEUSDT,PLUMEUSDT,0.26233158364271636,0.4053212920227754,0.07039774727208442,0.07034822370734853,0.16233158364271638,0.20532129202277538,195,-0.14298970838005903,1000.0
EULUSDT,EULUSDT,0.21448358396554115,0.39924555739481155,0.007406035919273393,0.07410151908114945,0.11448358396554115,0.19924555739481153,196,-0.1847619734292704,1000.0
KMNOUSDT,KMNOUSDT,0.2450886276173069,0.37347092093144,0.07812499999999682,0.0389939559368282,0.1450886276173069,0.17347092093144,199,-0.12838229331413312,1000.0
COWUSDT,COWUSDT,0.23311136760675302,0.3234120500334113,0.08186655751125899,0.08179959100204734,0.13311136760675302,0.12341205003341127,200,-0.09030068242665826,1000.0
BTCUSDT,BTCUSDT,0.10012819682829735,0.20001281600339188,0.0001281968282897335,1.2816003387989073e-05,0.00012819682829734447,1.2816003391868946e-05,1,-0.09988461917509453,10000.0
ETHUSDT,ETHUSDT,0.1004086478048504,0.20040832742957965,0.000408647804836491,0.0004083274295895913,0.00040864780485039276,0.00040832742957963575,2,-0.09999967962472925,10000.0
SOLUSDT,SOLUSDT,0.10949532355312144,0.20948991696322344,0.009495323553141439,0.00948991696321794,0.009495323553121437,0.009489916963223433,3,-0.099994593410102,10000.0
ZECUSDT,ZECUSDT,0.11585517704320028,0.23530485436604726,0.00118935055512829,0.0011893929932847947,0.015855177043200275,0.035304854366047245,4,-0.11944967732284698,10000.0
TRUMPUSDT,TRUMPUSDT,0.13659652333027897,0.2905179137974388,0.036596523330279594,0.03663674665689284,0.03659652333027896,0.09051791379743879,5,-0.15392139046715983,10000.0
XRPUSDT,XRPUSDT,0.10715640319175482,0.2161440083588982,0.007148729313363763,0.007139542355334236,0.007156403191754812,0.016144008358898176,7,-0.10898760516714337,10000.0
ENAUSDT,ENAUSDT,0.14248743238388642,0.3086175677748935,0.0062970309499134165,0.06295247088449275,0.042487432383886414,0.10861756777489351,8,-0.1661301353910071,10000.0
DOGEUSDT,DOGEUSDT,0.11168292540453253,0.22752805567649564,0.011682925404516762,0.011677468324862644,0.01168292540453253,0.027528055676495633,11,-0.11584513027196311,10000.0
BNBUSDT,BNBUSDT,0.10546170825375115,0.208636160027109,0.0014447839686757696,0.0014453477868098868,0.005461708253751141,0.008636160027108986,14,-0.10317445177335785,10000.0
PUMPUSDT,PUMPUSDT,0.16103616019812464,0.2991184256137756,0.020779220779205514,0.020774903916072146,0.061036160198124634,0.0991184256137756,15,-0.13808226541565097,10000.0
DEXEUSDT,DEXEUSDT,0.23984544949717793,0.4913222623102785,0.04095842719640934,0.04094165813715005,0.13984544949717792,0.29132226231027847,16,-0.2514768128131005,10000.0
HEMIUSDT,HEMIUSDT,0.3740528983800172,0.5930752798335102,0.026625249611710942,0.08892841262783097,0.27405289838001723,0.3930752798335102,17,-0.21902238145349295,10000.0
SUIUSDT,SUIUSDT,0.13110946505743284,0.2570796101497795,0.013369877665617888,0.013368090368289417,0.03110946505743284,0.05707961014977947,18,-0.12597014509234664,10000.0
1000PEPEUSDT,PEPEUSDT,0.13361159149170013,0.47210884353742194,0.002722755428489274,0.2721088435374123,0.03361159149170012,0.27210884353742193,19,-0.3384972520457218,10000.0
ONGUSDT,ONGUSDT,0.24066262668674945,0.6507254248708458,0.01625619767535743,0.08066467693797118,0.14066262668674945,0.4507254248708459,20,-0.4100627981840964,10000.0
TUTUSDT,TUTUSDT,0.3036031353011447,0.8011140419413973,0.028212723938504897,0.027874564459938845,0.2036031353011447,0.6011140419413974,23,-0.49751090664025266,10000.0
ADAUSDT,ADAUSDT,0.14941932295526864,0.28324837831220623,0.04941932295527007,0.04934616333579521,0.04941932295526863,0.08324837831220622,24,-0.1338290553569376,10000.0
WLDUSDT,WLDUSDT,0.1603995722365469,0.3045984057073457,0.026367831245891763,0.026353933324545782,0.060399572236546906,0.10459840570734569,25,-0.1441988334707988,10000.0
LINKUSDT,LINKUSDT,0.12051260769462271,0.2468053346025621,0.008727907484175831,0.008725622791321896,0.02051260769462271,0.04680533460256209,26,-0.12629272690793938,10000.0
TAOUSDT,TAOUSDT,0.15595280048705798,0.31401818816065835,0.004193311667885903,0.04190236748376046,0.055952800487057974,0.11401818816065834,27,-0.15806538767360037,10000.0
NILUSDT,NILUSDT,0.38672297511044273,1.0229325973136414,0.05317734645041611,0.15978695073236882,0.28672297511044276,0.8229325973136414,28,-0.6362096222031987,10000.0
NEARUSDT,NEARUSDT,0.16628955082477184,0.26982167053749545,0.054392167527869996,0.05430355688298192,0.06628955082477184,0.06982167053749544,29,-0.10353211971272361,10000.0
PAXGUSDT,PAXGUSDT,0.10022425019144957,0.20879809110942987,0.00022425019145849584,0.00022414262644094635,0.00022425019144955982,0.008798091109429862,30,-0.10857384091798031,10000.0
AAVEUSDT,AAVEUSDT,0.14266754620591007,0.27413142266724516,0.008020854220978636,0.00801185754916549,0.04266754620591007,0.07413142266724515,31,-0.1314638764613351,10000.0
UNIUSDT,UNIUSDT,0.14912040904037074,0.3067545173580986,0.022214817283115536,0.022195094884038043,0.04912040904037074,0.1067545173580986,32,-0.15763410831772787,10000.0
PROMUSDT,PROMUSDT,0.34513179602178023,0.5819680340635733,0.03749531308586014,0.056163998876722146,0.24513179602178026,0.3819680340635734,33,-0.2368362380417931,10000.0
MOVRUSDT,MOVRUSDT,0.34437647795430004,0.7258874215796405,0.012331216474517542,0.12277470841006763,0.24437647795430006,0.5258874215796405,34,-0.38151094362534044,10000.0
CHIPUSDT,CHIPUSDT,0.3554237619324162,0.45855601933706397,0.024573043371429078,0.02451881819297061,0.2554237619324162,0.25855601933706396,35,-0.10313225740464776,10000.0
BCHUSDT,BCHUSDT,0.14334956277102232,0.2680844406711456,0.004055725670711944,0.04052684903749655,0.04334956277102231,0.06808444067114561,36,-0.1247348779001233,10000.0
ONDOUSDT,ONDOUSDT,0.1455862760089465,0.2842780341472116,0.028204766605568886,0.02815711671124567,0.04558627600894649,0.08427803414721158,37,-0.1386917581382651,10000.0
TRXUSDT,TRXUSDT,0.11248162902081074,0.22952901225454775,0.0029546898314214984,0.02952901225453683,0.012481629020810736,0.029529012254547737,38,-0.117047383233737,10000.0
PENGUUSDT,PENGUUSDT,0.19723365326748113,0.32721617410494935,0.010781089968187866,0.021549402004097242,0.09723365326748112,0.12721617410494934,39,-0.12998252083746822,10000.0
AVAXUSDT,AVAXUSDT,0.13892185201453958,0.2514182843437294,0.013597117411113385,0.013589726167022274,0.03892185201453957,0.051418284343729415,40,-0.11249643232918985,10000.0
LTCUSDT,LTCUSDT,0.12265113050209378,0.25085193340753636,0.02034794994403909,0.020335536349767182,0.022651130502093775,0.050851933407536354,43,-0.12820080290544258,10000.0
FILUSDT,FILUSDT,0.15383894309367588,0.3394745518632279,0.0145953440852352,0.014584700649017571,0.05383894309367587,0.13947455186322788,44,-0.185635608769552,10000.0
COTIUSDT,COTIUSDT,0.3301349676160025,1.0022816609348781,0.007684918347750241,0.0765990042129421,0.2301349676160025,0.8022816609348782,45,-0.6721466933188757,10000.0
ASTERUSDT,ASTERUSDT,0.18014061930636807,0.3431639226914916,0.01430103682516825,0.1431639226914819,0.08014061930636807,0.14316392269149159,47,-0.16302330338512352,10000.0
TURBOUSDT,TURBOUSDT,0.3236596622850806,1.6265498106270646,0.028789405498792754,0.09592326139090002,0.2236596622850806,1.4265498106270647,48,-1.3028901483419841,10000.0
BANKUSDT,BANKUSDT,0.3218057881902324,0.553151604701396,0.026727248429782333,0.26773761713521516,0.22180578819023244,0.35315160470139606,51,-0.2313458165111636,10000.0
EDENUSDT,EDENUSDT,0.3709646729820214,0.679690249902065,0.029563932002944934,0.02953773445577629,0.2709646729820214,0.479690249902065,53,-0.30872557692004354,10000.0
XAUTUSDT,XAUTUSDT,0.10228577223068128,0.20084569163786298,0.00022443893073294526,0.0002243553429713011,0.002285772230681271,0.0008456916378629664,54,-0.0985599194071817,10000.0
XLMUSDT,XLMUSDT,0.1458174015281032,0.2732024720956903,0.005557253605273834,0.05554012774230311,0.04581740152810321,0.07320247209569031,56,-0.1273850705675871,10000.0
ROBOUSDT,ROBOUSDT,0.4232264024508158,0.7355486017874944,0.07515971439309528,0.07499062617172549,0.3232264024508158,0.5355486017874944,57,-0.3123221993366786,10000.0
DASHUSDT,DASHUSDT,0.20440694242821458,0.40425086394741944,0.023761435190697674,0.04741583688951167,0.10440694242821458,0.20425086394741943,58,-0.19984392151920485,10000.0
HBARUSDT,HBARUSDT,0.16460035504431972,0.3254222016481843,0.013233639912652848,0.013230138254957996,0.06460035504431971,0.1254222016481843,59,-0.1608218466038646,10000.0
DOTUSDT,DOTUSDT,0.16444752335830196,0.37832466499734246,0.01181823553743296,0.11813349084465456,0.06444752335830195,0.17832466499734245,60,-0.2138771416390405,10000.0
FETUSDT,FETUSDT,0.2301289588011123,0.3234774523293236,0.06607201850017624,0.0659848234906082,0.1301289588011123,0.12347745232932361,61,-0.09334849352821131,10000.0
HUMAUSDT,HUMAUSDT,0.365133199204981,0.7048361547498769,0.014717064436228508,0.09775171065493249,0.265133199204981,0.504836154749877,62,-0.33970295554489593,10000.0
XPLUSDT,XPLUSDT,0.2283677094781388,0.4789902076173134,0.011620475277434343,0.011620475277434343,0.1283677094781388,0.2789902076173134,65,-0.2506224981391746,10000.0
1000SHIBUSDT,SHIBUSDT,0.1618571650416122,0.3936108422071592,0.019359210144211894,0.19361084220716177,0.061857165041612205,0.19361084220715918,67,-0.23175367716554698,10000.0
INJUSDT,INJUSDT,0.20195402315514857,0.42324832982041355,0.019613611846628107,0.01959823615873485,0.10195402315514857,0.22324832982041354,68,-0.22129430666526498,10000.0
GIGGLEUSDT,GIGGLEUSDT,0.2644202555891816,0.4924256575030482,0.02355990104842765,0.023565453045830118,0.1644202555891816,0.29242565750304816,70,-0.2280054019138666,10000.0
BMTUSDT,BMTUSDT,0.4727760558766335,0.7123285943631872,0.04322455154527595,0.04316857327865138,0.37277605587663354,0.5123285943631872,71,-0.23955253848655367,10000.0
WLFIUSDT,WLFIUSDT,0.20890843406829998,0.37196904557178484,0.017192469698265492,0.171969045571802,0.10890843406829998,0.17196904557178483,73,-0.16306061150348486,10000.0
STXUSDT,STXUSDT,0.2828601433275234,0.44511857898370516,0.04024954719258965,0.04033071183705948,0.18286014332752343,0.24511857898370515,75,-0.16225843565618175,10000.0
APTUSDT,APTUSDT,0.19782668656654892,0.5184590756033944,0.018377285674903793,0.18365472910927474,0.09782668656654891,0.3184590756033945,77,-0.32063238903684554,10000.0
WIFUSDT,WIFUSDT,0.23393940135164595,0.4399954352012235,0.04920049200492829,0.04917629702482861,0.13393940135164595,0.23999543520122346,78,-0.20605603384957752,10000.0
BICOUSDT,BICOUSDT,0.35320744456761577,0.7283963990389217,0.044692737430165774,0.044672771945497396,0.2532074445676158,0.5283963990389218,80,-0.37518895447130596,10000.0
ZROUSDT,ZROUSDT,0.2900599286152049,0.46124437746206653,0.009192443811186191,0.09186954524574092,0.19005992861520493,0.2612443774620665,81,-0.17118444884686163,10000.0
VIRTUALUSDT,VIRTUALUSDT,0.18168660269894935,0.3636549989522007,0.014364720247071605,0.028686173264483354,0.08168660269894934,0.1636549989522007,82,-0.18196839625325137,10000.0
ICPUSDT,ICPUSDT,0.21680481653686404,0.39013582426472554,0.039721946375368015,0.039721946375368015,0.11680481653686403,0.19013582426472553,83,-0.1733310077278615,10000.0
OPUSDT,OPUSDT,0.21793598428637698,0.415709802954589,0.011216420840121139,0.11204481792717409,0.11793598428637697,0.21570980295458897,88,-0.197773818668212,10000.0
ACEUSDT,ACEUSDT,0.31349872602961504,0.6187121083606415,0.0052231594891657285,0.10416666666666966,0.21349872602961506,0.41871210836064154,89,-0.30521338233102646,10000.0
1000BONKUSDT,BONKUSDT,0.22151780000478896,0.5316749585406175,0.03318400530944525,0.331674958540627,0.12151780000478896,0.33167495854061757,90,-0.3101571585358286,10000.0
HOMEUSDT,HOMEUSDT,0.28184481529566197,0.7025461272706977,0.016282667100873286,0.16246953696181304,0.181844815295662,0.5025461272706977,91,-0.4207013119750357,10000.0
TSTUSDT,TSTUSDT,0.5880871776335893,1.0927466922125093,0.11614401858303824,0.1746724890829623,0.48808717763358933,0.8927466922125094,92,-0.50465951457892,10000.0
MANTRAUSDT,MANTRAUSDT,0.35578916106111513,1.0510323248873685,0.045745654162860604,0.22805017103761901,0.25578916106111516,0.8510323248873686,93,-0.6952431638262534,10000.0
JUPUSDT,JUPUSDT,0.2537762736018466,0.4178773338500695,0.04517732098487316,0.04513653802752832,0.15377627360184665,0.21787733385006947,94,-0.16410106024822285,10000.0
ETCUSDT,ETCUSDT,0.17180500892309816,0.45481241424151203,0.013223140495860439,0.1321877065433004,0.07180500892309816,0.254812414241512,95,-0.28300740531841384,10000.0
ARBUSDT,ARBUSDT,0.19241778083560748,0.4078237109551906,0.011332086803780526,0.11331444759207124,0.09241778083560748,0.2078237109551906,96,-0.21540593011958312,10000.0
TIAUSDT,TIAUSDT,0.2567479040359809,0.4657252524496334,0.029269720474166244,0.029261155815651495,0.15674790403598093,0.2657252524496334,97,-0.2089773484136525,10000.0
POLUSDT,POLUSDT,0.24919650854687828,0.35971676448043316,0.00951158034907131,0.00950525165153379,0.14919650854687827,0.15971676448043315,99,-0.11052025593355488,10000.0
ETHFIUSDT,ETHFIUSDT,0.30329276527588644,0.541556340937299,0.01852366398075392,0.07403294466036571,0.20329276527588647,0.34155634093729903,101,-0.23826357566141254,10000.0
OPGUSDT,OPGUSDT,0.6724957857666468,0.7969635732052225,0.10188487009677939,0.10178117048346347,0.5724957857666468,0.5969635732052225,102,-0.12446778743857567,10000.0
ZKPUSDT,ZKPUSDT,0.46081317371291497,1.4108230083941906,0.041084634346752635,0.20512820512821098,0.360813173712915,1.2108230083941907,103,-0.9500098346812756,10000.0
KAITOUSDT,KAITOUSDT,0.2358617425889941,0.45537611623140944,0.03146138115462922,0.03140210394096058,0.13586174258899408,0.25537611623140943,104,-0.21951437364241536,10000.0
CRVUSDT,CRVUSDT,0.22944632923281852,0.4076565766263028,0.03286770747739983,0.03280301787764113,0.1294463292328185,0.20765657662630277,105,-0.17821024739348426,10000.0
ONTUSDT,ONTUSDT,0.2965483482614272,0.8107703682560972,0.017407955435639416,0.017356591165488367,0.1965483482614272,0.6107703682560972,107,-0.51422201999467,10000.0
ATOMUSDT,ATOMUSDT,0.22434892632946504,0.39399571536465877,0.06620324395894671,0.06607201850017257,0.12434892632946504,0.19399571536465876,108,-0.16964678903519373,10000.0
JTOUSDT,JTOUSDT,0.29356885234842467,0.6125450304858779,0.020138958815827,0.02010656479340283,0.1935688523484247,0.412545030485878,109,-0.31897617813745327,10000.0
LDOUSDT,LDOUSDT,0.2053830399520006,0.5200828325252813,0.02770466823659482,0.05538631957907325,0.1053830399520006,0.32008283252528136,110,-0.31469979257328073,10000.0
VETUSDT,VETUSDT,0.3081972968644874,1.2813278590069086,0.0147264560783467,0.029424746211567834,0.2081972968644874,1.0813278590069086,111,-0.9731305621424212,10000.0
BOMEUSDT,BOMEUSDT,0.2669419479076395,0.48659615999040434,0.009784257130282924,0.06843623209658921,0.1669419479076395,0.28659615999040433,113,-0.21965421208276487,10000.0
PEOPLEUSDT,PEOPLEUSDT,0.297666635786875,0.6744405283320984,0.02435163764763503,0.12158054711245705,0.19766663578687504,0.4744405283320985,114,-0.3767738925452234,10000.0
FOGOUSDT,FOGOUSDT,0.5952463500578541,1.3558863457564072,0.0263713080168697,0.13166556945358251,0.4952463500578541,1.1558863457564073,115,-0.7606399956985531,10000.0
KITEUSDT,KITEUSDT,0.46986681068785774,0.8849239032120535,0.02946593001842523,0.07410151908115356,0.36986681068785776,0.6849239032120535,116,-0.41505709252419576,10000.0
MUBARAKUSDT,MUBARAKUSDT,0.45981175740003033,0.6439057312414007,0.04459308807134712,0.08877052818465447,0.35981175740003035,0.44390573124140076,118,-0.18409397384137038,10000.0
SANDUSDT,SANDUSDT,0.251159365414355,0.6762722703724797,0.05185377236195521,0.02593697315522273,0.15115936541435504,0.47627227037247977,119,-0.4251129049581247,10000.0
REUSDT,REUSDT,0.39166010147902985,0.47147560118269133,0.020273694880889807,0.0202408663090758,0.2916601014790299,0.2714756011826913,122,-0.07981549970366147,10000.0
GPSUSDT,GPSUSDT,0.4870768504275812,0.9351783555642255,0.010432423973720725,0.1042209484106263,0.3870768504275812,0.7351783555642255,123,-0.44810150513664426,10000.0
BEAMXUSDT,BEAMXUSDT,0.48953916652284535,0.73131835461796,0.06367398917541649,0.127307447485681,0.38953916652284537,0.5313183546179601,124,-0.24177918809511467,10000.0
GALAUSDT,GALAUSDT,0.3282514463265994,0.44306308791909316,0.05508124483612867,0.05505092210295253,0.22825144632659944,0.24306308791909315,125,-0.11481164159249374,10000.0
ENSOUSDT,ENSOUSDT,0.5292145960420823,0.4390058193966316,0.05639839828549501,0.11293054771315651,0.42921459604208234,0.23900581939663157,126,0.09020877664545074,10000.0
HEIUSDT,HEIUSDT,0.42634907177383485,0.8579274772248844,0.014446691707593358,0.14471780028943976,0.3263490717738349,0.6579274772248844,127,-0.43157840545104953,10000.0
PENDLEUSDT,PENDLEUSDT,0.25075801831957445,0.4189930028306475,0.0117267663441793,0.0586338317208965,0.15075801831957447,0.2189930028306475,129,-0.16823498451107305,10000.0
ALLOUSDT,ALLOUSDT,0.4145451267024368,0.6673308503996609,0.023252208959852923,0.03873716831299205,0.31454512670243684,0.46733085039966094,130,-0.2527857236972241,10000.0
ORDIUSDT,ORDIUSDT,0.2775611551076306,0.47520118982897747,0.024724935097053632,0.02471271469169519,0.1775611551076306,0.27520118982897745,131,-0.1976400347213469,10000.0
XTZUSDT,XTZUSDT,0.40695089458532274,0.6816900159407944,0.045402951191822465,0.04532064355314604,0.30695089458532276,0.4816900159407944,132,-0.2747391213554716,10000.0
MOVEUSDT,MOVEUSDT,0.4361417429679769,1.8568180164921453,0.011040574109845602,1.1049723756906205,0.33614174296797694,1.6568180164921453,133,-1.4206762735241685,10000.0
GRAMUSDT,GRAMUSDT,0.2564369726285708,0.32333565736087905,0.07317965605560847,0.07317965605560847,0.15643697262857081,0.12333565736087904,134,-0.06689868473230826,10000.0
KNCUSDT,KNCUSDT,0.6086823121026818,1.0997851227524056,0.08186655751125899,0.16380016380016849,0.5086823121026818,0.8997851227524056,135,-0.49110281064972383,10000.0
RENDERUSDT,RENDERUSDT,0.26402294721016284,0.4208030073725387,0.06894174422613664,0.06884681583477534,0.16402294721016286,0.22080300737253866,137,-0.15678006016237583,10000.0
MORPHOUSDT,MORPHOUSDT,0.31718048825833944,0.5060331264782778,0.024700506360377666,0.04109307581673861,0.21718048825833947,0.30603312647827785,138,-0.18885263821993836,10000.0
SEIUSDT,SEIUSDT,0.21986805850574545,0.4798266500054547,0.0216990343929611,0.02169432693351353,0.11986805850574545,0.2798266500054547,139,-0.25995859149970924,10000.0
ZENUSDT,ZENUSDT,0.30702332056572457,0.5444156371545714,0.01923631816869185,0.038409832917222574,0.2070233205657246,0.34441563715457146,140,-0.23739231658884685,10000.0
AEROUSDT,AEROUSDT,0.2521170888507561,0.5494064182467115,0.0204185809086246,0.02038943827097339,0.15211708885075614,0.3494064182467116,141,-0.2972893293959554,10000.0
MASKUSDT,MASKUSDT,0.46952242978590675,0.9529921571655995,0.023183030022021326,0.23121387283237013,0.36952242978590677,0.7529921571655995,143,-0.48346972737969274,10000.0
MINAUSDT,MINAUSDT,0.41608617949251403,0.9636837624054648,0.03129890453832902,0.15612802498048847,0.31608617949251405,0.7636837624054649,145,-0.5475975829129508,10000.0
RUNEUSDT,RUNEUSDT,0.33984691739922235,0.788822554070556,0.02101061035822859,0.2094240837696337,0.23984691739922237,0.5888225540705561,146,-0.44897563667133367,10000.0
PYTHUSDT,PYTHUSDT,0.3489796887436779,0.7309106993982792,0.02062493554706842,0.04121162167731132,0.24897968874367793,0.5309106993982793,147,-0.38193101065460133,10000.0
TWTUSDT,TWTUSDT,0.5061137605585241,0.7771374110785432,0.02043527127822397,0.061230737830384116,0.4061137605585241,0.5771374110785432,149,-0.2710236505200191,10000.0
NEIROUSDT,NEIROUSDT,0.311348899492747,0.5706922966814296,0.01138239144045117,0.011374623215600094,0.21134889949274704,0.37069229668142967,150,-0.2593433971886826,10000.0
JASMYUSDT,JASMYUSDT,0.39802179397865334,0.9523688150875451,0.02147996992804495,0.2148227712137586,0.29802179397865336,0.7523688150875452,151,-0.5543470211088918,10000.0
ALGOUSDT,ALGOUSDT,0.2630670857778238,0.5443895451224032,0.011484352569635373,0.11474469305794935,0.1630670857778238,0.3443895451224033,152,-0.28132245934457945,10000.0
ENSUSDT,ENSUSDT,0.29643206113874043,0.5953328533317979,0.0177289247407204,0.17714791851196945,0.19643206113874045,0.3953328533317979,154,-0.29890079219305743,10000.0
币安人生USDT,币安人生USDT,0.37459308384303325,0.7006044860340508,0.019487479294551104,0.05857658888996719,0.27459308384303327,0.5006044860340508,157,-0.32601140219101754,10000.0
ZAMAUSDT,ZAMAUSDT,0.44879454591825174,0.5513462623726204,0.01922152811149075,0.03837298541827729,0.34879454591825176,0.35134626237262045,158,-0.10255171645436867,10000.0
EIGENUSDT,EIGENUSDT,0.30915495521398595,0.5662667015775111,0.050877639277531916,0.050825921219816515,0.20915495521398597,0.3662667015775112,159,-0.2571117463635252,10000.0
TRBUSDT,TRBUSDT,0.3952258253232531,0.6248567407247883,0.028912597218602395,0.057853630315290776,0.29522582532325314,0.4248567407247883,162,-0.22963091540153513,10000.0
MMTUSDT,MMTUSDT,0.4086954525554741,0.658504677457372,0.05982650314088482,0.11947431302270353,0.30869545255547415,0.458504677457372,164,-0.24980922490189783,10000.0
EPICUSDT,EPICUSDT,0.6285319069408989,1.1470111541316494,0.028518465706541846,0.056947608200449314,0.5285319069408989,0.9470111541316495,165,-0.5184792471907506,10000.0
ESPUSDT,ESPUSDT,0.3701067757826969,0.5934166180987075,0.012175077616131978,0.024342745861740653,0.27010677578269693,0.39341661809870754,167,-0.2233098423160106,10000.0
STRKUSDT,STRKUSDT,0.311430984486638,0.447679742007878,0.040249547192592446,0.040249547192592446,0.211430984486638,0.247679742007878,168,-0.13624875752124005,10000.0
COMPUSDT,COMPUSDT,0.3489741939840195,0.6970156711400997,0.054156512320595776,0.05412719891746448,0.24897419398401954,0.4970156711400997,169,-0.34804147715608014,10000.0
REDUSDT,REDUSDT,0.5734371659284919,1.0484522136869565,0.09254974548820255,0.0924641701340757,0.47343716592849194,0.8484522136869566,173,-0.4750150477584646,10000.0
FFUSDT,FFUSDT,0.41291445794429105,0.8420450219619566,0.010609516736508538,0.042458337756075125,0.31291445794429107,0.6420450219619567,174,-0.4291305640176656,10000.0
1000FLOKIUSDT,FLOKIUSDT,0.25304468655522594,0.45310110057664704,0.03905487209529229,0.03902439024390868,0.15304468655522596,0.25310110057664703,175,-0.2000564140214211,10000.0
AXSUSDT,AXSUSDT,0.24735250907892406,0.5224727793881276,0.011046672190001546,0.11031439602868184,0.14735250907892405,0.3224727793881277,177,-0.2751202703092036,10000.0
METUSDT,METUSDT,0.3246957992406817,0.9673218538088555,0.04886391399950599,0.09760858955587016,0.22469579924068173,0.7673218538088555,178,-0.6426260545681738,10000.0
BBUSDT,BBUSDT,0.6543632569473988,1.4230016677932775,0.11080332409971846,0.22099447513813175,0.5543632569473989,1.2230016677932776,179,-0.7686384108458787,10000.0
0GUSDT,0GUSDT,0.47971813171928657,0.6619541008329175,0.06182380216382627,0.06182380216382627,0.3797181317192866,0.46195410083291755,180,-0.18223596911363094,10000.0
CHZUSDT,CHZUSDT,0.3431507846176739,0.5034455614894793,0.07233273056057571,0.07228044813877552,0.24315078461767392,0.3034455614894793,181,-0.16029477687180538,10000.0
RIFUSDT,RIFUSDT,0.5042665433292791,0.6793456279916452,0.0137598899208753,0.1372683596431062,0.40426654332927914,0.47934562799164526,182,-0.1750790846623661,10000.0
ZBTUSDT,ZBTUSDT,0.5175829920631368,0.8179980972961463,0.012418503570332196,0.1241464928615802,0.41758299206313687,0.6179980972961463,183,-0.3004151052330094,10000.0
PNUTUSDT,PNUTUSDT,0.3509648544301357,0.7513121269826726,0.019385480275266303,0.19398642095053903,0.2509648544301357,0.5513121269826726,184,-0.4003472725525369,10000.0
APEUSDT,APEUSDT,0.33320108464727205,0.8121999842556791,0.06951685783801806,0.0694203401596784,0.23320108464727207,0.6121999842556791,186,-0.478998899608407,10000.0
SPKUSDT,SPKUSDT,0.38504099967086025,0.7087781968431626,0.052205690420253685,0.036556388228843315,0.2850409996708603,0.5087781968431626,187,-0.3237371971723023,10000.0
LSKUSDT,LSKUSDT,0.6085051128039586,1.9574979038645577,0.07934933544932615,0.19762845849802937,0.5085051128039586,1.7574979038645577,188,-1.3489927910605992,10000.0
SOMIUSDT,SOMIUSDT,0.5357354667426483,1.005303263833157,0.08845643520566374,0.08837825894828899,0.4357354667426483,0.805303263833157,189,-0.46956779709050867,10000.0
GASUSDT,GASUSDT,0.43780372706400106,0.703031451912761,0.07719027402548143,0.0770119368502033,0.3378037270640011,0.503031451912761,191,-0.2652277248487599,10000.0
KAVAUSDT,KAVAUSDT,0.49798085125791747,1.0008578168959723,0.043506634761799404,0.021703743895828673,0.3979808512579175,0.8008578168959724,192,-0.5028769656380548,10000.0
CAKEUSDT,CAKEUSDT,0.24441567786618315,0.4903995540577076,0.011556685542585113,0.05775339301183308,0.14441567786618315,0.29039955405770757,193,-0.24598387619152443,10000.0
EULUSDT,EULUSDT,0.5268733212410946,0.9203578036421687,0.007432457542085473,0.07432181345225655,0.42687332124109467,0.7203578036421687,195,-0.39348448240107403,10000.0
PLUMEUSDT,PLUMEUSDT,0.44064061853311676,0.7106723829033987,0.07029876977152613,0.0702493853178756,0.3406406185331168,0.5106723829033988,196,-0.270031764370282,10000.0
KMNOUSDT,KMNOUSDT,0.2815546987291472,0.8133917255151333,0.03905487209529229,0.03896356906292457,0.1815546987291472,0.6133917255151333,199,-0.5318370267859861,10000.0
COWUSDT,COWUSDT,0.4540143098471171,0.8418207275815546,0.08173273395994196,0.0815993472052247,0.3540143098471171,0.6418207275815546,200,-0.38780641773443747,10000.0
