sym,spread,spread_sd,slip,costo,prof_ask,n_ok,qv24,rank
USDCUSDT,0.0010000150002315547,0.0,0.001000015000229837,0.20100001500022985,32550823.857984997,2,2775957387.4384,1
BTCUSDT,1.2644146144472095e-05,8.590537944396179e-09,1.2644146146767454e-05,0.20001264414614678,627769.63272975,2,1141609105.817181,2
ETHUSDT,0.0003983818339503239,2.199581510800157e-07,0.0003983818339436951,0.2003983818339437,902976.4341475,2,609833355.186998,3
REUSDT,0.0190512480295988,2.5664444030839515e-06,0.2604968944012076,0.4604968944012076,246955.37459999998,2,349555809.3275,4
SOLUSDT,0.009856107844034838,1.1677355783026353e-05,0.009856107844041784,0.2098561078440418,3797232.04366,2,248944378.35747,5
XRPUSDT,0.007014838070350406,4.871337656243823e-06,0.007755529568231889,0.2077555295682319,1711823.7278149999,2,236985998.9926,6
USD1USDT,0.0010002900841504182,7.075162963466604e-09,0.0010002900841632467,0.20100029008416326,31300171.183335003,2,177933060.46335,7
ZECUSDT,0.0012251600776065385,6.898965343835913e-07,0.04607085682908907,0.24607085682908908,307975.021645,2,156296643.77953,8
BNBUSDT,0.001412429446225888,4.373007291044004e-07,0.0047876951972780635,0.20478769519727807,606021.484775,2,95839702.95056,9
RLUSDUSDT,0.009998500224965153,0.0,0.009998500224972506,0.20999850022497252,31355892.0894,2,74489496.8613,10
ONGUSDT,0.03873598822684973,0.03039796744761943,,,3303.352195,0,65521562.02035,11
DOGEUSDT,0.011414230485694121,1.3818764601862212e-05,0.03139714269815852,0.23139714269815853,958754.24642,2,52505131.88402,12
SNDKBUSDT,0.000643629055304623,1.493916929909503e-07,0.02888616544425293,0.22888616544425294,222366.5626215,2,48455754.62752,13
SUIUSDT,0.01306847933124082,3.622900034596149e-06,0.048383789475225925,0.24838378947522594,452396.57944500004,2,42629364.0768,14
PUMPUSDT,0.02036452584200229,5.864940156206164e-06,0.12513835149293717,0.3251383514929372,474606.001713,2,41715719.391981,15
TRXUSDT,0.02977076576831287,6.267076605131169e-06,0.040827647505492504,0.24082764750549251,1739048.51954,2,41365750.8533,16
ENAUSDT,0.06779661795996952,3.250132086873976e-05,0.11126029223101352,0.31126029223101354,768612.421914,2,31866214.459139,17
PEPEUSDT,0.25906779220212406,0.0004745818462516593,0.25906779220212783,0.45906779220212784,5528528.0113615,2,30288215.89281589,18
TRUMPUSDT,0.042617437124651256,0.0002568513001289762,0.12509998103724107,0.3250999810372411,291340.38098250004,2,29297937.460781,19
PYTHUSDT,0.020062200065058867,1.707627771474716e-05,0.27264412166798646,0.47264412166798647,84112.2109485,2,29139725.139381,20
TUTUSDT,0.02982008554971953,0.014059186146012868,0.40689842002858967,0.6068984200285896,73946.88162500001,2,29118834.0428,21
BMTUSDT,0.04678363597056237,3.095300701131859e-05,0.7085717434159589,0.9085717434159588,76072.046258,2,27596819.781143,22
UUSDT,0.010005503026674672,0.0,0.010005503026666585,0.2100055030266666,17080057.706299998,2,27221504.6007,23
XAUTUSDT,0.00021678125617590415,3.3229855607665364e-08,0.000491057412382867,0.20049105741238288,305467.1277815,2,23299992.520165,24
LTCUSDT,0.019807866830551885,1.1097377008398918e-05,0.05896851318648033,0.25896851318648034,539353.44291,2,22684067.33968,25
LINKUSDT,0.008606964627110109,5.238234757722309e-06,0.058236403988032315,0.2582364039880323,273308.72301,2,22590293.57957,26
NEARUSDT,0.052590060478563766,0.0,0.1127899809209465,0.3127899809209465,1128419.13795,2,22543154.0875,27
ADAUSDT,0.04698145270028334,3.1215319515493163e-05,0.07944979289847831,0.2794497928984783,733954.873845,2,22238572.85936,28
TAOUSDT,0.042562247286654316,0.0,0.08100811269439734,0.28100811269439735,905883.645635,2,18145161.17241,29
EDENUSDT,0.11918078193245493,0.00018832075774649347,0.6297701754508944,0.8297701754508944,108874.39490750001,2,17713698.928904,30
BICOUSDT,0.06122052940619621,0.029008637874086425,1.515647108588819,1.715647108588819,74819.8217628,2,17713639.6981481,31
WLDUSDT,0.024160434037904438,2.0637843373535162e-05,0.11414122416236738,0.3141412241623674,385331.072275,2,16973267.09826,32
ONTUSDT,0.059137698737644934,0.020914129642970996,0.8279020811893467,1.0279020811893467,16673.061609999997,2,16275600.73874,33
PENGUUSDT,0.01041178794782267,6.1323303680690025e-06,0.1163754436113662,0.3163754436113662,297309.875377,2,16178366.266022,34
FDUSDUSDT,0.010014521055529416,0.0,0.010014521055512482,0.2100145210555125,10680633.04735,2,15498556.675,35
AAVEUSDT,0.007866583742242401,3.938218406246825e-06,0.1104713970228266,0.3104713970228266,131541.57496,2,15473033.71713,36
POLUSDT,0.009116190636500227,9.402244722416084e-06,0.2569450120802397,0.4569450120802397,41767.4368025,2,14751986.482937,37
UNIUSDT,0.022729855665424115,0.0,0.0959760468722648,0.2959760468722648,311488.49682999996,2,14320527.77697,38
CRCLBUSDT,0.011030237606080016,1.806647607511521e-05,0.09909557499844235,0.29909557499844236,400549.23270000005,2,14263129.9334,39
EURIUSDT,0.008581112970351308,0.0,0.008581112970373894,0.2085811129703739,762118.00959,2,13528077.34921,40
XPLUSDT,0.01137333322014534,9.146614779252957e-06,0.2981120304824503,0.49811203048245023,257497.3759565,2,13407801.96337,41
PORTALUSDT,0.09339006115799725,0.04404276824370214,0.6582044450900382,0.8582044450900381,81821.1404015,2,13193969.050589,42
XLMUSDT,0.053922952983155525,8.22416515741971e-05,0.07589390289960418,0.2758939028996042,498456.2184,2,13168490.4948,43
SPCXBUSDT,0.007110607229694257,5.0052561642278485e-06,0.05158935441597623,0.25158935441597624,608143.98343,2,13046601.36271,44
ZROUSDT,0.08525150739091694,5.1391235292595164e-05,0.24522502484815578,0.4452250248481558,432188.71287499997,2,12635299.98725,45
HEIUSDT,0.1048341523221394,0.04925798065278263,0.6567785403432114,0.8567785403432113,55894.02794,2,12344915.87791,46
PROMUSDT,0.08221080047079321,0.01677621694354758,0.32280803684981985,0.5228080368498198,76102.309035,2,12199300.56886,47
EURUSDT,0.008580376678535244,0.0,0.008580376678535284,0.2085803766785353,321976.15247,2,11796488.26015,48
PAXGUSDT,0.00021658758045730282,4.345337642712282e-08,0.0033080351960368404,0.20330803519603685,353395.0509545,2,11562951.738908,49
AVAXUSDT,0.013450805875736424,7.675961577208365e-06,0.04077866276474551,0.24077866276474552,393884.891375,2,10747719.8253,50
FETUSDT,0.059347228039780056,7.471482621641415e-05,0.16466797127163701,0.364667971271637,340228.07865000004,2,10291039.89468,51
MUBUSDT,0.005134682787656109,7.8299958090893e-07,0.07176255996216852,0.2717625599621685,342730.708685,2,10023678.83994,52
FFUSDT,0.020975354189807997,3.111025743988931e-06,0.47837895897767657,0.6783789589776765,58339.808846,2,9989945.64862,53
SNXXBUSDT,0.10632014472804352,0.050096110771572784,0.2705579221536636,0.4705579221536636,395556.15835,2,9437360.4501,54
SOXLBUSDT,0.02006790981454916,0.005676608793413537,0.11081323757111683,0.31081323757111684,148646.87792,2,9023484.1237,55
GRAMUSDT,0.07132668524874361,3.597402482399515e-05,0.1383456873947253,0.3383456873947253,424270.987935,2,9013224.98413,56
HBARUSDT,0.012708095518314165,3.4258408375773174e-06,0.08109136521395333,0.28109136521395334,492065.106165,2,8537713.79056,57
MSTRBUSDT,0.007990738099534538,1.083601601544523e-05,0.09491060494413728,0.2949106049441373,424382.90336,2,8365201.50854,58
ONDOUSDT,0.02665600615898784,1.0048590001194379e-05,0.10650088406016778,0.3065008840601678,389419.99424499995,2,7889731.1484,59
STXUSDT,0.03703018467408281,1.939218271524201e-05,0.36225582292290226,0.5622558229229022,106969.281655,2,7078615.25079,60
INJUSDT,0.018065217785940026,9.230629922751793e-06,0.25116601025896856,0.4511660102589686,176156.04543,2,6710376.19286,61
ASTERUSDT,0.1383126525946776,0.00013527221932725083,0.1383126525946743,0.3383126525946743,1723288.3597249999,2,6685834.97536,62
DASHUSDT,0.025393601221966242,4.559671831653676e-06,0.1964209188351551,0.3964209188351551,158594.41068,2,6403695.66815,63
ACEUSDT,0.09272137227629947,0.0,0.4205757325984161,0.620575732598416,111393.338495,2,6222350.9433,64
NVDABUSDT,0.009164853309306472,0.006477856498925218,0.10051700563294408,0.3005170056329441,185870.116835,2,5844205.77315,65
BCHUSDT,0.0372370600609631,5.8828324752764556e-05,0.10915502349932438,0.3091550234993244,357648.0765,2,5800729.585,66
VIRTUALUSDT,0.013356489398307369,1.1353035666823559e-05,0.1988752801616145,0.3988752801616145,183205.80729,2,5773482.76415,67
HEMIUSDT,0.12995473538926994,0.0002388352817181563,0.48830467814902634,0.6883046781490263,153128.108408,2,5628804.933299,68
WLFIUSDT,0.1697794092743073,0.00020382372089747667,0.16977940927429547,0.3697794092742955,469993.43357500003,2,5614090.41422,69
SKHYBUSDT,0.00906426605708762,0.0042755176754184976,0.10213664792630417,0.3021366479263042,364000.731455,2,5558602.698,70
APTUSDT,0.17528483786152513,0.0,0.2691033647493013,0.4691033647493013,411556.52994,2,5485563.72032,71
SUSDT,0.046600777513441854,0.021908629290980437,0.806255643877607,1.006255643877607,48814.8850495,2,5030619.311891,72
DOTUSDT,0.11520741149983668,9.385246764342077e-05,0.2180010676135491,0.4180010676135491,228148.593125,2,4819040.53322,73
GIGGLEUSDT,0.05312085368104123,1.9953315184665568e-05,0.32439134520605983,0.5243913452060598,94103.8952,2,4744085.27324,74
FILUSDT,0.013987981909059057,1.798614621592283e-05,0.148772221064275,0.348772221064275,79126.9946075,2,4728369.82689,75
ARBUSDT,0.10775865197177284,8.210869992558576e-05,0.21025696015624096,0.41025696015624097,348738.134495,2,4710801.35091,76
ZAMAUSDT,0.03656976170176224,1.891294678053924e-05,0.49484754240287643,0.6948475424028764,181974.76548,2,4617953.13881,77
GPSUSDT,0.10582013544417011,7.918109561762773e-05,0.7464996319110073,0.9464996319110073,88606.0122695,2,4569942.174386,78
FIDAUSDT,0.10048989296291938,0.07103030108168291,0.9429521927745654,1.1429521927745654,80493.160737,2,4384594.270119,79
CATIUSDT,0.08863213420718956,0.04172121866510159,1.2558628253270587,1.4558628253270587,36660.7298485,2,4228862.165282,80
EULUSDT,0.07064641469444648,0.0,0.6143049617853946,0.8143049617853946,99318.01141,2,4043814.93621,81
INTCBUSDT,0.02226427724351001,3.5051144199298537e-06,0.13124419803380305,0.33124419803380306,217581.57854000002,2,3802455.11612,82
MORPHOUSDT,0.0393159032828736,0.0,0.38767480017903866,0.5876748001790386,308664.895655,2,3696158.56878,83
ICPUSDT,0.041657987919178914,0.0,0.19460696466749305,0.39460696466749307,276208.167,2,3655829.29435,84
LDOUSDT,0.041172972403443434,0.019412676857926577,0.2866179903696975,0.48661799036969744,77301.59382149999,2,3645193.996757,85
RENDERUSDT,0.09822116514884344,0.046200783356027494,0.21282932549670508,0.4128293254967051,398877.140695,2,3595941.82977,86
SHIBUSDT,0.18621990073473454,0.0002452092264458199,0.18621990073472983,0.38621990073472984,487256.53148829,2,3577254.56107012,87
NOMUSDT,0.6269592476489044,0.0,0.9690862792525068,1.1690862792525067,131855.62707,2,3411606.74899,88
CVXUSDT,0.08107204386499478,0.0005576968818638864,0.7111084593427963,0.9111084593427963,46014.4277865,2,3384882.355975,89
JUPUSDT,0.06817665406621712,0.0321485204889678,0.2514384319496854,0.4514384319496854,149985.76024,2,3321856.28811,90
ETHFIUSDT,0.017389792717866847,4.276650835574577e-06,0.4155189779759316,0.6155189779759316,203946.955465,2,3307095.52975,91
WIFUSDT,0.04714757452014946,1.571823181485941e-05,0.22304006941863963,0.42304006941863964,89129.676118,2,3152017.030047,92
CHIPUSDT,0.07098466194778444,0.02026205734827044,0.28713774627840416,0.4871377462784041,175416.965365,2,3094804.45537,93
SPKUSDT,0.052303045906304316,0.06655507335513289,0.6996120096150193,0.8996120096150193,71233.96286500001,2,2993601.633045,94
QQQBUSDT,0.0013910430803845907,1.3682521052347394e-07,0.07528855147668212,0.27528855147668213,293752.91716,2,2977535.86927,95
HOMEUSDT,0.2418704998570393,0.11414138211037615,0.5246593465963734,0.7246593465963733,255069.67290499998,2,2877217.82423,96
PLUMEUSDT,0.07168459702272872,3.633596033955434e-05,0.4040165783083083,0.6040165783083082,197745.328445,2,2804462.50356,97
ORDIUSDT,0.03499086360255074,0.01649228599293449,0.30820281679074246,0.5082028167907424,82694.48331499999,2,2767251.33816,98
KITEUSDT,0.07836991798950677,4.342938905311762e-05,0.5935505625436932,0.7935505625436932,524789.0151150001,2,2655998.39282,99
VETUSDT,0.04581551645529287,4.9475354870394744e-06,0.9886661865962265,1.1886661865962265,35828.4472766,2,2631443.9776756,100
NILUSDT,0.05648060291039915,0.015927474467242266,0.6352166077940757,0.8352166077940757,59030.2358835,2,2597923.636955,101
XUSDUSDT,0.009996501224570298,0.0,0.017959738942086023,0.21795973894208603,1255915.0444,2,2594143.222,102
BONKUSDT,0.32573376304725904,0.00075025587201674,0.4689753786822515,0.6689753786822514,337491.813543105,2,2566815.866153,103
PEOPLEUSDT,0.12610345492456934,0.00011244465083001759,0.46071460113089047,0.6607146011308904,160342.20798500002,2,2564645.577595,104
FLOKIUSDT,0.05550416661133451,0.026184274970884665,0.18920139673408443,0.38920139673408444,142709.848388095,2,2560039.70468285,105
DEXEUSDT,0.05238345042433961,1.9403191740542033e-05,0.31162276743249007,0.51162276743249,286602.21444999997,2,2545382.90837,106
DJTBUSDT,0.21074815595363092,0.0,0.7571762802843995,0.9571762802843995,188708.631,2,2499396.601,107
KAITOUSDT,0.047167339497067674,0.022239557988035976,0.22778575557304004,0.42778575557304005,113554.99204499999,2,2492046.40845,108
币安人生USDT,0.048384916976839845,0.01370756682546434,0.4470704176319451,0.6470704176319451,78933.30050499999,2,2399633.61135,109
ATOMUSDT,0.06611570247933156,0.0,0.22600256395702845,0.42600256395702846,116246.66548,2,2299179.68875,110
CRVUSDT,0.031471285571803675,1.4006961095504777e-05,0.2875237775693762,0.4875237775693762,184401.275855,2,2285534.22918,111
ETCUSDT,0.1269843317459593,0.00022804185925590168,0.23213665180198406,0.4321366518019841,376361.5714,2,2234793.9645,112
JSTUSDT,0.03475547062895827,0.007018079429535302,0.1312179734344776,0.3312179734344776,150232.454195,2,2231188.661721,113
BANKUSDT,0.27662517289074096,0.0,0.4576268044123588,0.6576268044123588,452613.96093,2,2177721.56873,114
ENSUSDT,0.16638946624556766,0.00019576559051623742,0.4603853935958857,0.6603853935958857,114960.48980000001,2,2153043.1472,115
GASUSDT,0.10697766328799986,0.050165661122099255,1.2017820783489563,1.4017820783489563,44024.439750000005,2,2152560.8301,116
TIAUSDT,0.041815736522067215,0.019693805713113355,0.2839468296542691,0.4839468296542691,194237.00208,2,2143355.437863,117
LSKUSDT,0.1411765331456863,0.06642592402235763,2.392034927178399,2.5920349271783993,103097.702055,2,2114001.39542,118
JTOUSDT,0.01867938493131003,2.4672307375220607e-05,0.47509260857376834,0.6750926085737683,151151.484995,2,2088798.49653,119
ALGOUSDT,0.11092637054514509,0.0001740139519132405,0.38050879027808904,0.580508790278089,191780.3994,2,2076280.0832,120
JASMYUSDT,0.20387444576180358,0.0005878124489656274,0.6979812673684804,0.8979812673684804,98968.53478,2,2034149.451833,121
STORJUSDT,0.5012531328320772,0.0,2.162194917302279,2.362194917302279,95713.35845,2,2017012.7978,122
EIGENUSDT,0.07359557617376127,0.034636524741112736,0.434401290887243,0.634401290887243,90561.27184249999,2,1985625.048396,123
HOLOUSDT,0.15117157974299167,0.0,0.6937847146007536,0.8937847146007536,95623.452215,2,1944925.64505,124
AUDIOUSDT,0.07604563837060199,4.089154872358607e-05,0.9218399459830551,1.121839945983055,66640.148155,2,1942127.055295,125
TSTUSDT,0.06333122864289017,2.836095073447731e-05,1.0265444427944304,1.2265444427944303,165178.09464899998,2,1940661.150803,126
ZENUSDT,0.047482479890157275,0.013439255665712429,0.3781313705656264,0.5781313705656264,88328.04921,2,1933110.39858,127
COTIUSDT,0.16266777802033555,9.355306135096188e-05,0.823303998446101,1.023303998446101,101235.38759,2,1926375.72658,128
WBTCUSDT,0.010421539188635953,0.014720385420861924,0.036627630056762506,0.23662763005676252,235155.1944265,2,1925022.715986,129
ATMUSDT,0.11117974397348805,0.052436528511464936,1.0161157900042017,1.2161157900042017,109499.177805,2,1910737.54723,130
MOVRUSDT,0.14275517487508937,0.0,0.8442936004797563,1.0442936004797563,90262.4003455,2,1890451.705451,131
BOMEUSDT,0.028429732088774015,0.01340867693192699,0.2659343761252986,0.4659343761252986,42252.69676605,2,1879471.6310633,132
HUMAUSDT,0.06223636045963936,0.029346616323995666,0.5920008405131849,0.7920008405131849,129385.01297499999,2,1874564.40703,133
TLMUSDT,0.13418317511331573,6.365772091811316e-05,0.7135476310436539,0.9135476310436539,67736.5687145,2,1859736.208699,134
AEROUSDT,0.01923631816870039,0.0,0.3902284762725028,0.5902284762725027,150645.70939499998,2,1840587.68641,135
TSLABUSDT,0.04455284669081059,0.01422443346561784,0.12770509505687366,0.3277050950568737,230706.257055,2,1801683.78891,136
CAKEUSDT,0.057553975899051306,4.684524505608102e-05,0.2411078206764783,0.4411078206764783,130736.09495500001,2,1779068.60963,137
GALAUSDT,0.055325051512368634,4.328710272334111e-05,0.21444856025438774,0.41444856025438775,121783.8291805,2,1773622.976293,138
USDEUSDT,0.010002500625155187,0.0,0.01000250062515029,0.2100025006251503,7080645.2624,2,1734741.4076,139
OPUSDT,0.10085728693898424,0.0,0.22856343750976005,0.42856343750976006,349673.253417,2,1713055.729566,140
KORUBUSDT,0.06614246171932328,0.031115661650642553,0.2561195627962587,0.4561195627962587,366959.37665,2,1706703.4487,141
PENDLEUSDT,0.05706135952067795,4.60467609252993e-05,0.2376155138578806,0.4376155138578806,359046.09815,2,1697563.3302,142
SXTUSDT,0.11716461628589721,0.0,1.1010894853035136,1.3010894853035135,109384.082713,2,1687832.327482,143
MUBARAKUSDT,0.07639444141713062,0.0361958624890874,0.5874080925851677,0.7874080925851676,59864.404743499996,2,1657442.826392,144
GOOGLBUSDT,0.0029157069187156124,1.8034079956065209e-07,0.026753958074837714,0.22675395807483772,237507.830995,2,1643195.42276,145
MRVLBUSDT,0.03519704057948012,0.016579929434728774,0.14864657975441342,0.34864657975441343,272470.566885,2,1627180.43884,146
NEIROUSDT,0.011185686560254565,9.732016007231023e-06,0.366921067685233,0.566921067685233,63788.16927765,2,1611429.46513319,147
ESPUSDT,0.027520616320275193,0.007797371222364247,0.548647387442841,0.748647387442841,137092.343745,2,1602340.75603,148
PSGUSDT,0.3960396039603964,0.0,0.793787361628312,0.9937873616283119,102251.1076,2,1597777.97734,149
NBISBUSDT,0.039577836889960666,6.153420582542999e-06,0.23078756576476733,0.43078756576476734,276735.57307000004,2,1573416.27566,150
WBETHUSDT,0.17706174386704554,0.021848298971986896,0.5587507780046186,0.7587507780046185,370880.73185800004,2,1561044.41684,151
ATUSDT,0.14519058174256522,7.45301233499714e-05,1.4484797822769735,1.6484797822769734,66560.711515,2,1559027.46755,152
WUSDT,0.1043843895215682,0.00023114063574335335,0.7014124897767704,0.9014124897767704,76839.678487,2,1551116.83645,153
SPYBUSDT,0.0012986591344425057,0.0,0.03671478239236636,0.23671478239236637,280202.79663,2,1551111.82922,154
SEIUSDT,0.021372094154282602,1.6149126624101243e-05,0.26856302249672614,0.46856302249672616,164273.2317385,2,1531952.247703,155
MOVEUSDT,1.1834319526627355,0.0,1.5336391297118723,1.7336391297118723,183600.29473999998,2,1494564.94046,156
GLMRUSDT,0.13793389413272353,0.01954675285695959,1.7096598987939693,1.9096598987939692,57176.6125673,2,1471425.0704703,157
REDUSDT,0.09099182957122948,5.854498609861881e-05,1.0076632088822368,1.2076632088822368,67344.382365,2,1392616.01202,158
STOUSDT,0.23668639053253476,0.0,0.8219678096491712,1.021967809649171,93974.08622,2,1382525.3981,159
BMNRBUSDT,0.07853917443962216,2.1808593298662578e-05,0.324956008095062,0.5249560080950619,330167.48505,2,1379157.1376,160
ENSOUSDT,0.12026458208057739,0.0,0.5462233544859196,0.7462233544859196,104327.04736999999,2,1374684.14158,161
ALLOUSDT,0.03940887311549926,2.19635715616906e-05,0.4507307015113593,0.6507307015113593,43675.0591,2,1367946.07627,162
SKYUSDT,0.0578818918818171,0.02043657204718743,0.3776576384269925,0.5776576384269925,433010.848425,2,1367621.30738,163
BBUSDT,0.1443464388603887,0.06808921076885352,1.4567289536934314,1.6567289536934313,99016.121703,2,1366318.165761,164
BIOUSDT,0.03465605546409983,3.3970586488085915e-05,0.6830720048788097,0.8830720048788097,68729.186057,2,1350074.698261,165
METABUSDT,0.009492094615657542,0.010982287263771703,0.09778558865407572,0.29778558865407573,296057.02786000003,2,1349204.47542,166
MASKUSDT,0.2219766764351188,0.0006968311350611402,0.7978641475842208,0.9978641475842207,129336.89619999999,2,1349184.7725,167
STRKUSDT,0.057291998681893795,0.027014583748320335,0.2250623546534991,0.4250623546534991,138827.2026776,2,1307581.114122,168
TWTUSDT,0.0985221887322025,0.04650479506174472,0.5728894381343941,0.772889438134394,88868.85889999999,2,1269187.1952,169
SUPERUSDT,0.08904721266564039,5.6069357009487146e-05,0.6602215220947394,0.8602215220947393,86518.7929,2,1266261.9438,170
LUNCUSDT,0.03671072447751586,1.90590324671893e-05,0.3852792425727114,0.5852792425727114,72058.77552621535,2,1248751.50874377,171
EPICUSDT,0.057820184075129455,2.36398058568075e-05,0.8767701693137064,1.0767701693137064,146826.87654,2,1227527.13956,172
BFUSDUSDT,0.010000500025000148,0.0,0.010000500024998082,0.2100005000249981,6911705.1586,2,1218326.1121,173
LITEBUSDT,0.048718584343754326,0.010261825317084448,0.22662120754505244,0.42662120754505245,391954.33914,2,1199614.50896,174
SAGAUSDT,0.06531684911263638,9.050160731538817e-05,0.7002017246270364,0.9002017246270364,77427.679519,2,1194546.06029,175
ARUSDT,0.04498427599218745,4.292670256523724e-05,0.3740874618467005,0.5740874618467005,78654.534805,2,1193357.62576,176
MUUBUSDT,0.07848554342713254,0.022190700663582006,0.33426410611612223,0.5342641061161222,232293.9836,2,1183700.9453,177
SOLVUSDT,0.36036036036036134,0.0,0.940366369427903,1.140366369427903,144929.653495,2,1182304.98353,178
NEOUSDT,0.043506708877412814,8.03059966264829e-05,0.46932968927253516,0.6693296892725351,48598.567624999996,2,1150555.05892,179
AAOIBUSDT,0.0337062084866025,0.011920709839010687,0.3305808998662729,0.5305808998662729,438437.83614,2,1144762.7425,180
CFXUSDT,0.03084621455649203,0.014539051428704541,0.48555447562930176,0.6855544756293017,123186.528215,2,1118762.40111,181
RAYUSDT,0.08779080704833798,0.0,0.3542235286603468,0.5542235286603467,60908.97313,2,1081890.17548,182
SIGNUSDT,0.12383900928792065,0.0,0.9316121994704996,1.1316121994704995,151256.20163,2,1063555.71437,183
VELODROMEUSDT,0.1308900523560156,0.06170216240720059,0.8172176316148472,1.0172176316148471,34352.6035035,2,1055591.050209,184
MEGAUSDT,0.02532928105469278,4.536602443116251e-06,0.3160610204159475,0.5160610204159475,192546.4516585,2,1040437.956983,185
SOMIUSDT,0.08928573208022658,5.637013090816185e-05,0.6806033925506938,0.8806033925506938,110709.94069,2,1033624.42467,186
DYDXUSDT,0.037565915058105095,0.005895248437629024,0.4296181543347044,0.6296181543347044,91772.57230930001,2,1012876.097699,187
RUNEUSDT,0.20768431983385274,0.0,0.3487388387033663,0.5487388387033663,132172.31665,2,1006960.1729,188
COWUSDT,0.08285005564236059,4.853673253223129e-05,0.7979999880600885,0.9979999880600885,168997.829105,2,990829.67433,189
SCRTUSDT,0.7782101167315127,0.0,5.924593896199248,6.124593896199249,208609.175835,2,987866.00771,190
ALICEUSDT,0.1027514583245323,0.04841537934042646,0.9892756318076734,1.1892756318076734,62077.6502615,2,982088.380263,191
KMNOUSDT,0.055924947108026514,0.026330499056701005,0.5098431743763732,0.7098431743763731,169793.26467,2,974787.90486,192
BELUSDT,0.0852515073909193,5.139123527919541e-05,0.7734715837771577,0.9734715837771577,54247.25976,2,967311.28305,193
SUNUSDT,0.05829204313612977,0.0,0.21726049147443027,0.4172604914744303,410932.823265,2,963489.9645,194
COHRBUSDT,0.05257083836868794,0.02789039226556234,0.15095845327415813,0.35095845327415814,265574.603635,2,946613.19289,195
NIGHTUSDT,0.05096840290237416,1.8369063860338536e-05,0.690252113317319,0.8902521133173189,307394.36485,2,946174.0128,196
CFGUSDT,0.0706214777319803,3.526619055177674e-05,0.6396595299687224,0.8396595299687224,156821.261695,2,944506.70772,197
ARKUSDT,0.13299838027394195,0.06265897237008868,1.8475150900426174,2.0475150900426176,43544.89555,2,941059.2554,198
MAGICUSDT,0.21715526601520707,0.0,0.8070304669187789,1.0070304669187788,127286.77437500001,2,934384.93553,199
AMPUSDT,0.2254791431792614,0.0,1.0406701082027903,1.2406701082027902,113634.146377,2,900724.002446,200
MANTRAUSDT,0.24242424242423255,0.0,0.6932960249672271,0.893296024967227,85159.61432,2,900503.71546,201
WCTUSDT,0.038771378251010194,0.018273853406497884,0.6012081461070184,0.8012081461070184,104215.859024,2,899434.907324,202
RADUSDT,0.4210526315789478,0.0,0.8268931941533109,1.0268931941533108,476020.37340000004,2,898852.3546,203
PROVEUSDT,0.059241711358976906,2.4816478584507793e-05,0.3936890310116625,0.5936890310116625,188248.562635,2,889220.58917,204
PNUTUSDT,0.1941749403100566,0.00026660663499966154,0.5464383798250094,0.7464383798250094,130751.34651,2,881994.14363,205
ROBOUSDT,0.07366486502033043,7.674243181907406e-05,0.7191087082794922,0.9191087082794922,59713.49889,2,877200.5584,206
ALTUSDT,0.1550388528567047,0.0001699674793834752,0.5841415395785532,0.7841415395785531,89621.90411999999,2,874756.1575,207
KAIAUSDT,0.3067491878438854,0.0006653510148557916,0.799702351285575,0.9997023512855749,77069.40491,2,868412.51765,208
AUSDT,0.12763241863433678,0.0,1.391404873272828,1.5914048732728279,27644.686700000002,2,860479.60189,209
NEXOUSDT,0.22896401320048984,0.00018534860490181917,0.443926801705935,0.643926801705935,305557.74996,2,854532.59229,210
AXSUSDT,0.1580888908392322,0.07447144690938969,0.2871584933993976,0.4871584933993976,76075.44696999999,2,853324.97667,211
BROCCOLI714USDT,0.0864304378610781,0.04069673234149727,1.0437970048606249,1.2437970048606248,244872.350635,2,852683.413,212
TRBUSDT,0.08371314441210795,0.039448070909779004,0.2616401141845748,0.4616401141845748,100206.19549,2,850952.96882,213
QNTUSDT,0.06335756371034837,0.02243353801900168,0.7291994250771539,0.9291994250771538,36210.382110000006,2,848337.69664,214
AAPLBUSDT,0.011220954416148333,0.002265604579723983,0.14094537043740085,0.34094537043740086,171809.65115,2,839992.77344,215
GRTUSDT,0.05574136441903266,2.197051102191521e-05,1.0201283007548911,1.220128300754891,64516.329035,2,825020.05339,216
MMTUSDT,0.06161430036401301,2.684404781605931e-05,0.44396617520534587,0.6439661752053458,65313.831535000005,2,817322.41373,217
CTSIUSDT,0.05761475362665051,0.02713898720605903,1.0908734855023805,1.2908734855023805,60805.10389,2,808159.94269,218
ENJUSDT,0.09220675145707505,0.026183858469686017,1.1159063858368456,1.3159063858368456,36578.223924,2,799970.49721,219
AXTIBUSDT,0.08559608329533562,0.020158400042157017,0.43336818307259106,0.633368183072591,202533.05765,2,794398.8977,220
DIAUSDT,0.06877579905451439,3.3446928399569046e-05,1.0231063020489761,1.223106302048976,108699.31610499999,2,794398.63703,221
SYRUPUSDT,0.05142710208280624,0.0,0.4977668100910049,0.6977668100910048,326759.474205,2,785129.43862,222
ZBTUSDT,0.1912858833782134,0.09024967534752665,0.636144768020569,0.8361447680205689,126312.61106,2,753574.93957,223
API3USDT,0.0858369098712471,0.0,0.9512997853157901,1.15129978531579,146689.9288655,2,746416.995584,224
ZKUSDT,0.1147446930579414,0.0,0.4277634678297393,0.6277634678297392,66890.1689965,2,720182.568896,225
DODOUSDT,0.1238666222476727,0.03501394012355993,1.0185731343620885,1.2185731343620885,451255.6481355,2,718678.512926,226
AVNTUSDT,0.09302327593797474,6.118826904552768e-05,0.6079022406574375,0.8079022406574374,75470.58541500001,2,714125.82802,227
ERAUSDT,0.17467248908296232,0.0,0.7910293340875618,0.9910293340875618,117263.45968,2,709480.67493,228
SOXSBUSDT,0.1003232663436245,0.04727175195653727,0.39643130602726173,0.5964313060272617,219440.49915,2,707080.3692,229
SYNUSDT,0.06258701523281626,0.012648362639388287,0.5982344583653487,0.7982344583653487,42718.377624,2,704544.457534,230
DOGSUSDT,0.06143868498029051,0.017444084339017122,0.9522996638086423,1.1522996638086422,33772.727424815,2,703707.41293146,231
KERNELUSDT,0.2663115845539357,0.0,0.8856358428260158,1.0856358428260158,64958.054875,2,703354.30118,232
AIGENSYNUSDT,0.07467020761563943,0.03518819077215833,0.5622582820988598,0.7622582820988597,120532.70121500001,2,698833.09833,233
IOTAUSDT,0.23310054974237904,0.0003842120732542283,0.6161319650444252,0.8161319650444252,107857.56169999999,2,691889.5864,234
TURBOUSDT,0.09823204038707327,0.00020469707823882465,1.1741036457505405,1.3741036457505404,55410.8913605,2,688987.528719,235
OGNUSDT,0.08033565640501127,0.03780295347535247,1.3928690444082847,1.5928690444082847,66067.916515,2,688945.48413,236
MINAUSDT,0.16194331983806132,0.0,0.8624121728166012,1.0624121728166012,76136.17056,2,684279.90556,237
HMSTRUSDT,0.08145534733129278,0.038440111069010054,0.7062071466237274,0.9062071466237274,58682.079830949995,2,674962.5517701,238
PIXELUSDT,0.1941749403100583,0.0002666066350210835,0.8463554685788188,1.0463554685788188,101715.83004649999,2,670151.757737,239
COINBUSDT,0.03530846303732878,0.0038080203280833726,0.3539106241449763,0.5539106241449763,264232.324815,2,664322.59407,240
SNXUSDT,0.06566946439858838,0.03096591694448661,0.36382487764868854,0.5638248776486885,177102.62483,2,656084.25733,241
FORMUSDT,0.10421444139477914,0.02943205503338625,0.8410377706988048,1.0410377706988048,39140.591275,2,656029.69437,242
USDSUSDT,0.010003501225427798,0.0,0.010003501225408495,0.2100035012254085,805106.331,2,652582.9402,243
SCRUSDT,0.04366812435251459,1.3483854520253146e-05,0.7331730032098693,0.9331730032098693,78877.9491465,2,641235.591177,244
AVGOBUSDT,0.03880312169162347,0.031356633332345514,0.21567543672459943,0.41567543672459945,205072.19659,2,631419.21574,245
CHZUSDT,0.06971070059253812,0.0,0.2875192912399793,0.4875192912399793,123798.43566,2,628832.45068,246
SENTUSDT,0.07914523149979891,0.0,0.5113101016459065,0.7113101016459065,105991.3343,2,628826.47981,247
PARTIUSDT,0.4140786749482377,0.0,0.9061931277203727,1.1061931277203727,150685.836905,2,624679.17798,248
MEUSDT,0.0434688120406406,8.907365576775816e-06,0.3214149123775101,0.52141491237751,74305.1376114,2,620258.2033234,249
SCUSDT,0.15209125475283894,0.0,1.3134569297507837,1.5134569297507836,71710.55405850001,2,617392.286647,250
0GUSDT,0.06197709229103675,5.4322184353768876e-05,0.4278557231943536,0.6278557231943536,427169.48482750007,2,614888.893601,251
METUSDT,0.09227220790897606,3.0102101004617685e-05,0.676520488878618,0.876520488878618,43909.46323,2,614462.55126,252
CBRSBUSDT,0.10133604283411847,3.8217234095106964e-05,0.3354126935325663,0.5354126935325663,217413.49306,2,614301.85626,253
BERAUSDT,0.1405205118566651,0.03982561339266063,0.7402769612542104,0.9402769612542103,54928.410909800004,2,584961.9911167,254
LAUSDT,0.18050556219418412,0.00023039116798644754,0.6818711152038914,0.8818711152038914,132218.163455,2,578006.20896,255
KATUSDT,0.21762785636560592,0.0,0.5985450249934854,0.7985450249934853,138167.39914,2,567093.34244,256
OGUSDT,0.0501532463410351,0.023637196779521467,0.445346880453229,0.645346880453229,66431.6688,2,562769.4434,257
YBUSDT,0.1089327527146447,0.0002517225102543877,1.3468729860671103,1.5468729860671102,84970.27175000001,2,562530.95418,258
AIXBTUSDT,0.14133166526304536,0.0665825298744049,0.8385509899566268,1.0385509899566268,59724.4300285,2,556505.934036,259
ARKMUSDT,0.12822339885187028,0.060410638428065405,0.7313432940118769,0.9313432940118769,147538.879815,2,555068.13783,260
MBLUSDT,0.22618751285801864,0.10673297773197077,1.3648344933499423,1.5648344933499423,38476.872375499996,2,550808.847892,261
LUNAUSDT,0.21119324181625326,0.0,0.7938550542292422,0.9938550542292421,80047.4374075,2,543936.754529,262
TREEUSDT,0.2570698334498063,0.0004672900320461848,0.7545304031610134,0.9545304031610133,124093.82681500001,2,542112.9765,263
BABYUSDT,0.07902019947995642,8.830615392629599e-05,0.6771490090651144,0.8771490090651144,141578.67772500002,2,541890.17192,264
2ZUSDT,0.035029337069794525,0.02476948178252961,0.520553981257188,0.720553981257188,70640.340135,2,540600.36716,265
COOKIEUSDT,0.8510638297872288,0.0,1.5259743451336738,1.7259743451336738,127678.22985,2,536245.83083,266
MIRAUSDT,0.0349473874058997,0.01646155980244137,0.5178578783823051,0.7178578783823051,61968.7972645,2,535407.815075,267
LINEAUSDT,0.03941664759859026,3.2958350975878343e-05,0.6808905008548249,0.8808905008548249,174529.57951349998,2,534917.864685,268
IOUSDT,0.10743703302462917,0.05067048368554921,0.6595902515561802,0.8595902515561802,189093.095268,2,529604.585796,269
DUSKUSDT,0.13513519682943997,0.00012912839737174147,1.034719642132198,1.234719642132198,141587.30425000002,2,529396.798,270
CRWVBUSDT,0.07029105870084713,0.007574519023551447,0.2432175887200072,0.4432175887200072,235337.96175000002,2,529339.734,271
RSRUSDT,0.09912986252171999,0.04675085135810501,0.6191399962791166,0.8191399962791166,81831.20308405001,2,518558.0085256,272
ROSEUSDT,0.16246953696181304,0.0,0.7441153909173215,0.9441153909173214,107721.5418475,2,515493.543371,273
OPGUSDT,0.1055408970976137,0.0,0.6984505449677991,0.8984505449677991,79247.252435,2,509500.96306,274
DRAMBUSDT,0.03397317002512569,2.4483769911537247e-05,0.1201190489043602,0.3201190489043602,314941.71185,2,507497.073,275
THETAUSDT,0.08346471440965056,0.03936023778073246,1.2410204663469426,1.4410204663469426,23804.90883,2,507333.37694,276
PUNDIXUSDT,0.1625429038688983,0.07656809593484373,0.7252709600587826,0.9252709600587825,36942.52559,2,507144.39937,277
SHELLUSDT,0.43763676148796227,0.0,1.123949151835063,1.323949151835063,128541.94727,2,500307.78628,278
GMTUSDT,0.13726835964309667,0.0,0.48097975462273457,0.6809797546227345,114079.639022,2,495330.640027,279
ONEUSDT,0.13131976362442868,0.0,0.6917838026807177,0.8917838026807177,86425.2042176,2,492397.4867159,280
1000CHEEMSUSDT,0.18099547511312655,0.0,1.6244023943766117,1.8244023943766117,61656.7421485,2,482326.789249,281
ICXUSDT,0.19732516696078645,0.0931015364688987,,,48678.589,0,471003.331102,282
SANTOSUSDT,0.3669724770642205,0.0,1.1542236822724206,1.3542236822724205,179420.92183,2,469349.09816,283
STGUSDT,0.08814024260752695,0.041533430784219165,1.5208037014679099,1.7208037014679098,74851.38089,2,468331.3065,284
APEUSDT,0.0705467372134157,0.0,0.6111394297793671,0.811139429779367,151140.53786450002,2,462099.82621,285
MTLUSDT,0.4264392324093702,0.0,4.2736404059117215,4.473640405911722,79029.17485,2,459149.5724,286
COMPUSDT,0.07648508651303298,0.036067670965102466,0.4061502492887725,0.6061502492887725,110492.17694,2,459125.75558,287
OPENUSDT,0.062363579669466165,0.0,0.7272485349033353,0.9272485349033353,49033.397469999996,2,458564.97627,288
BANANAS31USDT,0.02751152840973732,0.02333813864663971,0.7520631557833612,0.9520631557833612,39425.093450500004,2,453014.17971,289
PHAUSDT,0.38684719535783135,0.0,0.9650853686209881,1.165085368620988,238273.0391,2,447461.4678,290
RIFUSDT,0.1246883277654969,0.00010993511482290328,1.0877504015681771,1.287750401568177,150485.4998,2,439956.8913,291
AMDBUSDT,0.029972440330500408,0.0014609792217555129,0.2361323481825106,0.4361323481825106,242695.82425,2,438891.00481,292
HYPERUSDT,0.1509433962264194,0.0,0.6138850470323587,0.8138850470323586,49258.203785,2,437091.57456,293
EGLDUSDT,0.07276537569365411,0.0205883444848843,0.6856726400938873,0.8856726400938872,17521.30418,2,434629.57213,294
RESOLVUSDT,0.08152912535305812,0.03841927067261922,1.008864123062525,1.208864123062525,47743.259825,2,434416.392046,295
HOODBUSDT,0.02736643663649023,0.01290223099022161,0.3876108502954001,0.5876108502954001,212955.8766,2,431727.96102,296
CYBERUSDT,0.30959826509950544,0.0006777679030818904,0.7377732246696356,0.9377732246696355,96795.90648,2,428503.26041,297
MEMEUSDT,0.18148835271322075,0.00023290679655574696,0.6226752211139219,0.8226752211139219,95932.0122465,2,426919.858445,298
SANDUSDT,0.16542597187758626,0.0,2.2130877932005855,2.4130877932005856,15131.800555,2,422455.02306,299
SUSHIUSDT,0.07460831561803082,0.03520567558748039,0.618139076806884,0.8181390768068839,46239.62129,2,420947.94307,300
IDUSDT,0.30395206980734885,0.0006532722483633867,0.9967775821611624,1.1967775821611624,136771.97595,2,420277.0307,301
USUALUSDT,0.1286633362105008,0.06061779005780796,1.0578814982397544,1.2578814982397544,117471.878486,2,416215.712823,302
GUNUSDT,0.30534351145038247,0.0,0.8565740895591589,1.0565740895591589,123086.97736,2,406605.41838,303
LPTUSDT,0.07064641469444648,0.0,0.91705114981942,1.11705114981942,290165.65359999996,2,405356.89159,304
IRENBUSDT,0.03668528117191666,0.017290787627782935,0.27573840530558114,0.4757384053055811,260006.1442,2,405144.4245,305
IMXUSDT,0.11495721412323956,0.0541636594028132,0.9893646294795444,1.1893646294795444,33041.162606,2,404810.16952,306
USDPUSDT,0.02000400080015783,0.0,0.4667249307572008,0.6667249307572007,53728.8126,2,403791.6752,307
WALUSDT,0.41753653444676164,0.0,0.993044524474046,1.193044524474046,225189.2485,2,403006.46258,308
ACTUSDT,0.13202288964760311,0.06227269989784177,1.3012552631796293,1.5012552631796292,47740.1555815,2,401994.714953,309
FLOWUSDT,0.033984706881901756,0.0,1.0692737924207052,1.2692737924207051,39434.557341499996,2,401957.4876905,310
USARBUSDT,0.0786369701741432,0.03710868049845831,0.44153109323344375,0.6415310932334437,285407.87255,2,401559.76,311
GLMUSDT,0.08822232024702502,0.0,0.7133983374553232,0.9133983374553232,83745.42319999999,2,400338.32112,312
CETUSUSDT,0.08216928256324615,4.77423639323678e-05,1.2706565763953126,1.4706565763953126,80012.0464475,2,395419.72653,313
1000SATSUSDT,0.0836470096194053,0.0,0.5320042575948591,0.7320042575948591,82090.724914185,2,393935.93357661,314
RAREUSDT,0.07855460756249762,4.363432498105556e-05,0.8579177470678989,1.0579177470678989,107358.6348325,2,393085.867235,315
ZKPUSDT,0.24009603841537303,0.0,0.9706547782119324,1.1706547782119323,148766.994925,2,391771.84155,316
USTCUSDT,0.18399264029439666,0.0,0.9748800782123368,1.1748800782123368,147378.65635,2,385000.23529,317
SAHARAUSDT,0.12232415902140176,0.0,0.6012604114283504,0.8012604114283504,72148.913495,2,382961.68728,318
QTUMUSDT,0.11191955820897401,0.00017714399229316202,1.3434619780520518,1.5434619780520518,30275.1814,2,382942.9633,319
BNSOLUSDT,0.08726005151465033,5.384133869341851e-05,0.4033166302368163,0.6033166302368163,271199.17634999997,2,380732.5058,320
DOLOUSDT,0.12057878300483241,3.426932280141162e-05,1.1021478671547735,1.3021478671547735,81255.5116615,2,374114.078758,321
BARUSDT,0.3539823008849561,0.0,0.9255226102176328,1.1255226102176328,167373.77348,2,373595.07685,322
BARDUSDT,0.08521516829995983,0.0,0.8087770718073539,1.0087770718073539,91026.11675,2,367890.6822,323
STEEMUSDT,0.0548883699429383,0.015487956171707578,0.8169015012547354,1.0169015012547353,88616.76372,2,367159.97747,324
HAEDALUSDT,0.12684562116763218,0.035811816831327774,1.0560071273547633,1.2560071273547633,67627.519092,2,364614.970041,325
CHRUSDT,0.12734809452221332,0.00017201280076344314,1.6010303630909162,1.8010303630909161,96957.46957,2,363515.78623,326
REQUSDT,0.1684919966301649,0.0,1.3576824051243053,1.5576824051243052,87857.24595000001,2,362756.0983,327
ARMBUSDT,0.09158492026590576,0.01618278144466405,0.5130936664168861,0.7130936664168861,215300.74176499998,2,359055.1765,328
BEBUSDT,0.057221636512688745,0.01238891306666926,0.23094817915739196,0.430948179157392,236909.60046500002,2,358818.25038,329
BANANAUSDT,0.09971959110864223,0.03515728259387941,0.9071856717847937,1.1071856717847937,111356.24573349999,2,350761.701687,330
TOWNSUSDT,0.41152437604521797,0.0011974966128605604,1.1436991163805532,1.3436991163805532,174086.921175,2,349157.82857,331
OPNUSDT,0.18709073900841147,0.0,0.5273238295491367,0.7273238295491367,83492.495845,2,345266.76796,332
ARPAUSDT,0.10465724751440425,0.0,1.0180810310210175,1.2180810310210175,55477.77478,2,344866.619298,333
YGGUSDT,0.06540222989102873,0.030857786445348596,1.1406086280170868,1.3406086280170868,46116.586076,2,343099.171214,334
REZUSDT,0.11150809071869197,0.022515732076499227,0.8364835257233028,1.0364835257233027,56502.637235500006,2,342381.4998432,335
CKBUSDT,0.19521722560976085,0.0001347383348297097,1.3518122352796424,1.5518122352796424,60144.4631545,2,341565.462297,336
FOGOUSDT,0.16325050956548992,0.07690118133058926,0.9600809845319247,1.1600809845319247,187153.63580499997,2,340153.72271,337
SKLUSDT,0.2554278416347278,0.0,0.8007402057374713,1.0007402057374712,122467.97675999999,2,333526.80361,338
BLURUSDT,0.061012818368775125,2.6322500050851817e-05,1.0211752582336309,1.2211752582336308,29184.213652500002,2,329714.857822,339
XTZUSDT,0.06574622590637433,0.03102023119180062,0.5651032267043998,0.7651032267043998,84707.475065,2,328534.92731,340
SPELLUSDT,0.11621150493899178,0.0,0.9788836996777572,1.1788836996777572,64744.09245985,2,326846.6248986,341
NOTUSDT,0.2344678774884718,0.0007774622562458827,0.8381319942941612,1.0381319942941611,72230.86885500001,2,326110.085119,342
OSMOUSDT,0.2781641168289178,0.0,2.1332513911916093,2.3332513911916095,146499.3644605,2,323165.735796,343
1MBABYDOGEUSDT,0.0792497909761922,5.9213382228918306e-05,0.6667559005028412,0.8667559005028411,67198.6404947,2,322418.7555243,344
NEWTUSDT,0.0970521141477877,0.00011655549103401897,0.46685742023705457,0.6668574202370545,64111.552729,2,321069.280535,345
SSVUSDT,0.09367158872923977,0.026577691663661824,0.6720547673548682,0.8720547673548682,89959.890507,2,319717.117488,346
ORCAUSDT,0.07809449433814057,0.0,1.5886841009149055,1.7886841009149055,57835.13209499999,2,318212.43649,347
ORCLBUSDT,0.023136235023020778,0.023374039189733513,0.3266896559356802,0.5266896559356802,323396.8225,2,315162.86345,348
FLUXUSDT,0.3226963899209556,0.15190228663984512,2.2560555822386252,2.4560555822386254,73957.8285845,2,313550.421277,349
CELRUSDT,0.04138217137382637,2.4218178356012777e-05,2.6672587450653595,2.8672587450653597,67475.55759775,2,313061.2770972,350
LQTYUSDT,0.10866258218528134,0.03075044926351355,0.8127275837304382,1.0127275837304381,186078.07141,2,312731.84222,351
MITOUSDT,0.05341563335154002,0.02518634857898478,1.369712071355489,1.5697120713554888,59497.7002685,2,310670.963702,352
DYMUSDT,0.0640000000000085,0.0,1.7015227704360814,1.9015227704360815,46152.3814805,2,309615.33995,353
MANAUSDT,0.1339584728734131,0.0,0.5157819351973458,0.7157819351973458,119187.8951,2,308745.8857,354
JUVUSDT,0.3007518796992484,0.0,1.131642290264595,1.331642290264595,154760.9141,2,306392.13026,355
EDUUSDT,0.23391812865496125,0.0,1.1832553798437007,1.3832553798437006,123291.6912,2,305637.5386,356
THEUSDT,0.20580839106983284,0.09693024200915498,1.4458197770625347,1.6458197770625347,91763.62381,2,304543.01586,357
SAPIENUSDT,0.12539184952978416,0.0,1.1109067125768757,1.3109067125768756,123698.02578,2,300866.91678,358
WDCBUSDT,0.0867611670106275,0.029166176059655005,0.45948513378882283,0.6594851337888228,223650.66996,2,299384.40752,359
C98USDT,0.15712403577143172,0.04454192196413128,1.0376184681108735,1.2376184681108735,54493.136661,2,297625.300243,360
LAYERUSDT,0.14419640652574922,0.0002940512094508932,0.823248426389539,1.023248426389539,65904.9039635,2,294881.998296,361
ACHUSDT,0.294213858261661,0.13851232528004698,0.7999718324351146,0.9999718324351146,71395.28049,2,290122.78916,362
MSFTBUSDT,0.027217508462124236,0.0014219251740260383,0.22399848732949645,0.42399848732949647,261805.69297,2,288287.96121,363
GENIUSUSDT,0.14655594328904878,0.06904212631023396,0.573832519767048,0.7738325197670479,83268.79146000001,2,285697.62422,364
SMCIBUSDT,0.06526224523389954,0.018406896397355085,0.30676980068022885,0.5067698006802288,314197.90515,2,284492.5206,365
AMZNBUSDT,0.02671406175265237,0.005392818306021245,0.18789895156369196,0.387898951563692,314819.53033,2,280315.69967,366
YFIUSDT,0.0642535933856498,0.03031537824009108,0.5087381802095559,0.7087381802095558,514945.20436499995,2,280053.6447,367
IOTXUSDT,0.10300430398842268,5.001547937621336e-05,2.712665466059688,2.9126654660596882,31953.1782875,2,270051.886606,368
NXPCUSDT,0.04938274314553264,5.173166303970338e-05,0.5394568828326063,0.7394568828326062,147064.55052,2,268128.8332,369
XECUSDT,0.13898540653231278,0.0,0.551341241526826,0.7513412415268259,45044.87392489,2,267404.48651872,370
HOTUSDT,0.2587322121604062,0.0,1.351742415812246,1.551742415812246,154544.30585,2,264908.207872,371
CELOUSDT,0.0450057471168408,0.04544561990119517,0.8167606377053716,1.0167606377053715,34178.4441045,2,264350.239224,372
BATUSDT,0.14652014652015072,0.0,1.044069983539886,1.2440699835398858,87122.062,2,264308.1687,373
VTHOUSDT,0.2490660024906661,0.0,0.9812757508901482,1.1812757508901481,80475.4114385,2,263446.240828,374
AXLUSDT,0.24067388688326333,0.0,1.0646021703214825,1.2646021703214825,83165.40106,2,262287.507506,375
GMXUSDT,0.13360053440213476,0.0,1.3660111514035012,1.5660111514035011,55089.1048,2,261555.75478,376
KAVAUSDT,0.03284551667448452,0.015481264679441897,0.5605245993393237,0.7605245993393237,262386.9122895,2,261443.240864,377
ACMUSDT,0.3430531732418528,0.0,1.7158604672698918,1.9158604672698918,206560.122,2,260532.2275,378
1INCHUSDT,0.111049416990564,0.0,0.48185297158492846,0.6818529715849284,63898.13759,2,259636.214,379
BREVUSDT,0.13937282229965553,0.0,0.9462999706728648,1.1462999706728647,77151.11067,2,256535.61927,380
RVNUSDT,0.29985007496251953,0.0,0.8234253257988378,1.0234253257988377,77020.30434949999,2,256067.150642,381
METISUSDT,0.34662045060659386,0.0,1.4907571584612478,1.6907571584612477,119582.889665,2,255105.14009,382
MVLLBUSDT,0.09874455736036161,0.02001694292408292,0.4162812601102128,0.6162812601102128,280629.8321,2,253570.7976,383
1000CATUSDT,0.1512859400266557,5.394619974334329e-05,1.7044417228423203,1.9044417228423203,150911.87646665,2,252282.0745272,384
ASTRUSDT,0.1451428288461628,0.025712853895660644,1.013060893698381,1.2130608936983809,86537.97234165,2,251936.5423788,385
HIVEUSDT,0.22909507445590577,0.0,1.0438133860737386,1.2438133860737386,68146.08765,2,250631.292,386
VANAUSDT,0.15133681703154933,0.07138883607913032,0.5093088581679006,0.7093088581679006,56405.97951,2,247512.70279,387
GUSDT,0.2554278416347278,0.0,0.7740217969589014,0.9740217969589013,87755.54247,2,246381.17612,388
AUCTIONUSDT,0.07810303763860524,0.022066027442723506,1.0630797020364902,1.2630797020364901,43564.09619,2,245012.84822,389
POWRUSDT,0.21621621621622242,0.0,1.3351768255996654,1.5351768255996654,77865.9492,2,244377.1555,390
ALPINEUSDT,0.27972027972027996,0.0,0.8067687502243626,1.0067687502243625,92364.50735,2,242658.92003,391
BTTCUSDT,3.508771929824546,0.0,3.50877192982455,3.7087719298245503,1324041.391801765,2,241200.22630935,392
TQQQBUSDT,0.013768415842676532,4.0213714203011535e-06,0.21683937343289772,0.41683937343289773,215357.999,2,241022.1944,393
POLYXUSDT,0.28612303290415697,0.0,0.7406743223520196,0.9406743223520195,127089.50657999999,2,236497.27713,394
ZRXUSDT,0.0992555831265537,0.0,0.8575713758534942,1.0575713758534941,34637.6918,2,236389.5765,395
FUSDT,0.06166179829643628,4.0328172380469095e-05,0.48724665794416255,0.6872466579441625,86785.21755900001,2,235647.808113,396
MANTAUSDT,0.06587481722707506,0.02334059277903813,0.6541335092285328,0.8541335092285327,63355.527023,2,231475.222417,397
ANKRUSDT,0.24479804161565707,0.0,0.736208329616217,0.9362083296162169,46807.5106245,2,230266.500826,398
XAIUSDT,0.13333339259261928,0.00012570792807294659,0.794152434859996,0.9941524348599959,91485.7614955,2,229426.323029,399
BABABUSDT,0.0331606218186387,1.9438839839424933e-06,0.19590476195314732,0.39590476195314733,203196.179385,2,229259.30167,400
NOKBUSDT,0.09328360238299377,6.153121997995856e-05,0.6571127756225259,0.8571127756225259,175898.2342,2,228584.9833,401
INTWBUSDT,0.13448815916636925,0.0379653164140751,0.4813019356952386,0.6813019356952386,167554.2829,2,228393.084,402
TNSRUSDT,0.28776978417265014,0.0,0.8112544000809796,1.0112544000809796,192503.987775,2,227793.05344,403
MAVUSDT,0.09285053068992005,6.09612255223892e-05,0.7680974738990765,0.9680974738990764,82195.018385,2,226252.746,404
DGBUSDT,0.20100502512563737,0.0,2.4983077281856114,2.6983077281856116,126301.177339,2,225394.605575,405
TUSDT,0.2663115845539288,0.0,0.6712033110210236,0.8712033110210236,122831.976324,2,223148.318461,406
BNTUSDT,0.10722806100779407,0.02172022128861651,0.8796941476108322,1.0796941476108322,36662.814515000005,2,221676.35422,407
ZILUSDT,0.054734541136438324,0.025820936921075448,0.8111014194839172,1.0111014194839172,26014.34322635,2,219166.2637936,408
TFUELUSDT,0.22522522522523558,0.0,0.751960186941214,0.951960186941214,87320.79848,2,218761.59362,409
LISTAUSDT,0.14044950746508272,0.00013948426845910555,1.675261104215331,1.8752611042153309,66940.01714000001,2,218305.38812,410
STRAXUSDT,0.10476689366159866,0.0,1.0212516767622526,1.2212516767622525,126136.68723,2,212984.34171,411
LUMIAUSDT,0.11467893678685598,9.299341039134066e-05,1.06064916467154,1.2606491646715399,87500.561307,2,207166.094371,412
SOPHUSDT,0.2713704206241527,0.0,1.2222921394957953,1.4222921394957952,118147.18419,2,205008.43686,413
AIUSDT,0.53333333333333,0.0,1.586218972708281,1.786218972708281,481658.2509,2,203719.47961,414
QCOMBUSDT,0.0698085365298457,0.00430880458981098,0.4280247782080304,0.6280247782080304,210700.60997,2,200898.80083,415
IOSTUSDT,0.3311258278145596,0.0,0.9295832948640337,1.1295832948640336,76521.8718735,2,199889.071127,416
BEAMXUSDT,0.10301018926147537,0.048581698005385886,1.091597808021988,1.2915978080219879,47990.1398985,2,199689.188109,417
AEVOUSDT,0.08609556607834346,0.0,0.8527873024953503,1.0527873024953502,78850.5930918,2,198511.5897394,418
RONINUSDT,0.17714791851196257,0.0,1.5161068028970826,1.7161068028970825,80993.43525849999,2,194606.661145,419
LAZIOUSDT,0.2466091245376081,0.0,2.8170715804726743,3.0170715804726744,77686.14121,2,193779.97494,420
GMEBUSDT,0.11123470522802881,0.0,0.3358274486327306,0.5358274486327306,210327.3201,2,193583.5921,421
AVAUSDT,0.07128712960729508,0.03361572148035876,1.961886502859772,2.1618865028597725,30107.492940000004,2,192163.4254,422
WAXPUSDT,0.24067388688326338,0.0,0.7085212665734919,0.9085212665734919,111287.454535,2,191553.18584,423
DCRUSDT,0.25303383200570384,0.05118390680491138,1.287022768593038,1.487022768593038,54798.55008,2,188593.21119,424
BIGTIMEUSDT,0.15564202334629715,0.0,1.0460975477525558,1.2460975477525558,114279.187825,2,188551.99307,425
ASTSBUSDT,0.10664008408488287,0.058030907666785994,0.386440136302596,0.586440136302596,223589.39020000002,2,186372.7368,426
DELLBUSDT,0.06462734204802537,0.007493950717476042,0.4164029047209583,0.6164029047209583,243133.5223,2,186077.41278,427
AWEUSDT,0.13762363529826058,0.011440926260391301,0.9150804586994521,1.115080458699452,42188.75949,2,182482.97707,428
QIUSDT,0.21786492374728197,0.10270250997626214,1.4059778189550343,1.6059778189550342,39000.3094495,2,179196.872231,429
WOOUSDT,0.12822339885186734,0.06041063842806958,1.8476265267554193,2.0476265267554195,76838.0603295,2,170914.205364,430
CITYUSDT,0.2691790040376853,0.0,1.1348059803737431,1.334805980373743,146227.853365,2,170837.31834,431
CGPTUSDT,0.14570186569117394,0.06881788617097039,1.1188602432265993,1.3188602432265992,70785.275448,2,164117.478848,432
AGLDUSDT,0.08827856962397074,0.04163124278726159,0.8903433449448772,1.0903433449448772,72053.77160000001,2,157889.56427,433
INITUSDT,0.0823530609590156,0.012935272345655608,0.6433228214377196,0.8433228214377195,110892.3365335,2,157785.685892,434
PORTOUSDT,0.21668472372697742,0.0,1.385642808445875,1.585642808445875,102919.476535,2,156823.25913,435
KSMUSDT,0.2812939521800346,0.0,1.172256032548974,1.3722560325489739,60579.278229999996,2,155965.8871,436
ASRUSDT,0.22123893805309752,0.0,0.9944611037808027,1.1944611037808026,88503.9239,2,155105.9591,437
IBMBUSDT,0.10817192781756191,0.09786108251437618,0.26182892316479744,0.46182892316479746,195672.03191000002,2,154543.55751,438
ALABBUSDT,0.16985540106416663,0.009412083084795755,0.560018975172405,0.7600189751724049,210173.289035,2,154436.85292,439
RLCUSDT,0.18645121193287428,0.0,1.1112751873863624,1.3112751873863624,63381.81979,2,151044.09906,440
EWYBUSDT,0.01617134942969188,0.007635296329621212,0.17668567667016855,0.37668567667016856,281356.61144999997,2,148236.92103,441
TKOUSDT,0.37593984962405785,0.0,2.446192521625834,2.646192521625834,51455.91954,2,137262.98872,442
GLWBUSDT,0.07016018633323784,0.07218193644964521,0.35987023545771546,0.5598702354577154,219463.507805,2,134597.57238,443
RKLBBUSDT,0.0370310027938931,0.010479534223806779,0.30652474518594874,0.5065247451859487,161363.1501,2,133265.8214,444
NMRUSDT,0.10899182561307669,0.0,0.8144607147201055,1.0144607147201055,56586.98105,2,132174.3681,445
FTTUSDT,0.17219113215669885,0.0,2.281944838057437,2.481944838057437,69097.8218315,2,130996.226481,446
GNOUSDT,0.20020863065120784,0.017340727597807158,1.421511966573069,1.621511966573069,32594.924565,2,129019.60916,447
FLNCBUSDT,0.08908685968819409,0.0,0.8763527236284929,1.0763527236284929,211320.77995,2,128007.7116,448
SLPUSDT,0.1581027667984228,0.0,1.089267594873422,1.289267594873422,77383.4668445,2,127094.289647,449
CUSDT,0.15588464536241464,0.0,1.2771933801186575,1.4771933801186574,103194.61228999999,2,126069.68716,450
RPLUSDT,0.059224184231576354,4.9603579840547246e-05,0.6278233296655222,0.8278233296655222,57973.426905,2,122051.90009,451
ANIMEUSDT,0.372439478584731,0.0,1.25071466666285,1.4507146666628499,78106.26813899999,2,121602.126981,452
XVGUSDT,0.1174474788789231,0.055394168779035496,1.5281362996256986,1.7281362996256986,39256.239617,2,121324.950763,453
GNSUSDT,0.1888574126534468,0.0,2.04074927175375,2.2407492717537503,60477.15818,2,120903.13802,454
PLTRBUSDT,0.03092470009236499,0.011932611003140655,0.2911048433300145,0.49110484333001453,313876.64042,2,120783.7757,455
UMAUSDT,0.2680969964870671,0.0005082391534362923,1.4119852225038754,1.6119852225038753,111533.2919,2,117064.1804,456
ADXUSDT,0.14881026525098043,0.0004697533378086505,1.7800404319919916,1.9800404319919918,97870.89005,2,115118.0292,457
CRDOBUSDT,0.21707217137914755,0.006025871988830131,0.360580362019991,0.560580362019991,201707.604155,2,113109.95214,458
TURTLEUSDT,0.23121387283236056,0.0,0.899245320746006,1.099245320746006,102951.79725499998,2,111230.95004,459
CTKUSDT,0.08565316776411178,0.00010375320900405912,2.1118859000159365,2.3118859000159366,35850.932564999996,2,108895.2843,460
ASMLBUSDT,0.04134848574693142,0.04415903029225969,0.2748161886482525,0.47481618864825254,204404.153132,2,107949.102691,461
ZKCUSDT,0.24539877300614202,0.0,0.9064040252768912,1.1064040252768912,96742.57995500001,2,107313.93693,462
GTCUSDT,0.14016162718277075,0.032619696290706754,1.824034006568448,2.024034006568448,38491.58919,2,105315.078664,463
TSMBUSDT,0.03533690995700592,0.0033310097946576173,0.14515314778857924,0.34515314778857925,225150.54887,2,103160.88522,464
JOEUSDT,0.3273322422258573,0.0,1.5309207783074985,1.7309207783074985,199438.239028,2,96147.211119,465
ILVUSDT,0.30816640986131855,0.0,1.201909937796991,1.401909937796991,106412.45702500001,2,95473.53082,466
SFPUSDT,0.09445011873178615,0.026678189719288748,1.552904834741592,1.7529048347415919,131367.79895000003,2,94350.6105,467
WINUSDT,0.04324636189513753,0.020398284053997146,1.3294377338162522,1.5294377338162521,180448.210102015,2,94028.33444095,468
NFLXBUSDT,0.04321940467100302,0.008733486677461405,0.24776981746297277,0.4477698174629728,221133.64535,2,88107.4878,469
FRAXUSDT,0.14532668822493192,0.11469358602682353,1.6433497184437762,1.8433497184437764,22628.434520000003,2,86763.30166,470
AMATBUSDT,0.05309740074608969,0.017327981209434174,0.4857411674660306,0.6857411674660305,174866.198925,2,86429.92621,471
XVSUSDT,0.3220611916264022,0.0,1.3122079034215028,1.5122079034215028,137924.90584999998,2,86312.7406,472
BANDUSDT,0.14203740899366946,0.04025640195498897,1.8133844664654342,2.0133844664654346,117805.864625,2,84104.39472,473
CVCUSDT,0.10052782794204158,0.00010718860343393806,2.3390290988190507,2.539029098819051,75449.74642000001,2,81167.93575,474
KNCUSDT,0.17436791630340517,0.0,1.092839231647974,1.292839231647974,73793.580465,2,79493.54929,475
XNOUSDT,0.5012531328320806,0.0,4.766426783762795,4.966426783762795,48336.21618,2,77466.57153,476
TUSDUSDT,0.0100185342884325,0.0,0.03394197061221682,0.23394197061221683,202775.8787,2,67530.1468,477
QNTBUSDT,0.38748962081371663,0.0,0.6407685175579214,0.8407685175579214,108413.59169999999,2,62591.5836,478
IQUSDT,0.29239828579367455,0.0006045520780581199,,,58771.809655000005,0,60188.217596,479
QKCUSDT,0.09285051067780094,0.0,2.04378989405265,2.24378989405265,77794.3944815,2,52279.933196,480
