sym,banda,rank,half,rs,adv,margen,rs_usd,dias_arriba
USDCUSDT,1-50,1,0.0004996876951937796,0.00044581098818996783,5.3876707003811734e-05,-0.07455418901181003,3.57445895837645e-05,0.0
RLUSDUSDT,1-50,10,0.0049967521111161225,0.004991191729906918,5.560381209204768e-06,-0.07000880827009308,0.004682553785761198,0.0
PEPEUSDT,1-50,20,0.14144271570014008,0.10724075202280363,0.03420196367733645,0.03224075202280363,0.019760359932837375,85.71428571428571
PENGUUSDT,1-50,35,0.02353218025650389,-0.016996582569253797,0.04052876282575769,-0.09199658256925379,-0.03152715242825277,0.0
PAXGUSDT,1-50,50,0.00011424302003957696,-0.004935699166515593,0.00504994218655517,-0.07993569916651559,-0.004184085976406592,0.0
INJUSDT,51-200,60,0.02492522432702727,-0.009648061445963202,0.03457328577299047,-0.0846480614459632,-0.011248202148729661,0.0
NOMUSDT,51-200,90,0.0,0.047326239748975575,-0.047326239748975575,-0.027673760251024422,0.03176495428080213,28.57142857142857
TIAUSDT,51-200,120,0.03215434083600932,-0.007359415712445367,0.03951375654845469,-0.08235941571244536,-0.00944783984475706,0.0
GALAUSDT,51-200,150,0.050916496945016945,-0.0026735254447255016,0.05359002238974245,-0.0776735254447255,-0.02826444712866858,0.0
BELUSDT,51-200,190,0.08382229673093282,0.021661724251339803,0.062160572479593015,-0.053338275748660194,-0.02815844330410277,7.142857142857142
MANTRAUSDT,201-400,210,0.09661835748791876,0.04670999386545473,0.049908363622464036,-0.02829000613454527,0.01633904037540799,7.142857142857142
SENTUSDT,201-400,250,0.037835792659854685,-0.0003105419146110953,0.03814633457446578,-0.07531054191461109,0.001754801485672211,0.0
SANTOSUSDT,201-400,300,0.1049317943336832,0.04747127770711051,0.05746051662657269,-0.02752872229288949,0.03436801334753545,30.0
XTZUSDT,201-400,350,0.025673968026784844,0.00035787851990419744,0.025316089506880645,-0.0746421214800958,-0.011800233340217164,0.0
AUCTIONUSDT,201-400,395,0.07072135785007863,0.031523342765508215,0.039198015084570416,-0.04347665723449178,0.027515661144625662,0.0
STRAXUSDT,401-485,410,0.10593220338982619,0.03670460660330871,0.06922759678651748,-0.03829539339669129,-0.00512106059771919,7.142857142857142
ALABBUSDT,401-485,430,0.062023196675570755,0.03481260134724799,0.027210595328322762,-0.040187398652752004,0.03509110427946566,10.0
RPLUSDT,401-485,450,0.08673026886383677,0.04924293764606066,0.03748733121777611,-0.02575706235393934,0.035511161118389485,22.22222222222222
TSMBUSDT,401-485,465,0.015864299225089445,-0.0013912195605936806,0.017255518785683127,-0.07639121956059368,-0.0019183288489916237,0.0
XNOUSDT,401-485,480,0.2534390719638643,0.198177856886622,0.05526121507724227,0.12317785688662201,0.19730149331568264,72.72727272727273
