sym,banda,fills,dias,mde,potencia
USDCUSDT,1-50,143737,14,4.9913917637401884e-05,True
RLUSDUSDT,1-50,1383,13,0.0005171358218578526,True
PEPEUSDT,1-50,7217,14,0.03433661964669817,True
PENGUUSDT,1-50,30477,14,0.01819011501457506,True
PAXGUSDT,1-50,5806,14,0.0029897423249487126,True
INJUSDT,51-200,11233,14,0.009467893333959625,True
NOMUSDT,51-200,1665,14,0.10975270292229714,False
TIAUSDT,51-200,7231,14,0.008343525850920002,True
GALAUSDT,51-200,7723,14,0.013517291625752045,True
BELUSDT,51-200,7451,14,0.02348049245796964,True
MANTRAUSDT,201-400,2037,14,0.01616691925788172,True
SENTUSDT,201-400,1525,14,0.015317402413143652,True
SANTOSUSDT,201-400,542,10,0.0331261260265648,True
XTZUSDT,201-400,1824,13,0.01537805270813258,True
AUCTIONUSDT,201-400,964,13,0.021055308054674742,True
STRAXUSDT,401-485,1119,14,0.03580511169566868,True
ALABBUSDT,401-485,669,10,0.025277532076223214,True
RPLUSDT,401-485,456,9,0.08787878407074552,False
TSMBUSDT,401-485,1048,13,0.017618136360990706,True
XNOUSDT,401-485,159,11,0.07345469427134119,True
