sym,banda,tick,spread_libro,s_eff,cola,flujo,rotacion,neto_pct,techo
USDCUSDT,1-50,0.001000010000100001,0.0010000050000204491,0.0009993753903875591,3131911.815835,1957630042.8015087,312.5295598847479,-0.0745541890118101,-1459495.2022622158
RLUSDUSDT,1-50,0.009999000099990002,0.009998500224965153,0.009993504222232245,5562400.6542,67298443.64049232,6.049406346671316,-0.07000880827009309,-47114.83837702893
PEPEUSDT,1-50,0.2617801047120419,0.2621231979030119,0.28288543140028016,108711.78502765499,28965392.76342929,133.22103374560928,0.032240752022803604,9338.660453288338
PENGUUSDT,1-50,0.010633772862611655,0.010627557255956908,0.04706436051300778,475.181475,13762553.960496,14481.366261696123,-0.0919965825692537,-12661.079317905796
PAXGUSDT,1-50,0.000216775849436166,0.0002167356789238267,0.0002284860400791539,9872.878868,11629090.044754285,588.9411893042931,-0.0799356991665155,-9295.794433977988
INJUSDT,51-200,0.017979144192736426,0.01794848783990548,0.04985044865405454,128.42554,6909275.6030399995,26899.928172542623,-0.0846480614459632,-5848.567857932243
NOMUSDT,51-200,0.6211180124223603,0.6191950464396166,0.0,5714.67599,1440404.2774285714,126.0267668673698,-0.0276737602510245,-398.6140263810846
TIAUSDT,51-200,0.028224668360146768,0.02822865208185998,0.06430868167201864,160.71729399999998,2784904.1109805717,8663.983948673787,-0.0823594157124453,-2293.630753955468
GALAUSDT,51-200,0.05592841163310962,0.05594405594406337,0.10183299389003389,304.64076700000004,4142282.4734022855,6798.634526485231,-0.0776735254447255,-3217.456830970529
BELUSDT,51-200,0.0855431993156544,0.08543357539512088,0.16764459346186564,244.17278,3802943.105897142,7787.401826479476,-0.0533382757486602,-2028.4242803880802
MANTRAUSDT,201-400,0.24271844660194172,0.24301336573512655,0.19323671497583753,2470.913215,785929.0305942857,159.03614619550402,-0.028290006134545295,-222.3393709682958
SENTUSDT,201-400,0.07987220447284346,0.0798403193612742,0.07567158531970937,1131.1923,418274.4466628572,184.8821136171353,-0.07531054191461099,-315.0047524721383
SANTOSUSDT,201-400,0.18450184501845018,0.18433179723502321,0.2098635886673664,634.0448450000001,547730.1866400001,431.93331746116473,-0.027528722292889496,-150.78312199445094
XTZUSDT,201-400,0.04424778761061947,0.04427717511622271,0.05134793605356969,133.86384,544749.5456492307,2034.7150718567116,-0.0746421214800959,-406.61261762576925
AUCTIONUSDT,201-400,0.03155569580309246,0.031580609505759985,0.14144271570015726,95.830115,278110.22588307684,1451.0586045058842,-0.043476657234491796,-120.9130296412562
STRAXUSDT,401-485,0.10405827263267431,0.20833333333334292,0.21186440677965238,174.102335,387189.69452571427,1111.9600852157273,-0.038295393396691295,-148.27581671006956
ALABBUSDT,401-485,0.003387189648748433,0.1219140505943356,0.12404639335114151,2710.41192,154706.442384,28.5392860846037,-0.040187398652752095,-62.172494742348306
RPLUSDT,401-485,0.05998800239952009,0.060042029420587804,0.17346053772767353,122.65762,442266.32613333326,1802.848963371918,-0.025757062353939392,-113.9148133926396
TSMBUSDT,401-485,0.0023704546532024844,0.028440062568138726,0.03172859845017889,72.5752,234212.16959999996,1613.5826673574443,-0.0763912195605936,-178.9175327167658
XNOUSDT,401-485,0.2506265664160401,0.2509410288582185,0.5068781439277286,317.95153000000005,34756.5015709091,54.65691825875016,0.12317785688662201,42.81231376381095
