hipotesis,n,wr,margen,p_indep,p,wr_pareado,vs_pareado,margen_sin_top3,margen_sin_top1,semanas_todas,semanas,sem_ok,fdr_ok,veredicto,lado
hhi_24 alto,20886,54.10322704203773,2.8532270420377372,8.424127003081883e-17,0.453,49.39964077018015,4.703586271857581,2.213922638234571,2.5880044303187972,49,49,0.46938775510204084,False,muere en la correccion (FDR q=0.05),largo
tk_sd_24 alto,21593,53.920251933496964,2.6702519334969708,2.194640359336553e-15,0.4205,49.279804488041925,4.640447445455038,2.0971293132489635,2.5107364874483977,49,49,0.46938775510204084,False,muere en la correccion (FDR q=0.05),largo
cambios_24 bajo,19873,53.862023851456755,2.6120238514567617,9.22091441814741e-14,0.458,48.897553728410955,4.9644701230458,1.943246940988189,2.3317344200880967,49,49,0.4489795918367347,False,muere en la correccion (FDR q=0.05),largo
amihud_24 alto,23400,53.730769230769226,2.4807692307692335,1.6556780615242023e-14,0.2715,49.124120146569666,4.60664908419956,1.9692302522514566,2.333931384561531,49,49,0.5102040816326531,False,muere en la correccion (FDR q=0.05),largo
amihud_24 alto | vol,23366,53.432337584524525,2.1823375845245323,1.302239688944226e-11,0.2025,49.21911850872772,4.2132190757968075,1.6732449156012592,1.987722729248155,49,49,0.5306122448979592,False,muere en la correccion (FDR q=0.05),largo
chop_24 bajo,22642,53.3830933663104,2.133093366310405,7.05035424078114e-11,0.3555,49.58291130677846,3.8001820595319344,1.4766919180395206,1.9029105515910416,49,49,0.4489795918367347,False,muere en la correccion (FDR q=0.05),largo
amihud alto | vol,23194,52.949038544451156,1.699038544451163,1.1693602757301451e-07,0.251,49.3592287246658,3.5898098197853585,1.2939912699495366,1.5539636953566998,49,49,0.4897959183673469,False,muere en la correccion (FDR q=0.05),largo
amihud alto,23294,52.85051944706791,1.6005194470679172,5.290378118496342e-07,0.346,49.29683065249581,3.5536887945721034,1.1966921815199711,1.4627706196862178,49,49,0.4897959183673469,False,muere en la correccion (FDR q=0.05),largo
tk_sd_24 alto | vol,22219,52.43260272739547,1.1826027273954764,0.00021579295729208582,0.2915,49.30234220815173,3.130260519243741,0.6378718535469119,0.9845981420714622,49,49,0.5306122448979592,False,muere en la correccion (FDR q=0.05),largo
cambios_24 bajo | vol,20959,52.39276683047856,1.142766830478564,0.0004783790140150286,0.403,48.89382616327093,3.498940667207627,0.4313116685484317,0.8686237343442684,49,49,0.42857142857142855,False,muere en la correccion (FDR q=0.05),largo
tk_sd alto,21662,52.33127135075247,1.0812713507524805,0.0007439519878964646,0.528,49.198263143031795,3.1330082077206782,0.5838831748496105,0.8708166309313086,49,49,0.42857142857142855,False,muere en la correccion (FDR q=0.05),largo
hhi_24 alto | vol,21522,52.272093671591854,1.0220936715918612,0.0013811619636338887,0.346,49.475339388765164,2.79675428282669,0.3479306676981153,0.7544855620970097,49,49,0.46938775510204084,False,muere en la correccion (FDR q=0.05),largo
hhi alto,21409,52.19767387547293,0.9476738754729368,0.0028264116013489997,0.5055,49.28820611026447,2.9094677652084613,0.44516082294988024,0.7143276226238058,49,49,0.4489795918367347,False,muere en la correccion (FDR q=0.05),largo
centro_24 bajo,22479,52.057475866364165,0.8074758663641717,0.007859357060032874,0.4,48.80719631952519,3.250279546838975,0.4644284481584222,0.6770229280042912,49,49,0.5102040816326531,False,muere en la correccion (FDR q=0.05),largo
chop_24 bajo | vol,22729,52.04364468300409,0.7936446830040964,0.00849017854273386,0.275,49.564528905782105,2.4791157772219847,0.14482053611995127,0.5476385265113066,49,49,0.5102040816326531,False,muere en la correccion (FDR q=0.05),largo
centro_24 bajo | vol,22481,51.87936479693964,0.6293647969396474,0.02997130398781396,0.3885,48.844300228872754,3.035064568066886,0.2820713604793781,0.4984388938447921,49,49,0.5102040816326531,False,muere en la correccion (FDR q=0.05),largo
cambios bajo,23508,51.70580228007486,0.4558022800748702,0.08201966599362595,0.552,48.86702306735974,2.8387792127151243,-0.007791238697201663,0.2183879793100587,49,49,0.4489795918367347,False,muere en la correccion (FDR q=0.05),largo
camino alto | vol,23308,51.6689548652823,0.4189548652823092,0.10149464043208059,0.496,48.71250327247657,2.9564515928057347,0.1534702394026013,0.3203761147731683,49,49,0.4897959183673469,False,muere en la correccion (FDR q=0.05),largo
tk_sd alto | vol,22000,51.595454545454544,0.345454545454551,0.154253433150288,0.4505,49.26990489277123,2.325549652683314,-0.11245141719593477,0.19843568945539403,49,49,0.4489795918367347,False,muere en la correccion (FDR q=0.05),largo
hhi alto | vol,21723,51.49380840583713,0.24380840583713592,0.23819439606096557,0.4495,49.34861399397742,2.1451944118597055,-0.2846205059920024,0.01948157054988542,49,49,0.4897959183673469,False,muere en la correccion (FDR q=0.05),largo
cambios bajo | vol,21305,51.419854494250174,0.16985449425018118,0.3123681298415866,0.496,48.90601691690768,2.5138375773424926,-0.3286450950681754,-0.07766429211680759,49,49,0.4897959183673469,False,muere en la correccion (FDR q=0.05),largo
efic_h_24 alto | vol,22492,51.32491552552019,0.07491552552019698,0.4136728970790006,0.4365,49.186084115226166,2.1388314102940242,-0.6083009819593386,-0.21626278095580886,49,49,0.4897959183673469,False,muere en la correccion (FDR q=0.05),largo
chop bajo,22665,51.06110743437018,-0.18889256562981416,0.7175484104414075,1.0,49.18979062968796,1.8713168046822162,-0.6593778178539225,-0.36142704816064253,49,49,0.4489795918367347,False,no cruza el umbral,largo
efic_h_24 alto,22601,51.059687624441395,-0.19031237555859803,0.7187222359744293,1.0,49.21711962834094,1.8425679961004562,-0.8574070712113553,-0.47491039426522264,49,49,0.4897959183673469,False,no cruza el umbral,largo
chop bajo | vol,22634,50.693646726164175,-0.5563532738358177,0.9536374672573427,1.0,49.25030764854467,1.4433390776195054,-1.0235917406266921,-0.7186763594326564,49,49,0.42857142857142855,False,no cruza el umbral,largo
ac1_5m bajo,19165,50.24784763892512,-1.0021523610748702,0.9973054558381542,1.0,48.711990858092726,1.5358567808323969,-1.713711851612203,-1.297913117546841,49,48,0.4166666666666667,False,no cruza el umbral,largo
ac1_5m alto | vol,22852,50.22317521442324,-1.0268247855767498,0.9990710814094216,1.0,48.60451904819143,1.6186561662318155,-1.5964099334173056,-1.2389336461422573,49,49,0.4489795918367347,False,no cruza el umbral,largo
camino bajo,17756,50.18585266952016,-1.064147330479834,0.997775111061634,1.0,48.60616661060649,1.5796860589136656,-2.3784876488359643,-1.5688006203687692,49,49,0.4897959183673469,False,no cruza el umbral,largo
roll_sp bajo | vol,27263,50.15955690863074,-1.0904430913692522,0.9998458099214755,1.0,48.46552059812919,1.6940363105015521,-1.6127410442431227,-1.2944773906597433,49,49,0.4489795918367347,False,no cruza el umbral,largo
tk_frac_24 bajo,22198,50.13514731056852,-1.1148526894314728,0.9995654411034096,1.0,49.03943544593823,1.0957118646302888,-1.7438041554085402,-1.3858818733580875,49,49,0.42857142857142855,False,no cruza el umbral,largo
vr_h_24 bajo,19288,50.07776856076317,-1.1722314392368247,0.9994512089593421,1.0,48.69256543856262,1.3852031222005508,-1.8917608826260235,-1.4481023876550836,49,49,0.40816326530612246,False,no cruza el umbral,largo
ac1_5m alto,22998,49.878250282633275,-1.3717497173667184,0.9999846653543715,1.0,48.7078075645154,1.1704427181178758,-1.898020309090093,-1.5748748792694656,49,49,0.42857142857142855,False,no cruza el umbral,largo
centro alto,21787,49.837058796530044,-1.4129412034699484,0.9999853733254181,1.0,48.66193503959668,1.1751237569333668,-1.714727205130579,-1.5591261419211904,49,49,0.4897959183673469,False,no cruza el umbral,largo
roll_sp alto | vol,23285,49.81318445351084,-1.43681554648915,0.9999944081282498,1.0,48.6125744239482,1.2006100295626396,-2.0582408874801814,-1.7079517069109045,49,48,0.3958333333333333,False,no cruza el umbral,largo
tam_24 bajo | vol,23264,49.772180192572215,-1.4778198074277782,0.9999968500950018,1.0,49.13112705020145,0.6410531423707653,-2.0661393856029235,-1.7629221150882728,49,49,0.46938775510204084,False,no cruza el umbral,largo
centro bajo,22087,49.744193416942096,-1.5058065830578968,0.9999963354146366,1.0,48.83846005147991,0.9057333654621829,-1.8980926241985259,-1.6741539724527854,49,49,0.42857142857142855,False,no cruza el umbral,largo
centro bajo | vol,22128,49.72433116413594,-1.525668835864053,0.9999972812140115,1.0,48.83394882880308,0.890382335332859,-1.9104685414461144,-1.6892153292977028,49,49,0.42857142857142855,False,no cruza el umbral,largo
tam_24 bajo,23338,49.691490273373894,-1.5585097266260988,0.9999990781323511,1.0,49.20780972815254,0.48368054522135395,-2.1706378215378948,-1.846805336141827,49,49,0.4489795918367347,False,no cruza el umbral,largo
centro alto | vol,21843,49.654351508492425,-1.5956484915075677,0.9999988481837546,1.0,48.69914535542363,0.9552061530687936,-1.8826767091541043,-1.7238246388812115,49,49,0.4897959183673469,False,no cruza el umbral,largo
v_h bajo,21570,49.6105702364395,-1.6394297635604929,0.9999992960696602,1.0,49.50621263848048,0.104357597959023,-2.641755171893081,-1.9979806911054752,49,49,0.4897959183673469,False,no cruza el umbral,largo
vr_h_24 alto | vol,22804,49.52639887738993,-1.723601122610063,0.9999999075291945,1.0,48.80417466795413,0.7222242094358009,-2.4321405837955723,-2.050782987810301,49,49,0.4489795918367347,False,no cruza el umbral,largo
roll_sp bajo,37108,49.47989651827099,-1.7701034817290022,0.9999999999956639,1.0,48.671555058794866,0.8083414594761251,-2.2091303151231543,-1.9305400853052177,49,49,0.42857142857142855,False,no cruza el umbral,largo
tk_frac_24 bajo | vol,21489,49.47647633673042,-1.7735236632695717,0.9999999046136779,1.0,49.14204920942002,0.3344271273103985,-2.41111004047022,-2.057244138705599,49,49,0.42857142857142855,False,no cruza el umbral,largo
tk_frac_24 alto,22004,49.36375204508271,-1.8862479549172804,0.9999999895582008,1.0,48.75037074660981,0.6133812984729019,-2.6807264413331424,-2.2918587497694887,49,49,0.46938775510204084,False,no cruza el umbral,largo
tam bajo | vol,22955,49.30951862339359,-1.9404813766063995,0.9999999980508453,1.0,49.22318484619154,0.08633377720205004,-2.478506891624022,-2.225414216996249,49,49,0.46938775510204084,False,no cruza el umbral,largo
vr_h_24 alto,23027,49.22048030572806,-2.029519694271933,0.9999999996541341,1.0,48.888735758596404,0.331744547131656,-2.610529020151013,-2.29821342240583,49,49,0.4489795918367347,False,no cruza el umbral,largo
tk_frac_24 alto | vol,22295,49.14106301861404,-2.108936981385952,0.9999999998573761,1.0,48.75443681896727,0.3866261996467699,-2.8333952451708697,-2.4936906007002833,49,49,0.46938775510204084,False,no cruza el umbral,largo
tam bajo,23120,49.11764705882353,-2.132352941176464,0.9999999999579849,1.0,49.22640405217542,-0.10875699335188926,-2.7031408075048162,-2.4197846181062204,49,49,0.46938775510204084,False,no cruza el umbral,largo
tk_frac bajo | vol,15714,49.0836197021764,-2.1663802978235935,0.9999999735135081,1.0,48.97836364921463,0.10525605296177076,-2.884841747318852,-2.5121732444900005,49,49,0.42857142857142855,False,no cruza el umbral,largo
v_h bajo | vol,22281,49.05076073784839,-2.1992392621516004,0.9999999999755562,1.0,49.79575265096186,-0.7449919131134664,-3.1292359827479856,-2.5701091228556834,49,49,0.5510204081632653,False,no cruza el umbral,largo
tam alto,18830,48.88475836431227,-2.365241635687724,0.9999999999600009,1.0,48.287009335297995,0.597749029014274,-3.29530087897227,-2.7809729700331687,49,49,0.4489795918367347,False,no cruza el umbral,largo
efic_h alto | vol,22566,48.856687051316136,-2.3933129486838567,0.9999999999996976,1.0,48.7619917249798,0.09469532633633548,-2.8249988701586233,-2.587352087519527,49,49,0.40816326530612246,False,no cruza el umbral,largo
efic_h alto,22652,48.785979162987815,-2.4640208370121783,0.999999999999944,1.0,48.76339481413351,0.02258434885430205,-2.878430049482674,-2.6442628418945873,49,49,0.40816326530612246,False,no cruza el umbral,largo
ac1_5m bajo | vol,19841,48.712262486769816,-2.5377375132301765,0.9999999999995923,1.0,48.70368205686603,0.00858042990378749,-3.211924907456371,-2.8337568663689083,49,48,0.4375,False,no cruza el umbral,largo
tk_frac bajo,31249,48.702358475471215,-2.5476415245287782,1.0,1.0,48.81384049082563,-0.1114820153544187,-3.0016079532469178,-2.7338129496402814,49,49,0.42857142857142855,False,no cruza el umbral,largo
efic_h_24 bajo,19936,48.625601926163725,-2.624398073836268,0.9999999999999416,1.0,48.31633009024337,0.3092718359203559,-3.260116444491274,-2.8831464430842004,49,49,0.42857142857142855,False,no cruza el umbral,largo
camino alto,23448,48.57130672125554,-2.678693278744454,0.9999999999999999,1.0,49.081406389181325,-0.5100996679257861,-2.9732307287555884,-2.79080887093307,49,49,0.4897959183673469,False,no cruza el umbral,largo
vr_h_24 bajo | vol,19928,48.55981533520675,-2.690184664793243,0.9999999999999858,1.0,48.771078913409625,-0.21126357820287467,-3.4057719054241957,-2.9935262560610667,49,49,0.42857142857142855,False,no cruza el umbral,largo
tk_frac alto | vol,21373,48.47237168390025,-2.7776283160997437,0.9999999999999998,1.0,48.64214043053865,-0.1697687466384039,-3.3132935744517056,-3.0922295701464293,49,49,0.4489795918367347,False,no cruza el umbral,largo
vr_h alto | vol,22744,48.44794231445656,-2.8020576855434314,1.0,1.0,48.698409220274044,-0.25046690581748265,-3.2839439655172384,-3.00255904639517,49,49,0.42857142857142855,False,no cruza el umbral,largo
vr_h alto,22883,48.21920202770616,-3.0307979722938327,1.0,1.0,48.68805978843455,-0.46885776072839036,-3.4697978358640853,-3.2128553824487227,49,49,0.40816326530612246,False,no cruza el umbral,largo
vr_h bajo,21423,48.20986789898707,-3.0401321010129223,1.0,1.0,48.643422320250416,-0.4335544212633451,-3.4000023704546436,-3.203418482344098,49,49,0.40816326530612246,False,no cruza el umbral,largo
v_h alto | vol,21615,48.17487855655795,-3.0751214434420433,1.0,1.0,47.59216346940565,0.5827150871523017,-3.7502422715379353,-3.371693616225812,49,49,0.3877551020408163,False,no cruza el umbral,largo
tam_24 alto,18303,48.16696716385292,-3.0830328361470762,1.0,1.0,48.22784833659977,-0.06088117274685345,-4.16140680086432,-3.529601209812917,49,49,0.4489795918367347,False,no cruza el umbral,largo
vr_h bajo | vol,21465,48.10156068017703,-3.1484393198229625,1.0,1.0,48.656565394670956,-0.5550047144939256,-3.4894406123027437,-3.291389643225017,49,49,0.40816326530612246,False,no cruza el umbral,largo
tk_frac alto,38795,48.05773939940714,-3.192260600592853,1.0,1.0,48.62521645867728,-0.5674770592701393,-3.5814014752370866,-3.4127308861351295,49,49,0.3877551020408163,False,no cruza el umbral,largo
efic_h bajo,21450,48.02797202797203,-3.2220279720279663,1.0,1.0,48.6212368208369,-0.593264792864872,-3.5757464628779587,-3.378258016125997,49,49,0.40816326530612246,False,no cruza el umbral,largo
chop_24 alto,19304,47.98487360132615,-3.265126398673843,1.0,1.0,47.939727312581574,0.04514628874457571,-3.9957515982733085,-3.5330567593277635,49,49,0.3877551020408163,False,no cruza el umbral,largo
efic_h bajo | vol,21472,47.95547690014903,-3.294523099850963,1.0,1.0,48.640574881476944,-0.6850979813279139,-3.632076585296751,-3.43083114938225,49,49,0.40816326530612246,False,no cruza el umbral,largo
roll_sp alto,23344,47.742460589444825,-3.507539410555168,1.0,1.0,48.887443211660404,-1.1449826222155792,-4.229262881463363,-3.8225507309622486,49,49,0.46938775510204084,False,no cruza el umbral,largo
efic_h_24 bajo | vol,20405,47.55697133055624,-3.6930286694437555,1.0,1.0,48.48626849464665,-0.9292971640904142,-4.330398398192827,-3.9769987946966623,49,49,0.42857142857142855,False,no cruza el umbral,largo
centro_24 alto,20849,47.431531488320786,-3.8184685116792068,1.0,1.0,48.71855832360502,-1.2870268352842373,-4.237736356085399,-4.0134309986967125,49,49,0.42857142857142855,False,no cruza el umbral,largo
v_h alto,22035,47.37463126843658,-3.8753687315634124,1.0,1.0,47.71173661520811,-0.3371053467715299,-4.382161955691359,-4.049081515499417,49,49,0.3877551020408163,False,no cruza el umbral,largo
chop_24 alto | vol,19903,47.2541827865146,-3.9958172134853953,1.0,1.0,47.9388870900721,-0.6847043035575027,-4.6514860093797665,-4.298056573581782,49,49,0.40816326530612246,False,no cruza el umbral,largo
centro_24 alto | vol,21115,47.1655221406583,-4.084477859341696,1.0,1.0,48.73937635874629,-1.5738542180879946,-4.4628223668353755,-4.239906684441053,49,49,0.42857142857142855,False,no cruza el umbral,largo
tam alto | vol,19942,46.9662019857587,-4.283798014241292,1.0,1.0,48.34890061028305,-1.3826986245243518,-4.8239777709799085,-4.552221771330018,49,49,0.3877551020408163,False,no cruza el umbral,largo
camino bajo | vol,19008,46.590909090909086,-4.6590909090909065,1.0,1.0,48.70683611259704,-2.115927021687952,-5.294805646153016,-4.9927210164107905,49,49,0.40816326530612246,False,no cruza el umbral,largo
tam_24 alto | vol,19469,46.48415429657404,-4.765845703425953,1.0,1.0,48.336577575186844,-1.8524232786128039,-5.499595152274978,-5.097744069460951,49,49,0.42857142857142855,False,no cruza el umbral,largo
cambios alto | vol,23076,46.307852314092564,-4.942147685907429,1.0,1.0,48.407885277517295,-2.100032963424731,-5.460082915798331,-5.152226102138798,49,49,0.40816326530612246,False,no cruza el umbral,largo
chop alto,20170,46.301437778879524,-4.9485622211204685,1.0,1.0,48.229091309039,-1.9276535301594748,-5.425556232855833,-5.184227781700784,49,49,0.40816326530612246,False,no cruza el umbral,largo
tk_sd bajo | vol,22171,46.29470930494791,-4.955290695052085,1.0,1.0,47.93993096072992,-1.6452216557820094,-5.388619377001987,-5.209985248017695,49,49,0.4489795918367347,False,no cruza el umbral,largo
cambios alto,30599,46.20085623713193,-5.049143762868063,1.0,1.0,48.54778429120335,-2.3469280540714195,-5.495597652081102,-5.2177843523997325,49,49,0.3877551020408163,False,no cruza el umbral,largo
amihud bajo,19168,46.15505008347245,-5.09494991652754,1.0,1.0,47.88950906583395,-1.7344589823614953,-6.184885009697972,-5.581339457380892,49,49,0.4489795918367347,False,no cruza el umbral,largo
chop alto | vol,20640,45.85271317829457,-5.397286821705421,1.0,1.0,48.24965021831258,-2.3969370400180097,-5.812624254473157,-5.603068556523439,49,49,0.42857142857142855,False,no cruza el umbral,largo
tk_sd bajo,22615,45.67322573513155,-5.57677426486844,1.0,1.0,48.225494699983166,-2.5522689648516135,-5.936082380693151,-5.764403847018102,49,49,0.42857142857142855,False,no cruza el umbral,largo
cambios_24 alto,23865,45.52692227110832,-5.723077728891674,1.0,1.0,48.51757232722547,-2.990650056117154,-6.25372594573269,-5.941780821917803,49,49,0.46938775510204084,False,no cruza el umbral,largo
cambios_24 alto | vol,23089,45.467538654770664,-5.782461345229329,1.0,1.0,48.40344559125378,-2.9359069364831143,-6.416605972323374,-6.076254826254818,49,49,0.46938775510204084,False,no cruza el umbral,largo
hhi bajo | vol,22142,45.3482070273688,-5.901792972631192,1.0,1.0,47.974262111016735,-2.626055083647934,-6.362603161281292,-6.116320003681373,49,49,0.3877551020408163,False,no cruza el umbral,largo
amihud_24 bajo,19881,45.329711785121475,-5.920288214878518,1.0,1.0,47.811349571427336,-2.4816377863058605,-7.0034392662898455,-6.396150679291878,49,49,0.4489795918367347,False,no cruza el umbral,largo
hhi bajo,22355,45.23820174457616,-6.011798255423834,1.0,1.0,48.105256878890536,-2.867055134314377,-6.450847613782933,-6.223845803957239,49,49,0.3877551020408163,False,no cruza el umbral,largo
hhi_24 bajo | vol,22223,45.182918597849074,-6.067081402150919,1.0,1.0,47.59241076551062,-2.409492167661547,-6.610141817503262,-6.372875092387275,49,49,0.42857142857142855,False,no cruza el umbral,largo
amihud bajo | vol,20638,45.06250605678845,-6.187493943211543,1.0,1.0,47.77322155304303,-2.710715496254579,-6.700733752620536,-6.424461766889372,49,49,0.4489795918367347,False,no cruza el umbral,largo
hhi_24 bajo,22491,44.96465252767774,-6.28534747232225,1.0,1.0,47.88097372849381,-2.916321200816064,-6.779541385484087,-6.5894077448747055,49,49,0.40816326530612246,False,no cruza el umbral,largo
tk_sd_24 bajo,22796,44.779785927355675,-6.470214072644318,1.0,1.0,47.991489241615945,-3.2117033142602693,-7.009652730180477,-6.776576130947021,49,49,0.40816326530612246,False,no cruza el umbral,largo
tk_sd_24 bajo | vol,22315,44.768093210844725,-6.481906789155268,1.0,1.0,47.518224045473275,-2.75013083462855,-7.17689295039164,-6.855732454725583,49,49,0.40816326530612246,False,no cruza el umbral,largo
amihud_24 bajo | vol,20874,44.39015042636773,-6.8598495736322604,1.0,1.0,47.64161189279615,-3.2514614664284167,-7.50743752479174,-7.212266005011536,49,49,0.40816326530612246,False,no cruza el umbral,largo
amihud_24 bajo | vol,20874,55.609849573632275,4.359849573632282,1.1234532598148772e-36,0.3845,52.358388107203844,3.251461466428431,3.8220257882542583,4.159964308414423,49,49,0.5306122448979592,False,muere en la correccion (FDR q=0.05),corto
tk_sd_24 bajo | vol,22315,55.231906789155275,3.981906789155282,6.394101667264312e-33,0.3685,52.481775954526725,2.75013083462855,3.5455566060033092,3.8667708716439932,49,49,0.5510204081632653,False,muere en la correccion (FDR q=0.05),corto
tk_sd_24 bajo,22796,55.220214072644325,3.970214072644332,2.1073729503229404e-33,0.363,52.00851075838406,3.2117033142602622,3.617956109354658,3.8337988826815774,49,49,0.5306122448979592,False,muere en la correccion (FDR q=0.05),corto
hhi_24 bajo,22491,55.03534747232226,3.7853474723222647,3.68064470723496e-30,0.2995,52.11902627150621,2.91632120081605,3.428444569078337,3.6899899602975452,49,49,0.5102040816326531,False,muere en la correccion (FDR q=0.05),corto
amihud bajo | vol,20638,54.93749394321155,3.6874939432115568,1.6367217541222175e-26,0.4155,52.22677844695698,2.710715496254572,3.2719504627953953,3.5057967439565942,49,49,0.4897959183673469,False,muere en la correccion (FDR q=0.05),corto
hhi_24 bajo | vol,22223,54.817081402150926,3.567081402150933,1.0600988956813897e-26,0.3365,52.40758923448938,2.409492167661547,3.196772043420303,3.399629393842943,49,49,0.5102040816326531,False,muere en la correccion (FDR q=0.05),corto
hhi bajo,22355,54.76179825542384,3.511798255423848,4.41216387782343e-26,0.398,51.894743121109464,2.867055134314377,3.2381305637982294,3.3983318304779075,49,49,0.5510204081632653,False,muere en la correccion (FDR q=0.05),corto
amihud_24 bajo,19881,54.670288214878525,3.420288214878532,2.6796339224788246e-22,0.4575,52.18865042857266,2.4816377863058676,3.0389883226017815,3.2477356937011166,49,49,0.5102040816326531,False,muere en la correccion (FDR q=0.05),corto
hhi bajo | vol,22142,54.6517929726312,3.401792972631206,2.2450330780527022e-24,0.368,52.02573788898327,2.626055083647927,3.079156694354502,3.2623394954922205,49,49,0.5510204081632653,False,muere en la correccion (FDR q=0.05),corto
cambios_24 alto | vol,23089,54.532461345229336,3.2824613452293434,1.0108064165797251e-23,0.3565,51.59655440874623,2.935906936483107,2.9006906268767167,3.10422247595627,49,49,0.5306122448979592,False,muere en la correccion (FDR q=0.05),corto
cambios_24 alto,23865,54.47307772889168,3.2230777288916883,1.2008869064903972e-23,0.356,51.48242767277452,2.990650056117161,2.8542620327985517,3.061077132178063,49,49,0.5306122448979592,False,muere en la correccion (FDR q=0.05),corto
tk_sd bajo,22615,54.32677426486845,3.0767742648684546,1.1211749999636798e-20,0.3335,51.77450530001684,2.5522689648516064,2.779878273699744,2.9465998839855487,49,49,0.5306122448979592,False,muere en la correccion (FDR q=0.05),corto
chop alto | vol,20640,54.14728682170543,2.8972868217054355,4.380080147334303e-17,0.466,51.75034978168742,2.3969370400180097,2.6250375488134594,2.801005394801386,49,49,0.5714285714285714,False,muere en la correccion (FDR q=0.05),corto
amihud bajo,19168,53.844949916527554,2.594949916527561,3.4763489842745317e-13,0.484,52.11049093416605,1.7344589823615024,2.1827852178335405,2.423730167181354,49,49,0.5306122448979592,False,muere en la correccion (FDR q=0.05),corto
cambios alto,30599,53.79914376286806,2.54914376286807,2.4328200514912683e-19,0.4305,51.45221570879666,2.3469280540714053,2.309264879446985,2.4618336359135284,49,49,0.5510204081632653,False,muere en la correccion (FDR q=0.05),corto
tk_sd bajo | vol,22171,53.7052906950521,2.4552906950521063,1.36191552957223e-13,0.4185,52.06006903927008,1.6452216557820165,2.0511272141707053,2.3422599759281653,49,49,0.5306122448979592,False,muere en la correccion (FDR q=0.05),corto
chop alto,20170,53.69856222112047,2.4485622211204756,1.825366263877959e-12,0.4385,51.770908690960994,1.9276535301594748,2.1519672799551586,2.3374101262004174,49,49,0.5510204081632653,False,muere en la correccion (FDR q=0.05),corto
cambios alto | vol,23076,53.69214768590743,2.442147685907436,6.064577433159906e-14,0.407,51.59211472248272,2.1000329634247095,2.170092763543032,2.3427355676434516,49,49,0.5510204081632653,False,muere en la correccion (FDR q=0.05),corto
tam_24 alto | vol,19469,53.51584570342596,2.265845703425967,1.3253781425581768e-10,0.5395,51.663422424813156,1.8524232786128039,1.5818438510883297,1.9643971704982945,49,49,0.5306122448979592,False,muere en la correccion (FDR q=0.05),corto
camino bajo | vol,19008,53.40909090909091,2.1590909090909136,1.3566819632329295e-09,0.558,51.29316388740296,2.115927021687945,1.7897651454496994,2.0115579480684005,49,49,0.5306122448979592,False,muere en la correccion (FDR q=0.05),corto
tam alto | vol,19942,53.0337980142413,1.783798014241306,2.4204564031312726e-07,0.559,51.65109938971695,1.3826986245243518,1.3279792055451978,1.6005078344306654,49,49,0.5510204081632653,False,muere en la correccion (FDR q=0.05),corto
centro_24 alto | vol,21115,52.8344778593417,1.5844778593417104,2.1188967600748267e-06,0.448,51.26062364125371,1.5738542180879946,1.203271028037392,1.3990225274989285,49,49,0.5714285714285714,False,muere en la correccion (FDR q=0.05),corto
chop_24 alto | vol,19903,52.7458172134854,1.4958172134854095,1.250181848119917e-05,0.515,52.0611129099279,0.6847043035575027,1.0076825789785318,1.3041437316734488,49,49,0.5714285714285714,False,muere en la correccion (FDR q=0.05),corto
v_h alto,22035,52.62536873156343,1.3753687315634338,2.2733386815819664e-05,0.4035,52.28826338479189,0.33710534677153703,0.8818875423188288,1.173051735428956,49,49,0.5714285714285714,False,muere en la correccion (FDR q=0.05),corto
centro_24 alto,20849,52.56846851167922,1.318468511679228,7.182890985108571e-05,0.444,51.28144167639498,1.2870268352842444,0.9445198716366434,1.1325748357264658,49,49,0.5510204081632653,False,muere en la correccion (FDR q=0.05),corto
efic_h_24 bajo | vol,20405,52.443028669443756,1.1930286694437626,0.00033392036531857707,0.549,51.51373150535334,0.9292971640904142,0.7582601961796627,0.983213429256601,49,49,0.5306122448979592,False,muere en la correccion (FDR q=0.05),corto
roll_sp alto,23344,52.257539410555175,1.0075394105551823,0.0010588728960460824,0.7575,51.11255678833959,1.1449826222155863,0.6827580007191756,0.8747818499127433,49,49,0.46938775510204084,False,muere en la correccion (FDR q=0.05),corto
efic_h bajo | vol,21472,52.04452309985097,0.7945230998509771,0.010106164446707406,0.5905,51.35942511852306,0.6850979813279068,0.5620422334252879,0.7058581826719958,49,49,0.5306122448979592,False,muere en la correccion (FDR q=0.05),corto
chop_24 alto,19304,52.01512639867385,0.765126398673857,0.017020720167148815,0.5025,52.06027268741842,-0.04514628874456861,0.20129224652087885,0.542362514626106,49,49,0.5918367346938775,False,muere en la correccion (FDR q=0.05),corto
efic_h bajo,21450,51.972027972027966,0.7220279720279734,0.017482248390935227,0.5455,51.3787631791631,0.5932647928648649,0.4734812416682601,0.6241475803038128,49,49,0.5510204081632653,False,muere en la correccion (FDR q=0.05),corto
tk_frac alto,38795,51.94226060059286,0.6922606005928671,0.0032366722389689318,0.543,51.37478354132272,0.5674770592701393,0.5002687678632327,0.6197881597348172,49,49,0.5510204081632653,False,muere en la correccion (FDR q=0.05),corto
vr_h bajo | vol,21465,51.89843931982296,0.6484393198229697,0.02912476290041015,0.605,51.343434605329044,0.5550047144939185,0.39187615834244127,0.5519076258046383,49,49,0.5306122448979592,False,muere en la correccion (FDR q=0.05),corto
tam_24 alto,18303,51.833032836147076,0.5830328361470833,0.058131636646284984,0.5775,51.77215166340022,0.06088117274685345,-0.25893438258091095,0.2905375014056091,49,49,0.46938775510204084,False,muere en la correccion (FDR q=0.05),corto
v_h alto | vol,21615,51.82512144344206,0.5751214434420646,0.04601198237598522,0.437,52.40783653059435,-0.5827150871522946,-0.05092896450748441,0.3387404580152733,49,49,0.5510204081632653,False,muere en la correccion (FDR q=0.05),corto
vr_h bajo,21423,51.79013210101293,0.5401321010129365,0.057651389597967104,0.551,51.35657767974959,0.433554421263338,0.27208089181078066,0.42946483252462286,49,49,0.5510204081632653,False,muere en la correccion (FDR q=0.05),corto
vr_h alto,22883,51.78079797229385,0.5307979722938541,0.054823794295648806,0.5065,51.31194021156546,0.46885776072839036,0.2846181299072157,0.4339093110279606,49,49,0.5714285714285714,False,muere en la correccion (FDR q=0.05),corto
vr_h alto | vol,22744,51.55205768554344,0.3020576855434456,0.18280548305689406,0.521,51.301590779725956,0.25046690581748265,0.049546617587651554,0.20514950166113977,49,49,0.5714285714285714,False,muere en la correccion (FDR q=0.05),corto
tk_frac alto | vol,21373,51.52762831609975,0.2776283160997579,0.21036098624277302,0.6305,51.35785956946134,0.16976874663841102,0.043926661573728154,0.19337179185308173,49,49,0.4897959183673469,False,muere en la correccion (FDR q=0.05),corto
vr_h_24 bajo | vol,19928,51.44018466479325,0.19018466479325724,0.2980434295408032,0.6225,51.22892108659038,0.21126357820286756,-0.300256197919353,-0.021857853443407294,49,49,0.5306122448979592,False,muere en la correccion (FDR q=0.05),corto
camino alto,23448,51.428693278744454,0.17869327874446128,0.2942898814182857,0.811,50.918593610818675,0.510099667925779,-0.010511562718981793,0.10820510616350987,49,49,0.46938775510204084,False,muere en la correccion (FDR q=0.05),corto
efic_h_24 bajo,19936,51.37439807383628,0.12439807383628931,0.36530557484147513,0.5225,51.68366990975664,-0.3092718359203559,-0.41883530723882956,-0.12738363748205472,49,49,0.5510204081632653,False,muere en la correccion (FDR q=0.05),corto
tk_frac bajo,31249,51.29764152452878,0.04764152452878534,0.43532634908519136,0.618,51.18615950917437,0.1114820153544116,-0.2485344406448391,-0.05373530832392959,49,49,0.5102040816326531,False,muere en la correccion (FDR q=0.05),corto
ac1_5m bajo | vol,19841,51.287737513230184,0.0377375132301907,0.4604721306952256,0.5675,51.29631794313397,-0.00858042990378749,-0.509456579648365,-0.19935205741132478,49,48,0.5416666666666666,False,muere en la correccion (FDR q=0.05),corto
efic_h alto,22652,51.214020837012185,-0.035979162987807456,0.5457701718287744,1.0,51.2366051858665,-0.02258434885431626,-0.28971573786711957,-0.12940234791888372,49,49,0.5714285714285714,False,no cruza el umbral,corto
efic_h alto | vol,22566,51.143312948683864,-0.1066870513161291,0.6282755097190976,1.0,51.238008275020206,-0.09469532633634259,-0.36654390166749096,-0.20744965843639562,49,49,0.5714285714285714,False,no cruza el umbral,corto
tam alto,18830,51.11524163568774,-0.13475836431225474,0.6470034100009642,1.0,51.712990664702,-0.5977490290142597,-0.722037543996862,-0.3413992990024184,49,49,0.5306122448979592,False,no cruza el umbral,corto
v_h bajo | vol,22281,50.949239262151615,-0.3007607378483783,0.8172308908995727,1.0,50.204247349038155,0.7449919131134592,-0.8487698813127551,-0.5022979832624443,49,49,0.4489795918367347,False,no cruza el umbral,corto
tk_frac bajo | vol,15714,50.91638029782359,-0.33361970217639936,0.8008503671616448,1.0,51.02163635078537,-0.10525605296177787,-0.7009778441946466,-0.48145894709875137,49,49,0.5306122448979592,False,no cruza el umbral,corto
tam bajo,23120,50.882352941176464,-0.367647058823529,0.8696974875127239,1.0,50.77359594782459,0.10875699335187505,-0.8934817704829712,-0.5946144404015499,49,49,0.5306122448979592,False,no cruza el umbral,corto
tk_frac_24 alto | vol,22295,50.85893698138596,-0.3910630186140338,0.8799819884446358,1.0,51.24556318103273,-0.3866261996467699,-0.7024788615256554,-0.5052180015393617,49,49,0.46938775510204084,False,no cruza el umbral,corto
vr_h_24 alto,23027,50.77951969427195,-0.4704803057280458,0.9243440837696473,1.0,51.11126424140361,-0.3317445471316631,-0.752929167406343,-0.5789617486338727,49,49,0.5306122448979592,False,no cruza el umbral,corto
tam bajo | vol,22955,50.6904813766064,-0.5595186233935934,0.9556762206959432,1.0,50.77681515380845,-0.08633377720205004,-1.0806003523512544,-0.7928243296965363,49,49,0.4897959183673469,False,no cruza el umbral,corto
tk_frac_24 alto,22004,50.63624795491729,-0.6137520450827054,0.9662373098673904,1.0,51.2496292533902,-0.613381298472909,-0.9638299868643116,-0.73932646301067,49,49,0.46938775510204084,False,no cruza el umbral,corto
tk_frac_24 bajo | vol,21489,50.52352366326958,-0.7264763367304141,0.9837169182000545,1.0,50.85795079057998,-0.3344271273103985,-1.173809523809517,-0.9161651307127983,49,49,0.5306122448979592,False,no cruza el umbral,corto
roll_sp bajo,37108,50.52010348172901,-0.7298965182709836,0.9975848258655516,1.0,51.32844494120514,-0.8083414594761322,-0.9660487085676763,-0.811901671263989,49,49,0.5306122448979592,False,no cruza el umbral,corto
vr_h_24 alto | vol,22804,50.47360112261007,-0.7763988773899229,0.9906695376220997,1.0,51.19582533204587,-0.7222242094358009,-1.081210334428583,-0.8920996818663767,49,49,0.5102040816326531,False,no cruza el umbral,corto
v_h bajo,21570,50.3894297635605,-0.8605702364394929,0.9943839481355341,1.0,50.49378736151952,-0.104357597959023,-1.6442544322233914,-1.147594665396518,49,49,0.42857142857142855,False,no cruza el umbral,corto
centro alto | vol,21843,50.345648491507575,-0.9043515084924181,0.9963271810509002,1.0,51.30085464457637,-0.9552061530687936,-1.1891955098222553,-1.0096820408540523,49,49,0.46938775510204084,False,no cruza el umbral,corto
tam_24 bajo,23338,50.308509726626106,-0.941490273373887,0.9980369256466955,1.0,50.79219027184746,-0.48368054522135395,-1.580033003300322,-1.239122394813549,49,49,0.5306122448979592,False,no cruza el umbral,corto
centro bajo | vol,22128,50.27566883586406,-0.9743311641359327,0.9981716988491758,1.0,51.16605117119691,-0.8903823353328519,-1.2546176579238946,-1.0725336730979151,49,49,0.5306122448979592,False,no cruza el umbral,corto
centro bajo,22087,50.255806583057904,-0.994193416942089,0.9984754038310153,1.0,51.16153994852009,-0.9057333654621829,-1.2661864681126502,-1.092717118759964,49,49,0.5306122448979592,False,no cruza el umbral,corto
tam_24 bajo | vol,23264,50.227819807427785,-1.0221801925722076,0.9991130947001329,1.0,50.86887294979855,-0.6410531423707653,-1.6205367168201121,-1.3024246395805932,49,49,0.5102040816326531,False,no cruza el umbral,corto
roll_sp alto | vol,23285,50.18681554648916,-1.0631844535108357,0.999427596479971,1.0,51.387425576051804,-1.2006100295626467,-1.5831507849580078,-1.3027518902760633,49,48,0.5625,False,no cruza el umbral,corto
centro alto,21787,50.162941203469956,-1.0870587965300373,0.9993520116464506,1.0,51.338064960403315,-1.1751237569333597,-1.3742556383926399,-1.1967173238196693,49,49,0.4897959183673469,False,no cruza el umbral,corto
ac1_5m alto,22998,50.121749717366725,-1.1282502826332674,0.9996978418906747,1.0,51.292192435484594,-1.1704427181178687,-1.4064910733965093,-1.2259856787320444,49,49,0.5306122448979592,False,no cruza el umbral,corto
vr_h_24 bajo,19288,49.92223143923683,-1.327768560763161,0.999890660270045,1.0,51.307434561437404,-1.385203122200572,-1.929851668726812,-1.6222612210167995,49,49,0.5714285714285714,False,no cruza el umbral,corto
tk_frac_24 bajo,22198,49.86485268943148,-1.385147310568513,0.9999822881300431,1.0,50.96056455406177,-1.0957118646302888,-1.8466917016080657,-1.5615193960616622,49,49,0.5510204081632653,False,no cruza el umbral,corto
roll_sp bajo | vol,27263,49.84044309136926,-1.4095569086307336,0.9999984364987853,1.0,51.534479401870804,-1.694036310501545,-1.7391631547260644,-1.5245733977075844,49,49,0.4897959183673469,False,no cruza el umbral,corto
camino bajo,17756,49.814147330479834,-1.435852669520159,0.9999372938831811,1.0,51.39383338939351,-1.5796860589136728,-2.0795714369467007,-1.6596029127318133,49,49,0.5102040816326531,False,no cruza el umbral,corto
ac1_5m alto | vol,22852,49.77682478557676,-1.473175214423236,0.9999959395523508,1.0,51.39548095180857,-1.6186561662318155,-1.8068227559372048,-1.601926799225751,49,49,0.5306122448979592,False,no cruza el umbral,corto
ac1_5m bajo,19165,49.75215236107488,-1.4978476389251156,0.9999837849406529,1.0,51.288009141907274,-1.5358567808323969,-2.208661199157696,-1.8210761971151186,49,48,0.5833333333333334,False,no cruza el umbral,corto
chop bajo | vol,22634,49.306353273835825,-1.9436467261641681,0.9999999976400078,1.0,50.74969235145532,-1.4433390776194983,-2.363355676966158,-2.1156743265728224,49,49,0.4897959183673469,False,no cruza el umbral,corto
efic_h_24 alto,22601,48.940312375558605,-2.3096876244413878,0.9999999999982174,1.0,50.78288037165907,-1.8425679961004633,-2.553563373928725,-2.396297948260475,49,49,0.5102040816326531,False,no cruza el umbral,corto
chop bajo,22665,48.93889256562983,-2.3111074343701645,0.9999999999983871,1.0,50.810209370312045,-1.8713168046822162,-2.7472256614848405,-2.4855108275676088,49,49,0.5102040816326531,False,no cruza el umbral,corto
efic_h_24 alto | vol,22492,48.67508447447981,-2.5749155255201828,0.9999999999999947,1.0,50.81391588477383,-2.138831410294017,-2.8757374125394364,-2.6890746884246326,49,49,0.4897959183673469,False,no cruza el umbral,corto
cambios bajo | vol,21305,48.58014550574982,-2.669854494250174,0.999999999999997,1.0,51.09398308309232,-2.5138375773424997,-3.0911939716138974,-2.8136122051914683,49,49,0.5102040816326531,False,no cruza el umbral,corto
hhi alto | vol,21723,48.506191594162864,-2.743808405837129,0.9999999999999998,1.0,50.65138600602257,-2.1451944118597055,-3.1023830010994686,-2.878036601792921,49,49,0.46938775510204084,False,no cruza el umbral,corto
tk_sd alto | vol,22000,48.404545454545456,-2.845454545454537,1.0,1.0,50.73009510722878,-2.3255496526833213,-3.430558872701212,-3.059119438803755,49,49,0.5102040816326531,False,no cruza el umbral,corto
camino alto | vol,23308,48.33104513471769,-2.918954865282302,1.0,1.0,51.28749672752343,-2.9564515928057418,-3.196743748083904,-3.0209996117174995,49,49,0.4897959183673469,False,no cruza el umbral,corto
cambios bajo,23508,48.29419771992513,-2.955802280074863,1.0,1.0,51.13297693264026,-2.8387792127151315,-3.3629844536894993,-3.093258571796852,49,49,0.5306122448979592,False,no cruza el umbral,corto
centro_24 bajo | vol,22481,48.12063520306037,-3.129364796939626,1.0,1.0,51.15569977112724,-3.035064568066872,-3.418015553646512,-3.2290688313430778,49,49,0.46938775510204084,False,no cruza el umbral,corto
chop_24 bajo | vol,22729,47.95635531699591,-3.293644683004082,1.0,1.0,50.435471094217895,-2.4791157772219847,-3.9450517836593733,-3.55581977189739,49,49,0.46938775510204084,False,no cruza el umbral,corto
centro_24 bajo,22479,47.942524133635835,-3.3074758663641575,1.0,1.0,51.19280368047481,-3.250279546838975,-3.6095607586895326,-3.413386091557186,49,49,0.4489795918367347,False,no cruza el umbral,corto
hhi alto,21409,47.80232612452707,-3.4476738754729226,1.0,1.0,50.711793889735546,-2.9094677652084755,-3.854191995331419,-3.585656432473151,49,49,0.46938775510204084,False,no cruza el umbral,corto
hhi_24 alto | vol,21522,47.727906328408146,-3.522093671591847,1.0,1.0,50.52466061123483,-2.796754282826683,-4.152814553299983,-3.824564543068476,49,49,0.4489795918367347,False,no cruza el umbral,corto
tk_sd alto,21662,47.668728649247534,-3.581271350752459,1.0,1.0,50.801736856968205,-3.133008207720671,-4.222137717900424,-3.816379955123402,49,49,0.5306122448979592,False,no cruza el umbral,corto
cambios_24 bajo | vol,20959,47.60723316952144,-3.64276683047855,1.0,1.0,51.10617383672908,-3.498940667207634,-4.140358888285526,-3.7856425222466683,49,49,0.4897959183673469,False,no cruza el umbral,corto
tk_sd_24 alto | vol,22219,47.56739727260453,-3.6826027273954622,1.0,1.0,50.69765779184827,-3.130260519243741,-4.440982317334729,-3.96603799686433,49,49,0.4489795918367347,False,no cruza el umbral,corto
amihud alto,23294,47.14948055293209,-4.100519447067903,1.0,1.0,50.70316934750419,-3.5536887945721034,-4.7750169798505695,-4.3431428073538285,49,49,0.4897959183673469,False,no cruza el umbral,corto
amihud alto | vol,23194,47.05096145554885,-4.199038544451142,1.0,1.0,50.64077127533421,-3.5898098197853585,-4.8220786312340636,-4.444846174073092,49,49,0.42857142857142855,False,no cruza el umbral,corto
chop_24 bajo,22642,46.6169066336896,-4.633093366310391,1.0,1.0,50.417088693221544,-3.8001820595319415,-5.368350819068645,-4.955211726384363,49,49,0.4897959183673469,False,no cruza el umbral,corto
amihud_24 alto | vol,23366,46.567662415475475,-4.682337584524518,1.0,1.0,50.780881491272275,-4.2132190757968,-5.373641610677723,-4.97925152192002,49,49,0.46938775510204084,False,no cruza el umbral,corto
amihud_24 alto,23400,46.26923076923077,-4.980769230769226,1.0,1.0,50.87587985343034,-4.606649084199574,-5.755176545051761,-5.283951697584875,49,49,0.4897959183673469,False,no cruza el umbral,corto
cambios_24 bajo,19873,46.137976148543245,-5.1120238514567475,1.0,1.0,51.10244627158905,-4.964470123045807,-5.670248427836384,-5.2751350123656096,49,49,0.5102040816326531,False,no cruza el umbral,corto
tk_sd_24 alto,21593,46.079748066503036,-5.1702519334969566,1.0,1.0,50.72019551195809,-4.640447445455052,-5.99808564600302,-5.507641921397372,49,49,0.4897959183673469,False,no cruza el umbral,corto
hhi_24 alto,20886,45.89677295796227,-5.353227042037723,1.0,1.0,50.600359229819844,-4.703586271857574,-6.055440685566232,-5.726621269482266,49,49,0.4897959183673469,False,no cruza el umbral,corto
