panel,costo,ranking,objetivo,semanas,spread,sd_sem,sem_ok,p,spread_crudo,atr_ratio,atr_propio,sin_top3,sin_top1,fdr_ok,veredicto
S,0.2,dd_720 ~ sin roc_24 [bajo],corto,49,-0.03358333814630619,0.4342320139178134,0.4489795918367347,1.0,-6.810371378552635e-05,1.2828867307230085,0.9284872263154007,-0.06753370323378517,-0.040143340265313555,False,spread <= 0
S,0.2,roc_168 ~ sin roc_24 [bajo],corto,49,-0.04036103563423849,0.4147471652427898,0.4489795918367347,1.0,-4.7677807688721255e-05,1.1922578344185972,0.9593965558289408,-0.07470712061472962,-0.05139218914374969,False,spread <= 0
S,0.2,dd_168 [bajo],corto,49,-0.046796651641300174,0.5179441907678418,0.4489795918367347,1.0,-0.0005531370396100995,1.4552409963280486,1.064347028185922,-0.08374520417135145,-0.055989417696907046,False,spread <= 0
S,0.2,roc_720 ~ sin roc_24 [bajo],corto,49,-0.05363264316315577,0.40779356661347094,0.5102040816326531,1.0,-0.0006004502234582684,1.166051561039876,0.9745296355114776,-0.09082190815253745,-0.06554825322028242,False,spread <= 0
S,0.2,dd_720 [bajo],corto,49,-0.06944651987024779,0.3601913981593409,0.4489795918367347,1.0,-0.0005295533771971031,1.2758744576401373,0.9234320720879212,-0.09690907587229958,-0.0886427014370865,False,spread <= 0
S,0.2,atr_24,corto,49,-0.08007002413681549,0.5296655297164459,0.40816326530612246,1.0,-0.0004492211163642949,2.1431258800514517,1.6025085129457153,-0.12265909917160821,-0.09350446594666531,False,spread <= 0
S,0.2,roc_168 [bajo],corto,49,-0.09049941609510097,0.29384141488014925,0.42857142857142855,1.0,-0.0009038634299610931,1.1597033366359748,0.9358903684440683,-0.11251834827722755,-0.0950058823972404,False,spread <= 0
S,0.2,vol_168,corto,49,-0.09055862869333317,0.6263641414587502,0.46938775510204084,1.0,-0.0009084971843326665,1.870641195939027,1.2629584984089588,-0.1340647413765437,-0.10823753692368482,False,spread <= 0
S,0.2,compresion ~ sin roc_24,corto,49,-0.0957041691161404,0.4865955108509353,0.3673469387755102,1.0,-0.0016522114292149782,1.434514085401638,1.3648818681820736,-0.12558764198196248,-0.11367689879219187,False,spread <= 0
S,0.2,atr_24 ~ sin roc_24,corto,49,-0.09860107405191178,0.5802680749919037,0.4489795918367347,1.0,-0.0008729399584460233,2.056263740084684,1.5140354249949524,-0.12969600879016868,-0.11105253193680503,False,spread <= 0
S,0.2,vol_24,corto,49,-0.10211279882997501,0.5271948126124778,0.4489795918367347,1.0,-0.0007281329743502004,2.1170511874748845,1.5696964616627715,-0.14420773795429695,-0.12083571352073623,False,spread <= 0
S,0.2,rango_168 ~ sin roc_24,corto,49,-0.10849250782618343,0.6193392109477003,0.4489795918367347,1.0,-0.0012040894151460887,1.7170195894402431,1.2391380217182593,-0.144383791315118,-0.11756630327658531,False,spread <= 0
S,0.2,roc_72,corto,49,-0.11788574918224336,0.5468819252556716,0.42857142857142855,1.0,-0.0007234027522133513,1.6152623567876083,1.3474642718406753,-0.15623999254321563,-0.13235574128708566,False,spread <= 0
S,0.2,dd_168 ~ sin roc_24 [bajo],corto,49,-0.12003227621234944,0.5310853516522872,0.46938775510204084,1.0,-0.001401334800903641,1.4856931900432817,1.0814507696560065,-0.1685891940575613,-0.13293432714578393,False,spread <= 0
S,0.2,turnover,corto,49,-0.12459269929781924,0.5800139835417215,0.4489795918367347,1.0,-0.0009487818692931525,1.3086292625146685,1.237639259529282,-0.15461743348123874,-0.13657994888479918,False,spread <= 0
S,0.2,roc_720 [bajo],corto,49,-0.12482708947786801,0.33311978570073947,0.4489795918367347,1.0,-0.0014836708142857936,1.1417787250991212,0.9527856362566118,-0.15124773195490743,-0.1350914513875854,False,spread <= 0
S,0.2,rango_168,corto,49,-0.12703059907134012,0.5364121783374965,0.4897959183673469,1.0,-0.0013578103279433865,1.7655421494977737,1.2415734072006104,-0.16554451719451058,-0.14442762671705042,False,spread <= 0
S,0.2,CONTROL azar 2,corto,49,-0.12808094905185127,0.25075203404114266,0.30612244897959184,1.0,-0.001400608361336289,1.0056198723800278,0.976551330250115,-0.13838699900080006,-0.13475651811510464,False,control
S,0.2,n_surge,corto,49,-0.1299348473681475,0.6147247843118722,0.46938775510204084,1.0,-0.0012445826541462182,1.3442144184249072,1.2542492637704976,-0.1607626953753474,-0.1425477935030168,False,spread <= 0
S,0.2,roc_72 ~ sin roc_24 [bajo],corto,49,-0.13463534835346885,0.43467961988033943,0.3877551020408163,1.0,-0.0014804642699488251,1.2185278953402792,0.9929270950312847,-0.1533395629054849,-0.14228518441125018,False,spread <= 0
S,0.2,CONTROL azar 3,corto,49,-0.1414229617527706,0.28735520536163806,0.3673469387755102,1.0,-0.0018048181710510255,1.0021217913107303,0.969272726162594,-0.1579439028712252,-0.14107863494166012,False,control
S,0.2,turnover ~ sin roc_24,corto,49,-0.14954643922597227,0.4749806765170949,0.30612244897959184,1.0,-0.00128693026230859,1.3112389472452664,1.174743742046648,-0.1840494648903898,-0.16404735242567425,False,spread <= 0
S,0.2,compresion,corto,49,-0.15030321589336224,0.4523819854407685,0.3673469387755102,1.0,-0.0022356548031380974,1.5261930649642084,1.421630017553619,-0.19084740913591816,-0.1707353407338002,False,spread <= 0
S,0.2,desbal_24 ~ sin roc_24 [bajo],corto,49,-0.154320950900975,0.2604183377220377,0.2653061224489796,1.0,-0.0020090483889200366,0.8949668147583965,0.9310548269517727,-0.16682388900773723,-0.1607503327943561,False,spread <= 0
S,0.2,desbal_168 ~ sin roc_24 [bajo],corto,49,-0.1632923645266705,0.3844278967933782,0.32653061224489793,1.0,-0.0022422508185484416,0.907686319460979,0.9420390456058523,-0.18614711188225666,-0.18023219899003945,False,spread <= 0
S,0.2,desbal_24 [bajo],corto,49,-0.16688761133072877,0.2397790692996897,0.20408163265306123,1.0,-0.0022288979369745024,0.8928301865290992,0.9286948052798287,-0.17664488474191356,-0.1720049751050047,False,spread <= 0
S,0.2,desbal_168 [bajo],corto,49,-0.16737591105700333,0.36848610355268435,0.32653061224489793,1.0,-0.0023051763660938617,0.9088586669183679,0.9403536532385897,-0.19641564320768248,-0.17527817622327138,False,spread <= 0
S,0.2,vol_24 ~ sin roc_24,corto,49,-0.1675112800189594,0.5259919988431053,0.32653061224489793,1.0,-0.001589502594212111,1.9941560183302458,1.4804774120533373,-0.1955501395075382,-0.18100708804226953,False,spread <= 0
S,0.2,roc_720 ~ sin roc_24,corto,49,-0.16811981438946152,0.507796222229374,0.3877551020408163,1.0,-0.0012963580700349213,1.4033989839075816,1.048680047689507,-0.2127054497645039,-0.19223761807680045,False,spread <= 0
S,0.2,n_surge ~ sin roc_24,corto,49,-0.17173891774767222,0.4905301235646855,0.40816326530612246,1.0,-0.0018567269173047577,1.3342433139609124,1.189352570836563,-0.19941266199773947,-0.18239759069528105,False,spread <= 0
S,0.2,roc_24,corto,49,-0.17343507616453227,0.5467268681636567,0.42857142857142855,1.0,-0.0012649250244435642,1.472921458807931,1.2583333422129952,-0.21087708351044027,-0.18623491043206183,False,spread <= 0
S,0.2,vol_168 ~ sin roc_24,corto,49,-0.1753872549340828,0.6055308612963888,0.40816326530612246,1.0,-0.0017917078709026035,1.8222927682746684,1.2469777349909288,-0.21516497164372358,-0.18957769597369364,False,spread <= 0
S,0.2,desbal ~ sin roc_24,corto,49,-0.17784673084984204,0.3526049665402306,0.3469387755102041,1.0,-0.0022608688022873386,0.9183540828367465,0.9328965296219869,-0.18594213237123136,-0.18157234764824062,False,spread <= 0
S,0.2,pos_168 [bajo],corto,49,-0.17852114819026577,0.30983693839877036,0.2857142857142857,1.0,-0.0024830514768348867,1.0498487364722373,0.9294881331461031,-0.20802149836239023,-0.1869760109722227,False,spread <= 0
S,0.2,roc_72 ~ sin roc_24,corto,49,-0.1860276184666626,0.5275343025024254,0.3673469387755102,1.0,-0.0016301622980268622,1.463451762599735,1.2387587165567897,-0.22989830412943624,-0.20513628588002447,False,spread <= 0
S,0.2,pos_168 ~ sin roc_24 [bajo],corto,49,-0.18736065540604072,0.3901630407632477,0.2857142857142857,1.0,-0.0022333832514974277,1.0201711764924295,0.9371281229253009,-0.20787975207391698,-0.19643483027349512,False,spread <= 0
S,0.2,desbal_168 ~ sin roc_24,corto,49,-0.18824797501756074,0.3152019838119817,0.24489795918367346,1.0,-0.0026300148619474123,0.9067099876926311,0.9822114705698197,-0.21262319604694277,-0.19929388204127715,False,spread <= 0
S,0.2,ticket_rel ~ sin roc_24,corto,49,-0.18914792863293875,0.27587012768763186,0.22448979591836735,1.0,-0.0018848309083975827,0.9903468999027799,0.9884698254505324,-0.21769468898844127,-0.19704271626099912,False,spread <= 0
S,0.2,n_surge ~ sin roc_24 [bajo],corto,49,-0.18938168673086414,0.36382799293622353,0.2857142857142857,1.0,-0.002208499938871775,1.178146015343213,1.0188079041275255,-0.2214573724911424,-0.19965019213537719,False,spread <= 0
S,0.2,CONTROL azar 1,corto,49,-0.19441476155182053,0.33636687225478235,0.24489795918367346,1.0,-0.0023500432880214114,1.012852492522952,0.9724589718320977,-0.21570136942629242,-0.20537747824960256,False,control
S,0.2,pos_168 ~ sin roc_24,corto,49,-0.19569573324762504,0.3874408308755558,0.3673469387755102,1.0,-0.0025600176452648523,1.034107457478964,1.0439589692654425,-0.218269120485741,-0.20195585559125162,False,spread <= 0
S,0.2,ticket_rel,corto,49,-0.1983533950277837,0.29234376861544853,0.1836734693877551,1.0,-0.0018678515568210192,0.9890673117387759,0.9898078702895867,-0.24173431544056156,-0.21225547838283168,False,spread <= 0
S,0.2,roc_72 [bajo],corto,49,-0.2011403097570225,0.38305171782656866,0.3673469387755102,1.0,-0.002436460874210695,1.1843600577247122,0.9671682409298441,-0.2164196247042611,-0.2074634229250024,False,spread <= 0
S,0.2,desbal,corto,49,-0.2015468907149308,0.36157150862478465,0.30612244897959184,1.0,-0.002622507086993509,0.9198720185466138,0.9345701174133727,-0.19321440793043448,-0.20323492408355479,False,spread <= 0
S,0.2,roc_24 [bajo],corto,49,-0.20201590269346867,0.37576777782525056,0.30612244897959184,1.0,-0.0027402688129620828,1.2873244566208846,1.0467529599834928,-0.22451285295824427,-0.2112881848430601,False,spread <= 0
S,0.2,desbal_168,corto,49,-0.21207533362157288,0.3289717116867657,0.22448979591836735,1.0,-0.0030376604813402565,0.911815103454381,0.9868949263323112,-0.23540235128715445,-0.21707669721870024,False,spread <= 0
S,0.2,compresion [bajo],corto,49,-0.2223736732709071,0.4157678304039467,0.32653061224489793,1.0,-0.0023038511856286214,0.9620189091955895,0.8595795959699797,-0.24184801759367594,-0.23194168785644523,False,spread <= 0
S,0.2,roc_720,corto,49,-0.2235507915701194,0.5129967911915498,0.3469387755102041,1.0,-0.0020062653180317113,1.4245139449765345,1.0716489880518114,-0.26196601167927575,-0.24288212145439506,False,spread <= 0
S,0.2,n_surge [bajo],corto,49,-0.22495706674670252,0.3072063990260783,0.22448979591836735,1.0,-0.0029620594838130274,0.9873680658980787,0.8961350901877567,-0.25100568207102775,-0.23435655953436907,False,spread <= 0
S,0.2,desbal_24,corto,49,-0.22984019765559913,0.2920111565186257,0.22448979591836735,1.0,-0.003223285392156928,0.9162285218053726,0.9678989847335187,-0.24776464982221702,-0.23595747136879253,False,spread <= 0
S,0.2,turnover [bajo],corto,49,-0.23018553670264758,0.2843946199979156,0.1836734693877551,1.0,-0.0031823414362736,0.9498136207227619,0.9012447755328208,-0.2519972818314539,-0.23779099921688315,False,spread <= 0
S,0.2,turnover ~ sin roc_24 [bajo],corto,49,-0.23107574219080093,0.3943736092579383,0.24489795918367346,1.0,-0.0027679957909238113,1.1685982125960295,1.0287165018872955,-0.2762622687926409,-0.24833645287988015,False,spread <= 0
S,0.2,desbal_24 ~ sin roc_24,corto,49,-0.23268771806706764,0.2956685670546383,0.24489795918367346,1.0,-0.0031234506216850453,0.9050745816359025,0.9612696120129661,-0.21853029681456415,-0.21643080333810202,False,spread <= 0
S,0.2,compresion ~ sin roc_24 [bajo],corto,49,-0.2365276328047347,0.40360695109450445,0.2857142857142857,1.0,-0.0023948250188541922,0.961326425720911,0.868228617652849,-0.2576955409417456,-0.247396572548505,False,spread <= 0
S,0.2,desbal ~ sin roc_24 [bajo],corto,49,-0.24133185204612792,0.2977227677397683,0.1836734693877551,1.0,-0.0032593190332409166,0.9181805302098284,0.9424187747989949,-0.26145124003874615,-0.24706262262038547,False,spread <= 0
S,0.2,pos_168,corto,49,-0.24268957223051701,0.49069985357126944,0.30612244897959184,1.0,-0.0030623182477568698,1.1101811923930438,1.093367501519218,-0.2714478792462362,-0.2507701551842658,False,spread <= 0
S,0.2,desbal [bajo],corto,49,-0.2489933213242352,0.3096481718408335,0.1836734693877551,1.0,-0.0033309422457120544,0.9173453635498624,0.9425083191365851,-0.25961760310342147,-0.2536756152985574,False,spread <= 0
S,0.2,ticket_rel [bajo],corto,49,-0.26228182216877644,0.3290385262486336,0.20408163265306123,1.0,-0.0035491396952561836,0.9237429980151168,0.939055512307218,-0.2887813417919956,-0.27574254918000646,False,spread <= 0
S,0.2,roc_168,corto,49,-0.2714726306670644,0.4531289843809006,0.3673469387755102,1.0,-0.0033134421024494155,1.5827934703993802,1.30726548707436,-0.2992631704808166,-0.2795973126708174,False,spread <= 0
S,0.2,ticket_rel ~ sin roc_24 [bajo],corto,49,-0.27582180364271025,0.34510505524305335,0.2857142857142857,1.0,-0.00357610541747259,0.9278294348440446,0.9458758522747376,-0.2899491086415901,-0.28638504663283115,False,spread <= 0
S,0.2,roc_168 ~ sin roc_24,corto,49,-0.3127978491657186,0.4787452434934786,0.30612244897959184,1.0,-0.003835042582826174,1.4987797939547227,1.2384669004131246,-0.37912469269795623,-0.3411356924817748,False,spread <= 0
S,0.2,dd_168 ~ sin roc_24,corto,49,-0.5153121177636638,0.46007431230078843,0.14285714285714285,1.0,-0.003732572360065145,0.42740227848922774,0.9663282801055959,-0.5013489974022741,-0.5001752979037142,False,spread <= 0
S,0.2,dd_168,corto,49,-0.5181542056653833,0.44177469431597577,0.08163265306122448,1.0,-0.003843219691139788,0.43639433299272307,0.9991504495510881,-0.5485935791831439,-0.5298753760670222,False,spread <= 0
S,0.2,dd_720 ~ sin roc_24,corto,49,-0.5365464479919899,0.5477057904154501,0.16326530612244897,1.0,-0.0039271562832481925,0.44768420592781816,1.0013515765929069,-0.5551694656067743,-0.5450242764227269,False,spread <= 0
S,0.2,rango_168 ~ sin roc_24 [bajo],corto,49,-0.5519847903623435,0.3980349291417083,0.08163265306122448,1.0,-0.003694524421802701,0.38879418565117363,0.9418718143730646,-0.5698676421550833,-0.5595123763638837,False,spread <= 0
S,0.2,atr_24 ~ sin roc_24 [bajo],corto,49,-0.5697904856621381,0.48837544487500406,0.12244897959183673,1.0,-0.0035161769059807923,0.3283803359961999,0.9230769230777804,-0.5850410558867485,-0.5729554463085266,False,spread <= 0
S,0.2,dd_720,corto,49,-0.572353757619273,0.5618331463514897,0.12244897959183673,1.0,-0.0045359253531307405,0.4356369054033654,1.0249282435210754,-0.6014475567673964,-0.5831256653279341,False,spread <= 0
S,0.2,vol_24 ~ sin roc_24 [bajo],corto,49,-0.5740404028586773,0.4422935724429783,0.10204081632653061,1.0,-0.003909955301144954,0.3468910633623152,0.9231692861869688,-0.5897068906552507,-0.5808376650617585,False,spread <= 0
S,0.2,vol_24 [bajo],corto,49,-0.5860760301893937,0.4353983106075737,0.08163265306122448,1.0,-0.0037096024709138945,0.3206144812204306,0.9017266412046263,-0.5989275806431235,-0.5971363686630978,False,spread <= 0
S,0.2,vol_168 [bajo],corto,49,-0.587953921430171,0.4019502037018384,0.08163265306122448,1.0,-0.0037207691786384995,0.3231642380616835,0.9406819493720684,-0.5673708106891162,-0.5920365122536072,False,spread <= 0
S,0.2,atr_24 [bajo],corto,49,-0.5905480913906974,0.43527954607055447,0.08163265306122448,1.0,-0.0037356001923822255,0.31981627989543154,0.9072023334591331,-0.6060533226010637,-0.5965225697047423,False,spread <= 0
S,0.2,rango_168 [bajo],corto,49,-0.591042346781675,0.4338492451128658,0.061224489795918366,1.0,-0.0038530013505303083,0.3368805507626951,0.9302088401629212,-0.5879812621920573,-0.5973094664318489,False,spread <= 0
S,0.2,vol_168 ~ sin roc_24 [bajo],corto,49,-0.6128808132159509,0.4591878597154856,0.08163265306122448,1.0,-0.003988585229620519,0.33930550122951975,0.9539631269896608,-0.6305047257951742,-0.6210075195117584,False,spread <= 0
S,0.2,roc_168 ~ sin roc_24,largo,49,0.021256948214088862,0.46785627823128384,0.46938775510204084,0.3865,-0.00016495741717382782,1.4987797939547227,1.2384669004131246,-0.018194550120227963,0.01267228192549599,False,ARTEFACTO DE ESCALA (atr_ratio 1.50)
S,0.2,roc_168,largo,49,-0.027863366306753543,0.44231400227855405,0.46938775510204084,1.0,-0.0006865578975505858,1.5827934703993802,1.30726548707436,-0.06180981312188952,-0.04674368299762575,False,spread <= 0
S,0.2,ticket_rel ~ sin roc_24 [bajo],largo,49,-0.048975335823093775,0.3530093910221583,0.3673469387755102,1.0,-0.00042389458252741136,0.9278294348440446,0.9458758522747376,-0.09076778539690954,-0.06570572106110266,False,spread <= 0
S,0.2,roc_720,largo,49,-0.04982001903309766,0.5050337816134176,0.46938775510204084,1.0,-0.0019937346819682896,1.4245139449765345,1.0716489880518114,-0.09518742739970913,-0.07213887896711069,False,spread <= 0
S,0.2,ticket_rel [bajo],largo,49,-0.061476434515861406,0.34074159905197704,0.3877551020408163,1.0,-0.0004508603047438181,0.9237429980151168,0.939055512307218,-0.09285512688889966,-0.07331596009722953,False,spread <= 0
S,0.2,vol_168 ~ sin roc_24,largo,49,-0.06553601039021759,0.6038489002126722,0.40816326530612246,1.0,-0.002208292129097398,1.8222927682746684,1.2469777349909288,-0.13267925063998692,-0.09870039169669109,False,spread <= 0
S,0.2,compresion ~ sin roc_24 [bajo],largo,49,-0.06940797104448598,0.3976425559844122,0.4489795918367347,1.0,-0.0016051749811458083,0.961326425720911,0.868228617652849,-0.1251346084456632,-0.09005758817958825,False,spread <= 0
S,0.2,turnover ~ sin roc_24 [bajo],largo,49,-0.06986810614869637,0.38006478536955884,0.4897959183673469,1.0,-0.0012320042090761898,1.1685982125960295,1.0287165018872955,-0.1070339694064606,-0.08722024940437498,False,spread <= 0
S,0.2,n_surge [bajo],largo,49,-0.07080757204250655,0.30351254313401455,0.4489795918367347,1.0,-0.0010379405161869742,0.9873680658980787,0.8961350901877567,-0.11914245154584559,-0.09572770494514449,False,spread <= 0
S,0.2,roc_72 [bajo],largo,49,-0.07357023627619319,0.3807939436313448,0.40816326530612246,1.0,-0.001563539125789307,1.1843600577247122,0.9671682409298441,-0.11514562175327209,-0.09537826868300552,False,spread <= 0
S,0.2,turnover [bajo],largo,49,-0.07541296792377924,0.2896034721622927,0.30612244897959184,1.0,-0.000817658563726401,0.9498136207227619,0.9012447755328208,-0.10431904884516276,-0.09236139692036394,False,spread <= 0
S,0.2,roc_24 [bajo],largo,49,-0.07573066766748081,0.3740545373479442,0.40816326530612246,1.0,-0.0012597311870379186,1.2873244566208846,1.0467529599834928,-0.1087432387419011,-0.0897893244732268,False,spread <= 0
S,0.2,compresion [bajo],largo,49,-0.07850068781355501,0.4176647611695462,0.42857142857142855,1.0,-0.0016961488143713798,0.9620189091955895,0.8595795959699797,-0.10921250288043122,-0.09205263922695982,False,spread <= 0
S,0.2,vol_24 ~ sin roc_24,largo,49,-0.08100525704965882,0.5230520661456634,0.3877551020408163,1.0,-0.0024104974057878904,1.9941560183302458,1.4804774120533373,-0.1536392408939659,-0.10774042612696817,False,spread <= 0
S,0.2,desbal [bajo],largo,49,-0.08226603294109876,0.31542574309588267,0.3673469387755102,1.0,-0.0006690577542879466,0.9173453635498624,0.9425083191365851,-0.11438335338029167,-0.10005692002385379,False,spread <= 0
S,0.2,pos_168,largo,49,-0.08741261421256485,0.48263465135171435,0.3469387755102041,1.0,-0.0009376817522431313,1.1101811923930438,1.093367501519218,-0.14693594184216013,-0.11863274286057318,False,spread <= 0
S,0.2,desbal ~ sin roc_24 [bajo],largo,49,-0.08949631806433468,0.3059268225188239,0.3877551020408163,1.0,-0.0007406809667590844,0.9181805302098284,0.9424187747989949,-0.11474652723642191,-0.10101618548132402,False,spread <= 0
S,0.2,roc_720 ~ sin roc_24,largo,49,-0.09672587549664464,0.5066584967891304,0.4897959183673469,1.0,-0.00270364192996508,1.4033989839075816,1.048680047689507,-0.13842906761238777,-0.11808314999591561,False,spread <= 0
S,0.2,desbal_24 ~ sin roc_24,largo,49,-0.1045309829418308,0.3003743897417391,0.3673469387755102,1.0,-0.0008765493783149557,0.9050745816359025,0.9612696120129661,-0.1261312320207584,-0.10851903924222146,False,spread <= 0
S,0.2,n_surge ~ sin roc_24 [bajo],largo,49,-0.10539990256859204,0.34929709785743485,0.30612244897959184,1.0,-0.001791500061128226,1.178146015343213,1.0188079041275255,-0.14423539556641932,-0.11881509080127123,False,spread <= 0
S,0.2,desbal_24,largo,49,-0.10728875876899223,0.29363581422202145,0.40816326530612246,1.0,-0.0007767146078430727,0.9162285218053726,0.9678989847335187,-0.14100662397885858,-0.11918671446235862,False,spread <= 0
S,0.2,pos_168 [bajo],largo,49,-0.10976258424894719,0.30983297827589495,0.3673469387755102,1.0,-0.0015169485231651143,1.0498487364722373,0.9294881331461031,-0.1533569728914899,-0.12713853202024272,False,spread <= 0
S,0.2,pos_168 ~ sin roc_24 [bajo],largo,49,-0.11026786144775472,0.39574452810643423,0.3673469387755102,1.0,-0.001766616748502574,1.0201711764924295,0.9371281229253009,-0.15887864014758107,-0.12518523616168487,False,spread <= 0
S,0.2,CONTROL azar 1,largo,49,-0.1142159526300063,0.3365334501374923,0.3469387755102041,1.0,-0.0016499567119785897,1.012852492522952,0.9724589718320977,-0.1373226888026374,-0.11951617084271537,False,control
S,0.2,roc_72 ~ sin roc_24,largo,49,-0.11549237195244655,0.5266246932812868,0.3877551020408163,1.0,-0.002369837701973139,1.463451762599735,1.2387587165567897,-0.1592035717793096,-0.1331564645310261,False,spread <= 0
S,0.2,desbal,largo,49,-0.1231958530540508,0.35898589155997696,0.3469387755102041,1.0,-0.001377492913006492,0.9198720185466138,0.9345701174133727,-0.16788992373833855,-0.13482018074101448,False,spread <= 0
S,0.2,rango_168,largo,49,-0.12390197362673257,0.5394290974015993,0.2653061224489796,1.0,-0.002642189672056615,1.7655421494977737,1.2415734072006104,-0.1829373662775298,-0.14394652414373346,False,spread <= 0
S,0.2,ticket_rel,largo,49,-0.12400613332935677,0.2903276220417484,0.30612244897959184,1.0,-0.002132148443178982,0.9890673117387759,0.9898078702895867,-0.16581208192545327,-0.14340706473235018,False,spread <= 0
S,0.2,desbal_168,largo,49,-0.1278616422190969,0.3284205069212808,0.2653061224489796,1.0,-0.0009623395186597447,0.911815103454381,0.9868949263323112,-0.17747762410037,-0.14888555152989055,False,spread <= 0
S,0.2,n_surge ~ sin roc_24,largo,49,-0.1296954227536549,0.48762214134563536,0.3469387755102041,1.0,-0.0021432730826952437,1.3342433139609124,1.189352570836563,-0.1754033503030744,-0.14415529370203992,False,spread <= 0
S,0.2,roc_24,largo,49,-0.12997828984451787,0.5296117610257104,0.3673469387755102,1.0,-0.0027350749755564374,1.472921458807931,1.2583333422129952,-0.1930080231681073,-0.1491352495648571,False,spread <= 0
S,0.2,ticket_rel ~ sin roc_24,largo,49,-0.13171805862512131,0.27315012933288635,0.30612244897959184,1.0,-0.002115169091602418,0.9903468999027799,0.9884698254505324,-0.15866403818663644,-0.14227937402888105,False,spread <= 0
S,0.2,dd_168 ~ sin roc_24 [bajo],largo,49,-0.1362040964453469,0.5275417657760957,0.30612244897959184,1.0,-0.002598665199096361,1.4856931900432817,1.0814507696560065,-0.1827084664856795,-0.1442653419852193,False,spread <= 0
S,0.2,roc_72 ~ sin roc_24 [bajo],largo,49,-0.1415744214322093,0.42952642974257094,0.3469387755102041,1.0,-0.002519535730051176,1.2185278953402792,0.9929270950312847,-0.16414627510311866,-0.15788973294668054,False,spread <= 0
S,0.2,pos_168 ~ sin roc_24,largo,49,-0.14172633119629355,0.39513236703150517,0.3877551020408163,1.0,-0.0014399823547351482,1.034107457478964,1.0439589692654425,-0.19611281268639946,-0.16930241232541726,False,spread <= 0
S,0.2,atr_24 ~ sin roc_24,largo,49,-0.14358909662407676,0.5776105935002701,0.30612244897959184,1.0,-0.0031270600415539787,2.056263740084684,1.5140354249949524,-0.20935382250899634,-0.1621932295834509,False,spread <= 0
S,0.2,rango_168 ~ sin roc_24,largo,49,-0.14463149425800403,0.6191883244586168,0.2857142857142857,1.0,-0.0027959105848539127,1.7170195894402431,1.2391380217182593,-0.20340821567135461,-0.17342594288882862,False,spread <= 0
S,0.2,roc_720 [bajo],largo,49,-0.1458814272901438,0.3306458119953199,0.2857142857142857,1.0,-0.002516329185714208,1.1417787250991212,0.9527856362566118,-0.17669925412896523,-0.14896170834787242,False,spread <= 0
S,0.2,desbal ~ sin roc_24,largo,49,-0.14673936390931108,0.35091046395579933,0.32653061224489793,1.0,-0.001739131197712662,0.9183540828367465,0.9328965296219869,-0.17853868194422068,-0.15953852999152307,False,spread <= 0
S,0.2,vol_24,largo,49,-0.1470693680820802,0.5308549117868365,0.3469387755102041,1.0,-0.0032718670256498008,2.1170511874748845,1.5696964616627715,-0.199281673900318,-0.16151015434520502,False,spread <= 0
S,0.2,vol_168,largo,49,-0.14871922559115458,0.6295740041621013,0.3673469387755102,1.0,-0.003091502815667335,1.870641195939027,1.2629584984089588,-0.2134351312725617,-0.16771045668467469,False,spread <= 0
S,0.2,desbal_168 ~ sin roc_24,largo,49,-0.152102270726985,0.3146414423225123,0.32653061224489793,1.0,-0.0013699851380525885,0.9067099876926311,0.9822114705698197,-0.18316643108802982,-0.1636585017501261,False,spread <= 0
S,0.2,turnover ~ sin roc_24,largo,49,-0.1541595156481414,0.4698625254795292,0.2653061224489796,1.0,-0.0027130697376914112,1.3112389472452664,1.174743742046648,-0.20088239800219937,-0.17262345953782926,False,spread <= 0
S,0.2,atr_24,largo,49,-0.16218228361062723,0.530055422912305,0.3877551020408163,1.0,-0.0035507788836357064,2.1431258800514517,1.6025085129457153,-0.22795575706237622,-0.19043310615814404,False,spread <= 0
S,0.2,desbal_24 [bajo],largo,49,-0.16720207784642496,0.2517927468437556,0.1836734693877551,1.0,-0.0017711020630254988,0.8928301865290992,0.9286948052798287,-0.19426719001782403,-0.1809585666340195,False,spread <= 0
S,0.2,desbal_168 [bajo],largo,49,-0.16727523008730497,0.3748018640578447,0.30612244897959184,1.0,-0.0016948236339061394,0.9088586669183679,0.9403536532385897,-0.18180469601971166,-0.16281841184606613,False,spread <= 0
S,0.2,compresion,largo,49,-0.1675621010364596,0.4541402367799668,0.3469387755102041,1.0,-0.0017643451968619042,1.5261930649642084,1.421630017553619,-0.20290029056769307,-0.17893371471748695,False,spread <= 0
S,0.2,CONTROL azar 3,largo,49,-0.16869553173874816,0.28040458919249756,0.20408163265306123,1.0,-0.002195181828948976,1.0021217913107303,0.969272726162594,-0.20832097395291974,-0.18500405621967042,False,control
S,0.2,desbal_168 ~ sin roc_24 [bajo],largo,49,-0.17122908123313652,0.39030943490952963,0.3673469387755102,1.0,-0.0017577491814515591,0.907686319460979,0.9420390456058523,-0.18668765726279557,-0.17262047391033886,False,spread <= 0
S,0.2,dd_720 [bajo],largo,49,-0.17216718410288906,0.36597044695089,0.32653061224489793,1.0,-0.003470446622802899,1.2758744576401373,0.9234320720879212,-0.21676748592778264,-0.1849799603553961,False,spread <= 0
S,0.2,roc_168 [bajo],largo,49,-0.17513763181106765,0.2972668950352889,0.2653061224489796,1.0,-0.0030961365700389086,1.1597033366359748,0.9358903684440683,-0.20142019398365058,-0.19022592302599767,False,spread <= 0
S,0.2,desbal_24 ~ sin roc_24 [bajo],largo,49,-0.17986431262095903,0.2707025376481121,0.1836734693877551,1.0,-0.001990951611079964,0.8949668147583965,0.9310548269517727,-0.20381223649166685,-0.18857903444583324,False,spread <= 0
S,0.2,n_surge,largo,49,-0.1799269323708617,0.6065960221726147,0.32653061224489793,1.0,-0.0027554173458537827,1.3442144184249072,1.2542492637704976,-0.23203504061002322,-0.20112456884913651,False,spread <= 0
S,0.2,CONTROL azar 2,largo,49,-0.18262477953070233,0.24594078382393822,0.22448979591836735,1.0,-0.002599391638663712,1.0056198723800278,0.976551330250115,-0.22406563309212374,-0.20105742146747121,False,control
S,0.2,roc_72,largo,49,-0.1833802814014056,0.5470302176094197,0.40816326530612246,1.0,-0.0032765972477866497,1.6152623567876083,1.3474642718406753,-0.22742421403793267,-0.20031162902300997,False,spread <= 0
S,0.2,turnover,largo,49,-0.18948701809442087,0.5770806177476401,0.3469387755102041,1.0,-0.003051218130706849,1.3086292625146685,1.237639259529282,-0.23079464174590286,-0.20953284159392196,False,spread <= 0
S,0.2,dd_168 [bajo],largo,49,-0.20832483457160447,0.5226239577390378,0.24489795918367346,1.0,-0.003446862960389902,1.4552409963280486,1.064347028185922,-0.2481619156043423,-0.21922109380592947,False,spread <= 0
S,0.2,dd_720 ~ sin roc_24 [bajo],largo,49,-0.20918505710853721,0.4387490958086239,0.3673469387755102,1.0,-0.003931896286214475,1.2828867307230085,0.9284872263154007,-0.24314701022797264,-0.2254572640392054,False,spread <= 0
S,0.2,roc_720 ~ sin roc_24 [bajo],largo,49,-0.2189066864149554,0.4111090561001763,0.3469387755102041,1.0,-0.0033995497765417332,1.166051561039876,0.9745296355114776,-0.24474632636544866,-0.22993335637013473,False,spread <= 0
S,0.2,dd_720,largo,49,-0.22093282304860418,0.5777363897057434,0.3469387755102041,1.0,0.0005359253531307401,0.4356369054033654,1.0249282435210754,-0.20519147507844476,-0.22869029418133344,False,spread <= 0
S,0.2,compresion ~ sin roc_24,largo,49,-0.22589349834177502,0.48394059679813206,0.30612244897959184,1.0,-0.0023477885707850234,1.434514085401638,1.3648818681820736,-0.25535912670979816,-0.23725408703519552,False,spread <= 0
S,0.2,roc_168 ~ sin roc_24 [bajo],largo,49,-0.2272244297916625,0.4167399098637698,0.24489795918367346,1.0,-0.00395232219231128,1.1922578344185972,0.9593965558289408,-0.2608778892604347,-0.2407075575003838,False,spread <= 0
S,0.2,dd_720 ~ sin roc_24,largo,49,-0.25577237603780595,0.5375370778617424,0.2857142857142857,1.0,-7.284371675180779e-05,0.44768420592781816,1.0013515765929069,-0.2640685081002131,-0.2453785165170489,False,spread <= 0
S,0.2,dd_168,largo,49,-0.2799436917858059,0.47705225096753956,0.1836734693877551,1.0,-0.00015678030886021252,0.43639433299272307,0.9991504495510881,-0.2941846673543257,-0.27183086290972397,False,spread <= 0
S,0.2,dd_168 ~ sin roc_24,largo,49,-0.3017116718493851,0.4796929291708649,0.22448979591836735,1.0,-0.000267427639934855,0.42740227848922774,0.9663282801055959,-0.3187168968128421,-0.3083035128460622,False,spread <= 0
S,0.2,rango_168 ~ sin roc_24 [bajo],largo,49,-0.3383034459932026,0.48772833509227925,0.2653061224489796,1.0,-0.00030547557819729954,0.38879418565117363,0.9418718143730646,-0.24316099310215533,-0.3047905390671109,False,spread <= 0
S,0.2,rango_168 [bajo],largo,49,-0.36329488409374705,0.47503915694216814,0.2857142857142857,1.0,-0.00014699864946969262,0.3368805507626951,0.9302088401629212,-0.3626364671795292,-0.33667629762561824,False,spread <= 0
S,0.2,vol_24 ~ sin roc_24 [bajo],largo,49,-0.37098109779455296,0.4720676724447086,0.2653061224489796,1.0,-9.004469885504681e-05,0.3468910633623152,0.9231692861869688,-0.2609061231217634,-0.37974487326496187,False,spread <= 0
S,0.2,vol_168 ~ sin roc_24 [bajo],largo,49,-0.37918458431747815,0.5071408330336076,0.30612244897959184,1.0,-1.1414770379481596e-05,0.33930550122951975,0.9539631269896608,-0.38347930828914534,-0.39244285064816326,False,spread <= 0
S,0.2,vol_24 [bajo],largo,49,-0.406640210811039,0.4879889755340724,0.22448979591836735,1.0,-0.0002903975290861062,0.3206144812204306,0.9017266412046263,-0.2778156941475579,-0.3794745098676354,False,spread <= 0
S,0.2,atr_24 [bajo],largo,49,-0.41354395810956796,0.49863976042899105,0.2653061224489796,1.0,-0.00026439980761777427,0.31981627989543154,0.9072023334591331,-0.2887420224771135,-0.38195133273603904,False,spread <= 0
S,0.2,atr_24 ~ sin roc_24 [bajo],largo,49,-0.41359656693565705,0.5363627857403224,0.24489795918367346,1.0,-0.00048382309401920847,0.3283803359961999,0.9230769230777804,-0.3084837423302956,-0.3929204538516814,False,spread <= 0
S,0.2,vol_168 [bajo],largo,49,-0.4171748325954946,0.461250200043183,0.1836734693877551,1.0,-0.00027923082136150084,0.3231642380616835,0.9406819493720684,-0.41153854134948303,-0.4243970556144835,False,spread <= 0
S,0.2,roc_168,magnitud,49,3.191729261030049,2.3682644995061564,0.9591836734693877,0.0,0.04505484585298843,1.5827934703993802,1.30726548707436,2.7435611636401194,2.823700497829119,True,SOBREVIVE
S,0.2,n_surge,magnitud,49,3.128788673758277,2.1404521037822666,1.0,0.0,0.036572118223771446,1.3442144184249072,1.2542492637704976,2.7219296206133374,3.0082852126837243,True,SOBREVIVE
S,0.2,turnover,magnitud,49,3.1257725608362357,2.1156011842985567,1.0,0.0,0.03363222987476867,1.3086292625146685,1.237639259529282,2.620764952159016,2.9326025888238387,True,SOBREVIVE
S,0.2,roc_72,magnitud,49,2.9049118999922396,2.2502538108033088,0.9795918367346939,0.0,0.045142125504477715,1.6152623567876083,1.3474642718406753,2.7562339220583363,2.8803440666758022,True,SOBREVIVE
S,0.2,vol_24,magnitud,49,2.841934689267543,1.8149670899836072,0.9387755102040817,0.0,0.06580323986438888,2.1170511874748845,1.5696964616627715,2.6399093567325047,2.765767068149544,True,SOBREVIVE
S,0.2,atr_24,magnitud,49,2.7907621481682368,1.8010625924983479,0.9387755102040817,0.0,0.06787012742663848,2.1431258800514517,1.6025085129457153,2.607912003003029,2.725067471758958,True,SOBREVIVE
S,0.2,compresion,magnitud,49,2.734990895654193,2.110776340755285,0.9795918367346939,0.0,0.028228388716487945,1.5261930649642084,1.421630017553619,2.368766995263191,2.599833510265056,True,SOBREVIVE
S,0.2,roc_24,magnitud,49,2.510882906582171,1.5668225517347891,0.9795918367346939,0.0,0.04080501076645359,1.472921458807931,1.2583333422129952,2.317085962618252,2.4134197183502897,True,SOBREVIVE
S,0.2,roc_168 ~ sin roc_24,magnitud,49,2.3899933098595647,2.2158089899927176,0.9591836734693877,0.0,0.036386373778393294,1.4987797939547227,1.2384669004131246,1.9480159470104554,2.0469531207138822,True,SOBREVIVE
S,0.2,turnover ~ sin roc_24,magnitud,49,2.3029577505652066,1.8406928867285148,0.9795918367346939,0.0,0.02682929689573587,1.3112389472452664,1.174743742046648,1.7795822727000767,2.0840928961166587,True,SOBREVIVE
S,0.2,vol_24 ~ sin roc_24,magnitud,49,2.2768087700764745,1.5968599972616948,0.9387755102040817,0.0,0.05762621932552276,1.9941560183302458,1.4804774120533373,2.071713582343434,2.2021151354571407,True,SOBREVIVE
S,0.2,rango_168,magnitud,49,2.2511164387382037,1.7298700311125663,0.9183673469387755,0.0,0.057789757249114414,1.7655421494977737,1.2415734072006104,2.0886914522975215,2.1918732277296846,True,SOBREVIVE
S,0.2,n_surge ~ sin roc_24,magnitud,49,2.2434477121513194,1.700309778023332,0.9795918367346939,0.0,0.029966328142779046,1.3342433139609124,1.189352570836563,2.0392955270798048,2.1173999292715266,True,SOBREVIVE
S,0.2,atr_24 ~ sin roc_24,magnitud,49,2.2263881315089735,1.5474550289164775,0.9387755102040817,0.0,0.05944385522327848,2.056263740084684,1.5140354249949524,2.089228252065662,2.1880639110827325,True,SOBREVIVE
S,0.2,vol_168,magnitud,49,2.1998931282621927,1.6408367887879025,0.9183673469387755,0.0,0.06114009501033468,1.870641195939027,1.2629584984089588,2.0181561908255623,2.133161052438973,True,SOBREVIVE
S,0.2,compresion ~ sin roc_24,magnitud,49,2.110506242322919,2.204416396014019,0.9591836734693877,0.0,0.015768708574291555,1.434514085401638,1.3648818681820736,1.5812817924992173,1.752244659672603,True,SOBREVIVE
S,0.2,rango_168 ~ sin roc_24,magnitud,49,2.085094487929472,1.6689782036967051,0.8775510204081632,0.0,0.05472975966177519,1.7170195894402431,1.2391380217182593,1.9191260430870272,2.0274153181669394,True,SOBREVIVE
S,0.2,vol_168 ~ sin roc_24,magnitud,49,1.9975055499182364,1.627846781498482,0.8775510204081632,0.0,0.057061713332043365,1.8222927682746684,1.2469777349909288,1.8095382047758866,1.942674419606004,True,SOBREVIVE
S,0.2,roc_72 ~ sin roc_24,magnitud,49,1.9338262701485844,1.954316129192834,0.9387755102040817,0.0,0.031421052755164436,1.463451762599735,1.2387587165567897,1.5817986562987816,1.7865598956554836,True,SOBREVIVE
S,0.2,roc_720,magnitud,49,1.8506455820801992,2.0464954806389555,0.8571428571428571,0.0,0.0346540063380395,1.4245139449765345,1.0716489880518114,1.2938208595196325,1.4659232485086324,True,SOBREVIVE
S,0.2,dd_168 ~ sin roc_24 [bajo],magnitud,49,1.5134929607388434,1.3706601669482603,0.8775510204081632,0.0,0.043993541333545105,1.4856931900432817,1.0814507696560065,1.3907871354921901,1.4764499197070289,True,SOBREVIVE
S,0.2,pos_168,magnitud,49,1.4199523695919227,1.259195598619831,0.9183673469387755,0.0,0.012621625641126559,1.1101811923930438,1.093367501519218,1.284718314215205,1.3586161281394313,True,SOBREVIVE
S,0.2,roc_720 ~ sin roc_24,magnitud,49,1.3980984408039379,1.9990173835647604,0.7755102040816326,0.0,0.03108645843105138,1.4033989839075816,1.048680047689507,0.837788273811651,1.019168951849136,True,SOBREVIVE
S,0.2,dd_720,magnitud,49,0.9865469835936949,2.401647894231594,0.6326530612244898,0.0,-0.0315166319131769,0.4356369054033654,1.0249282435210754,0.501695035810163,0.655388350843792,True,ARTEFACTO DE ESCALA (atr_ratio 0.44)
S,0.2,dd_168 [bajo],magnitud,49,0.9582762789616825,1.1097547142315278,0.8367346938775511,0.0,0.03691446630901909,1.4552409963280486,1.064347028185922,0.8405796151741959,0.9008159659195334,True,SOBREVIVE
S,0.2,ticket_rel,magnitud,49,0.8971589494623097,1.9779994624998798,0.6938775510204082,0.0,-0.0005921266443892231,0.9890673117387759,0.9898078702895867,0.36971086509819956,0.7164429013532005,True,ARTEFACTO DE ESCALA (atr_ratio 0.99)
S,0.2,pos_168 ~ sin roc_24 [bajo],magnitud,49,0.7855086914214109,1.9138381845183625,0.7755102040816326,0.0,0.007805326782567634,1.0201711764924295,0.9371281229253009,0.3355341598997101,0.3911031900462218,True,SOBREVIVE
S,0.2,dd_168,magnitud,49,0.7751881689478192,2.4839717031563078,0.46938775510204084,0.0045,-0.034237057304236075,0.43639433299272307,0.9991504495510881,0.16683243700673114,0.3462921123269811,True,ARTEFACTO DE ESCALA (atr_ratio 0.44)
S,0.2,ticket_rel ~ sin roc_24,magnitud,49,0.7730264970288973,1.9993193693064288,0.673469387755102,0.0,-0.0017799839079398613,0.9903468999027799,0.9884698254505324,0.22153644827074032,0.5923879177071782,True,ARTEFACTO DE ESCALA (atr_ratio 0.99)
S,0.2,dd_720 ~ sin roc_24,magnitud,49,0.6650707015466159,2.393338486955023,0.5306122448979592,0.0105,-0.036182858372501715,0.44768420592781816,1.0013515765929069,-0.01743283845822579,0.2344115408080536,True,ARTEFACTO DE ESCALA (atr_ratio 0.45)
S,0.2,turnover ~ sin roc_24 [bajo],magnitud,49,0.6093905994092702,1.1531061132107525,0.7346938775510204,0.0,0.014288332894822373,1.1685982125960295,1.0287165018872955,0.405467434125115,0.4756827303213328,True,SOBREVIVE
S,0.2,n_surge ~ sin roc_24 [bajo],magnitud,49,0.5331778140958641,1.0957269653051054,0.7142857142857143,0.0,0.01533706136018492,1.178146015343213,1.0188079041275255,0.330898090618025,0.3946354877923777,True,SOBREVIVE
S,0.2,desbal_24,magnitud,49,0.5192527327725898,1.9004887602205487,0.6326530612244898,0.009,-0.007836745353923659,0.9162285218053726,0.9678989847335187,0.14561460616147737,0.37235266960760954,True,ARTEFACTO DE ESCALA (atr_ratio 0.92)
S,0.2,pos_168 ~ sin roc_24,magnitud,49,0.49620357100493295,1.113138315514353,0.7551020408163265,0.0,-0.0008409132265933678,1.034107457478964,1.0439589692654425,0.3882791566073579,0.4235322591305213,True,ARTEFACTO DE ESCALA (atr_ratio 1.03)
S,0.2,roc_24 [bajo],magnitud,49,0.49530066639216846,1.4722824442054523,0.6938775510204082,0.0005,0.01737701080502145,1.2873244566208846,1.0467529599834928,0.27840359354393407,0.32706442323844453,True,SOBREVIVE
S,0.2,vol_168 ~ sin roc_24 [bajo],magnitud,49,0.3863742076214151,2.407482627709118,0.3469387755102041,0.111,-0.04998492917804525,0.33930550122951975,0.9539631269896608,-0.35993140412612895,-0.05098211803033085,False,ARTEFACTO DE ESCALA (atr_ratio 0.34)
S,0.2,vol_24 ~ sin roc_24 [bajo],magnitud,49,0.38296654263371466,2.2814261425342752,0.3469387755102041,0.1005,-0.04591816148228057,0.3468910633623152,0.9231692861869688,-0.31411988334367424,-0.053669739520721904,False,ARTEFACTO DE ESCALA (atr_ratio 0.35)
S,0.2,dd_168 ~ sin roc_24,magnitud,49,0.3653842796665798,2.326515879688441,0.32653061224489793,0.122,-0.041086442931045124,0.42740227848922774,0.9663282801055959,-0.2570537748213105,-0.0012851893517731169,False,ARTEFACTO DE ESCALA (atr_ratio 0.43)
S,0.2,compresion ~ sin roc_24 [bajo],magnitud,49,0.3599415274776195,1.1071859591795064,0.6530612244897959,0.007,0.006179666105926395,0.961326425720911,0.868228617652849,0.25487649992086764,0.3043768928971331,True,SOBREVIVE
S,0.2,desbal_24 ~ sin roc_24,magnitud,49,0.3508400402482818,1.837755697525067,0.4897959183673469,0.064,-0.010030979812642287,0.9050745816359025,0.9612696120129661,-0.03416308937072899,0.21521731954668455,False,ARTEFACTO DE ESCALA (atr_ratio 0.91)
S,0.2,atr_24 ~ sin roc_24 [bajo],magnitud,49,0.3362356597455794,2.3442914851850745,0.32653061224489793,0.1435,-0.049444381047299264,0.3283803359961999,0.9230769230777804,-0.35009865003468116,-0.07410124473438844,False,ARTEFACTO DE ESCALA (atr_ratio 0.33)
S,0.2,CONTROL azar 1,magnitud,49,0.3269402983520374,1.866087370211623,0.40816326530612246,0.0915,0.0014633067726569147,1.012852492522952,0.9724589718320977,-0.05421496459374582,0.1748404660726297,False,control
S,0.2,roc_72 ~ sin roc_24 [bajo],magnitud,49,0.28803928633837467,0.8699710488048176,0.6938775510204082,0.0095,0.019674947007633954,1.2185278953402792,0.9929270950312847,0.20901656289289527,0.24552642202424993,True,SOBREVIVE
S,0.2,rango_168 ~ sin roc_24 [bajo],magnitud,49,0.27742165656945833,2.3478308225742137,0.32653061224489793,0.2025,-0.04598164533605285,0.38879418565117363,0.9418718143730646,-0.44531450519382393,-0.13433989190027473,False,ARTEFACTO DE ESCALA (atr_ratio 0.39)
S,0.2,desbal_168 ~ sin roc_24 [bajo],magnitud,49,0.2586250663620107,2.1172080873498667,0.3877551020408163,0.201,-0.009937420196112445,0.907686319460979,0.9420390456058523,-0.2575892226512964,-0.11410517921654187,False,ARTEFACTO DE ESCALA (atr_ratio 0.91)
S,0.2,desbal_168,magnitud,49,0.24318501798739514,1.472421191456021,0.5306122448979592,0.103,-0.009158686909111207,0.911815103454381,0.9868949263323112,-0.06529133369115145,0.010065022492023996,False,ARTEFACTO DE ESCALA (atr_ratio 0.91)
S,0.2,roc_720 ~ sin roc_24 [bajo],magnitud,49,0.2059523273923521,0.7759625717967931,0.6326530612244898,0.029,0.01654169963345995,1.166051561039876,0.9745296355114776,0.13124296409493844,0.17313289643205096,False,muere en la correccion (FDR q=0.1)
S,0.2,desbal_168 [bajo],magnitud,49,0.2046554788280254,2.1466131283239065,0.32653061224489793,0.2715,-0.010467724553695145,0.9088586669183679,0.9403536532385897,-0.3062945199351957,-0.17162942940008463,False,ARTEFACTO DE ESCALA (atr_ratio 0.91)
S,0.2,dd_720 ~ sin roc_24 [bajo],magnitud,49,0.20338570197557843,0.8906746183689822,0.5918367346938775,0.053,0.029474251526600402,1.2828867307230085,0.9284872263154007,0.10584804410674693,0.15583061138208107,False,muere en la correccion (FDR q=0.1)
S,0.2,vol_168 [bajo],magnitud,49,0.16958841152280482,2.4655497777775235,0.32653061224489793,0.323,-0.05413809880588368,0.3231642380616835,0.9406819493720684,-0.5868678487902126,-0.2753163369746168,False,ARTEFACTO DE ESCALA (atr_ratio 0.32)
S,0.2,desbal_168 ~ sin roc_24,magnitud,49,0.1589513239130087,1.4509890044713172,0.4489795918367347,0.2315,-0.01040553176295,0.9067099876926311,0.9822114705698197,-0.1325018123118788,-0.06454841876770123,False,ARTEFACTO DE ESCALA (atr_ratio 0.91)
S,0.2,ticket_rel ~ sin roc_24 [bajo],magnitud,49,0.11759775648450153,1.8466979843154097,0.2857142857142857,0.3725,-0.006575845026572869,0.9278294348440446,0.9458758522747376,-0.17303755005637353,-0.03442021867775859,False,ARTEFACTO DE ESCALA (atr_ratio 0.93)
S,0.2,rango_168 [bajo],magnitud,49,0.09556056393814057,2.418309644244746,0.2857142857142857,0.4065,-0.05150759963547069,0.3368805507626951,0.9302088401629212,-0.6342569859442805,-0.3305329034803598,False,ARTEFACTO DE ESCALA (atr_ratio 0.34)
S,0.2,atr_24 [bajo],magnitud,49,0.09278146139849544,2.4385178796160334,0.30612244897959184,0.4175,-0.05412404037127301,0.31981627989543154,0.9072023334591331,-0.6405880098612934,-0.34014623886005924,False,ARTEFACTO DE ESCALA (atr_ratio 0.32)
S,0.2,roc_168 ~ sin roc_24 [bajo],magnitud,49,0.05396295540132094,0.8145864266469501,0.5714285714285714,0.3165,0.01801445772046001,1.1922578344185972,0.9593965558289408,-0.04195803015074829,0.011565929980577334,False,dentro del MDE del azar (±0.120)
S,0.2,pos_168 [bajo],magnitud,49,0.026582647906828086,1.3384619983822963,0.42857142857142855,0.489,0.003086437069248913,1.0498487364722373,0.9294881331461031,-0.23444556590189589,-0.1885283407225393,False,dentro del MDE del azar (±0.120)
S,0.2,vol_24 [bajo],magnitud,49,0.025229706962223465,2.428738020985934,0.2653061224489796,0.501,-0.053261090727926085,0.3206144812204306,0.9017266412046263,-0.7150529608522306,-0.4080053834798638,False,ARTEFACTO DE ESCALA (atr_ratio 0.32)
S,0.2,CONTROL azar 2,magnitud,49,0.01332676778333092,1.082688336552013,0.42857142857142855,0.4905,0.0011961031740544393,1.0056198723800278,0.976551330250115,-0.17758647975913475,-0.11041997574096125,False,control
S,0.2,ticket_rel [bajo],magnitud,49,0.0041411909360479105,1.766768071390028,0.24489795918367346,0.5405,-0.007834980782095045,0.9237429980151168,0.939055512307218,-0.313095478621196,-0.16928587810547155,False,ARTEFACTO DE ESCALA (atr_ratio 0.92)
S,0.2,compresion [bajo],magnitud,49,-0.01623896156362516,1.1369181856582342,0.4489795918367347,1.0,0.0015270712899228668,0.9620189091955895,0.8595795959699797,-0.10996231547495579,-0.06572689009293564,False,spread <= 0
S,0.2,desbal_24 ~ sin roc_24 [bajo],magnitud,49,-0.055723275288859314,1.7887634686574583,0.24489795918367346,1.0,-0.01414507991978368,0.8949668147583965,0.9310548269517727,-0.41797667395834703,-0.2855154459943894,False,spread <= 0
S,0.2,dd_720 [bajo],magnitud,49,-0.07090459258455183,0.884474450515923,0.46938775510204084,1.0,0.026540079069525553,1.2758744576401373,0.9234320720879212,-0.16542225045603032,-0.11499159741936893,False,spread <= 0
S,0.2,roc_72 [bajo],magnitud,49,-0.09094748030982794,0.7803380386267575,0.46938775510204084,1.0,0.015755387346649358,1.1843600577247122,0.9671682409298441,-0.14968626177424021,-0.11220116794149973,False,spread <= 0
S,0.2,desbal_24 [bajo],magnitud,49,-0.11564660556515818,1.7670807282608163,0.22448979591836735,1.0,-0.014601670569796553,0.8928301865290992,0.9286948052798287,-0.4931574447779762,-0.35365822940174396,False,spread <= 0
S,0.2,CONTROL azar 3,magnitud,49,-0.14071838713876667,0.8112903652888219,0.2653061224489796,1.0,-0.0008721923264093832,1.0021217913107303,0.969272726162594,-0.2660171557924761,-0.19476578332784955,False,control
S,0.2,roc_720 [bajo],magnitud,49,-0.14376238149917553,0.7519723146364761,0.40816326530612246,1.0,0.013501042140537054,1.1417787250991212,0.9527856362566118,-0.19582419859931025,-0.17318297121632412,False,spread <= 0
S,0.2,desbal ~ sin roc_24 [bajo],magnitud,49,-0.15321772237591735,1.6618507978320478,0.24489795918367346,1.0,-0.012513867614940962,0.9181805302098284,0.9424187747989949,-0.38691795827537645,-0.3229529005980932,False,spread <= 0
S,0.2,desbal [bajo],magnitud,49,-0.1544510361547207,1.6468383572760246,0.22448979591836735,1.0,-0.012553234724627785,0.9173453635498624,0.9425083191365851,-0.3853594732420885,-0.32343609541532076,False,spread <= 0
S,0.2,desbal,magnitud,49,-0.1697811868161491,1.2863148698036768,0.1836734693877551,1.0,-0.010884902878270306,0.9198720185466138,0.9345701174133727,-0.30427833612729666,-0.2728412019398667,False,spread <= 0
S,0.2,desbal ~ sin roc_24,magnitud,49,-0.2397341948069487,1.2997260316097625,0.12244897959183673,1.0,-0.01180154014361714,0.9183540828367465,0.9328965296219869,-0.4607688292135199,-0.34102911867819263,False,spread <= 0
S,0.2,roc_168 [bajo],magnitud,49,-0.3468262066900764,0.8302804499400513,0.32653061224489793,1.0,0.013363368205779016,1.1597033366359748,0.9358903684440683,-0.4271678532738281,-0.38173474128609763,False,spread <= 0
S,0.2,turnover [bajo],magnitud,49,-0.35693727934500663,1.5976886960517651,0.1836734693877551,1.0,-0.005735338115203738,0.9498136207227619,0.9012447755328208,-0.6731635278032931,-0.5249232086853198,False,spread <= 0
S,0.2,n_surge [bajo],magnitud,49,-0.35714514747246084,1.3281615519071872,0.20408163265306123,1.0,-0.002851505915734885,0.9873680658980787,0.8961350901877567,-0.5798199762685982,-0.5395077340079819,False,spread <= 0
S,0.5,dd_720 ~ sin roc_24 [bajo],corto,49,-0.21565963458743873,0.4323635744701276,0.2857142857142857,1.0,-0.0030681037137855255,1.2828867307230085,0.9284872263154007,-0.24902062082649049,-0.22227903232282195,False,spread <= 0
S,0.5,dd_168 [bajo],corto,49,-0.23813776630097871,0.5159560707283091,0.22448979591836735,1.0,-0.0035531370396100987,1.4552409963280486,1.064347028185922,-0.27505127093170784,-0.24791484141445144,False,spread <= 0
S,0.5,roc_168 ~ sin roc_24 [bajo],corto,49,-0.24105013470366426,0.4160873868652071,0.2653061224489796,1.0,-0.0030476778076887214,1.1922578344185972,0.9593965558289408,-0.2757773696622585,-0.2522297256210399,False,spread <= 0
S,0.5,dd_720 [bajo],corto,49,-0.2506567978501004,0.35767274889474515,0.24489795918367346,1.0,-0.003529553377197102,1.2758744576401373,0.9234320720879212,-0.2792767797582155,-0.26947278976016653,False,spread <= 0
S,0.5,roc_720 ~ sin roc_24 [bajo],corto,49,-0.25803714034673914,0.40778874699777584,0.32653061224489793,1.0,-0.0036004502234582678,1.166051561039876,0.9745296355114776,-0.2957421715924511,-0.27004078633824113,False,spread <= 0
S,0.5,atr_24,corto,49,-0.2617592549473975,0.530694902245979,0.30612244897959184,1.0,-0.003449221116364294,2.1431258800514517,1.6025085129457153,-0.3034848497370123,-0.2747402116289187,False,spread <= 0
S,0.5,vol_168,corto,49,-0.270017019406699,0.6253090902107175,0.32653061224489793,1.0,-0.003908497184332665,1.870641195939027,1.2629584984089588,-0.3128404831028327,-0.28747238080760995,False,spread <= 0
S,0.5,atr_24 ~ sin roc_24,corto,49,-0.2802437020589032,0.58341709485007,0.2857142857142857,1.0,-0.003872939958446022,2.056263740084684,1.5140354249949524,-0.3106652449931674,-0.2925527505771311,False,spread <= 0
S,0.5,vol_24,corto,49,-0.2889994240140164,0.5256985520241471,0.2653061224489796,1.0,-0.0037281329743501994,2.1170511874748845,1.5696964616627715,-0.3303140263640573,-0.3073081388811,False,spread <= 0
S,0.5,roc_168 [bajo],corto,49,-0.28972720202472746,0.2951734305850848,0.08163265306122448,1.0,-0.0039038634299610924,1.1597033366359748,0.9358903684440683,-0.3118921775018198,-0.2948208670690153,False,spread <= 0
S,0.5,rango_168 ~ sin roc_24,corto,49,-0.298335509389324,0.6207694229715074,0.2653061224489796,1.0,-0.004204089415146087,1.7170195894402431,1.2391380217182593,-0.332682465825094,-0.30683583015648574,False,spread <= 0
S,0.5,dd_168 ~ sin roc_24 [bajo],corto,49,-0.3122095557056217,0.5351548635119616,0.2653061224489796,1.0,-0.00440133480090364,1.4856931900432817,1.0814507696560065,-0.3611026680009049,-0.32483872908329653,False,spread <= 0
S,0.5,rango_168,corto,49,-0.3152300285948946,0.5356644504954736,0.24489795918367346,1.0,-0.004357810327943385,1.7655421494977737,1.2415734072006104,-0.3530628412740097,-0.3328156145816836,False,spread <= 0
S,0.5,roc_720 [bajo],corto,49,-0.3278584770538769,0.33794555862316916,0.1836734693877551,1.0,-0.004483670814285793,1.1417787250991212,0.9527856362566118,-0.35549126780267265,-0.33790330507438854,False,spread <= 0
S,0.5,compresion ~ sin roc_24,corto,49,-0.336902419709577,0.4912121929321401,0.22448979591836735,1.0,-0.004652211429214978,1.434514085401638,1.3648818681820736,-0.36610618456941735,-0.3546366714394433,False,spread <= 0
S,0.5,roc_72 ~ sin roc_24 [bajo],corto,49,-0.3417926756927275,0.4409743072558274,0.20408163265306123,1.0,-0.0044804642699488246,1.2185278953402792,0.9929270950312847,-0.3619295379492406,-0.3496699690994994,False,spread <= 0
S,0.5,roc_72,corto,49,-0.34383527211998016,0.551976331877112,0.32653061224489793,1.0,-0.0037234027522133504,1.6152623567876083,1.3474642718406753,-0.38257444614801034,-0.35811990498948165,False,spread <= 0
S,0.5,vol_24 ~ sin roc_24,corto,49,-0.353898682820423,0.5294711969519144,0.24489795918367346,1.0,-0.004589502594212111,1.9941560183302458,1.4804774120533373,-0.3816583366107798,-0.3669318977001732,False,spread <= 0
S,0.5,vol_168 ~ sin roc_24,corto,49,-0.3560797039273081,0.6081359571465013,0.2857142857142857,1.0,-0.004791707870902602,1.8222927682746684,1.2469777349909288,-0.39548146443743876,-0.3700197301072369,False,spread <= 0
S,0.5,turnover,corto,49,-0.3601524873419993,0.5842706756331387,0.22448979591836735,1.0,-0.003948781869293152,1.3086292625146685,1.237639259529282,-0.38895113957905075,-0.3715727991743501,False,spread <= 0
S,0.5,CONTROL azar 2,corto,49,-0.36111024548876647,0.25888188942446605,0.04081632653061224,1.0,-0.0044006083613362884,1.0056198723800278,0.976551330250115,-0.3704601705011057,-0.3677140486860255,False,control
S,0.5,n_surge,corto,49,-0.36233118217240445,0.6226212728941087,0.32653061224489793,1.0,-0.004244582654146218,1.3442144184249072,1.2542492637704976,-0.3922225926614206,-0.3742428903228329,False,spread <= 0
S,0.5,roc_720 ~ sin roc_24,corto,49,-0.3667540818040412,0.5120454454866362,0.22448979591836735,1.0,-0.00429635807003492,1.4033989839075816,1.048680047689507,-0.4144027137527729,-0.3933983622520622,False,spread <= 0
S,0.5,CONTROL azar 3,corto,49,-0.37401183187140974,0.29574154822357623,0.04081632653061224,1.0,-0.0048048181710510255,1.0021217913107303,0.969272726162594,-0.38970943792134627,-0.37314816843002624,False,control
S,0.5,turnover ~ sin roc_24,corto,49,-0.37732590538155747,0.48073383608790254,0.1836734693877551,1.0,-0.0042869302623085885,1.3112389472452664,1.174743742046648,-0.4111330702567619,-0.39190872555322076,False,spread <= 0
S,0.5,compresion,corto,49,-0.3887022035907286,0.453837537664785,0.16326530612244897,1.0,-0.005235654803138097,1.5261930649642084,1.421630017553619,-0.42878858658759933,-0.4087264872342518,False,spread <= 0
S,0.5,pos_168 [bajo],corto,49,-0.39473394751967533,0.31329865744939356,0.061224489795918366,1.0,-0.005483051476834887,1.0498487364722373,0.9294881331461031,-0.42522629106837834,-0.40422083204784426,False,spread <= 0
S,0.5,n_surge ~ sin roc_24,corto,49,-0.39781467312366753,0.49454383235358956,0.1836734693877551,1.0,-0.004856726917304757,1.3342433139609124,1.189352570836563,-0.4247915729757619,-0.4088963036670386,False,spread <= 0
S,0.5,roc_24,corto,49,-0.40099510067131994,0.5630733339524421,0.22448979591836735,1.0,-0.004264925024443564,1.472921458807931,1.2583333422129952,-0.44085485839934674,-0.4143494705320443,False,spread <= 0
S,0.5,desbal_24 ~ sin roc_24 [bajo],corto,49,-0.4049598985424256,0.2584535073824283,0.02040816326530612,1.0,-0.005009048388920037,0.8949668147583965,0.9310548269517727,-0.41723907108264524,-0.4117827341052342,False,spread <= 0
S,0.5,roc_72 [bajo],corto,49,-0.4071732192819343,0.3881439001246031,0.14285714285714285,1.0,-0.005436460874210694,1.1843600577247122,0.9671682409298441,-0.4244559587907545,-0.41396626330797065,False,spread <= 0
S,0.5,roc_24 [bajo],corto,49,-0.4103258304641808,0.3794229103316035,0.14285714285714285,1.0,-0.005740268812962082,1.2873244566208846,1.0467529599834928,-0.43349051359089336,-0.41965558104301853,False,spread <= 0
S,0.5,n_surge ~ sin roc_24 [bajo],corto,49,-0.41046787870545626,0.3781437515582377,0.16326530612244897,1.0,-0.005208499938871776,1.178146015343213,1.0188079041275255,-0.44294310854010144,-0.420828313169677,False,spread <= 0
S,0.5,pos_168 ~ sin roc_24 [bajo],corto,49,-0.4105820430463872,0.38921279249737184,0.08163265306122448,1.0,-0.0052333832514974265,1.0201711764924295,0.9371281229253009,-0.4312649364220647,-0.419742920929033,False,spread <= 0
S,0.5,roc_72 ~ sin roc_24,corto,49,-0.41216761128099444,0.5328461034788671,0.2653061224489796,1.0,-0.004630162298026862,1.463451762599735,1.2387587165567897,-0.45210220537895157,-0.4268873191778961,False,spread <= 0
S,0.5,desbal_168 ~ sin roc_24 [bajo],corto,49,-0.41418344884652575,0.38436551470781477,0.14285714285714285,1.0,-0.005242250818548443,0.907686319460979,0.9420390456058523,-0.435267169068086,-0.4302424423305223,False,spread <= 0
S,0.5,desbal_24 [bajo],corto,49,-0.417454878213594,0.23697085518649275,0.02040816326530612,1.0,-0.005228897936974501,0.8928301865290992,0.9286948052798287,-0.4271461637453285,-0.423044908542942,False,spread <= 0
S,0.5,desbal_168 [bajo],corto,49,-0.41836426691523465,0.36837719965689913,0.10204081632653061,1.0,-0.005305176366093863,0.9088586669183679,0.9403536532385897,-0.4454291232726315,-0.42536951363310993,False,spread <= 0
S,0.5,desbal ~ sin roc_24,corto,49,-0.42128630191920685,0.3571028065075459,0.08163265306122448,1.0,-0.005260868802287339,0.9183540828367465,0.9328965296219869,-0.42703903164380347,-0.42400698924032404,False,spread <= 0
S,0.5,CONTROL azar 1,corto,49,-0.42588779718819075,0.33891186659388495,0.08163265306122448,1.0,-0.005350043288021412,1.012852492522952,0.9724589718320977,-0.447843512779055,-0.4369688057089251,False,control
S,0.5,roc_720,corto,49,-0.4285788995225322,0.5243620605851055,0.20408163265306123,1.0,-0.005006265318031711,1.4245139449765345,1.0716489880518114,-0.4680535163606654,-0.4475818436390481,False,spread <= 0
S,0.5,ticket_rel ~ sin roc_24,corto,49,-0.4297974190764837,0.2822977643364878,0.061224489795918366,1.0,-0.004884830908397583,0.9903468999027799,0.9884698254505324,-0.4588251377510534,-0.43798573121954854,False,spread <= 0
S,0.5,ticket_rel,corto,49,-0.440123041295639,0.29798172689113067,0.10204081632653061,1.0,-0.004867851556821018,0.9890673117387759,0.9898078702895867,-0.48367728085768485,-0.4543025504042539,False,spread <= 0
S,0.5,desbal_168 ~ sin roc_24,corto,49,-0.44351065932597006,0.3197719749757373,0.061224489795918366,1.0,-0.005630014861947411,0.9067099876926311,0.9822114705698197,-0.46810035552640467,-0.45421211147786017,False,spread <= 0
S,0.5,desbal,corto,49,-0.4451039485416671,0.3666327830987962,0.10204081632653061,1.0,-0.005622507086993508,0.9198720185466138,0.9345701174133727,-0.4344345232025953,-0.4467653824373637,False,spread <= 0
S,0.5,n_surge [bajo],corto,49,-0.4467805458386094,0.3126308525440251,0.08163265306122448,1.0,-0.0059620594838130266,0.9873680658980787,0.8961350901877567,-0.4723769446061274,-0.45579240275546534,False,spread <= 0
S,0.5,compresion [bajo],corto,49,-0.4480294440842537,0.4167725145216701,0.08163265306122448,1.0,-0.00530385118562862,0.9620189091955895,0.8595795959699797,-0.4678418120896729,-0.4584127380843557,False,spread <= 0
S,0.5,pos_168 ~ sin roc_24,corto,49,-0.4487622815805641,0.3850909682529236,0.061224489795918366,1.0,-0.005560017645264852,1.034107457478964,1.0439589692654425,-0.4702500421632323,-0.4539284924392956,False,spread <= 0
S,0.5,turnover ~ sin roc_24 [bajo],corto,49,-0.45678362844542386,0.4082099881250717,0.12244897959183673,1.0,-0.005767995790923811,1.1685982125960295,1.0287165018872955,-0.502656643086841,-0.47418649134491014,False,spread <= 0
S,0.5,turnover [bajo],corto,49,-0.45938441517246764,0.28399423259368417,0.061224489795918366,1.0,-0.0061823414362736,0.9498136207227619,0.9012447755328208,-0.48221873988674663,-0.46667353530542893,False,spread <= 0
S,0.5,compresion ~ sin roc_24 [bajo],corto,49,-0.46597933569165023,0.41074263771313,0.12244897959183673,1.0,-0.005394825018854192,0.961326425720911,0.868228617652849,-0.488520828123319,-0.4775066494126844,False,spread <= 0
S,0.5,desbal_168,corto,49,-0.46702806550207515,0.33325461985503474,0.04081632653061224,1.0,-0.006037660481340256,0.911815103454381,0.9868949263323112,-0.4900957463891601,-0.47155876795137747,False,spread <= 0
S,0.5,desbal_24,corto,49,-0.4826869149740427,0.29522951033355516,0.04081632653061224,1.0,-0.006223285392156929,0.9162285218053726,0.9678989847335187,-0.4993735295649391,-0.48774878561297297,False,spread <= 0
S,0.5,desbal_24 ~ sin roc_24,corto,49,-0.4856017438237414,0.2965819213429032,0.02040816326530612,1.0,-0.006123450621685045,0.9050745816359025,0.9612696120129661,-0.46985020018151097,-0.46838101369896296,False,spread <= 0
S,0.5,desbal ~ sin roc_24 [bajo],corto,49,-0.4894529796289749,0.2968075542877673,0.04081632653061224,1.0,-0.006259319033240917,0.9181805302098284,0.9424187747989949,-0.5080290691379786,-0.4955738910812365,False,spread <= 0
S,0.5,pos_168,corto,49,-0.4902662120628284,0.4990952483221791,0.14285714285714285,1.0,-0.006062318247756869,1.1101811923930438,1.093367501519218,-0.519035138484424,-0.49808528576884803,False,spread <= 0
S,0.5,roc_168,corto,49,-0.4959746283974279,0.46759389066025203,0.14285714285714285,1.0,-0.006313442102449414,1.5827934703993802,1.30726548707436,-0.5243443358971546,-0.5045037211140215,False,spread <= 0
S,0.5,desbal [bajo],corto,49,-0.4974378370232358,0.31044942468360504,0.04081632653061224,1.0,-0.006330942245712054,0.9173453635498624,0.9425083191365851,-0.5083362628122382,-0.5024021660583735,False,spread <= 0
S,0.5,ticket_rel [bajo],corto,49,-0.5051005146822548,0.32328396006229826,0.02040816326530612,1.0,-0.006549139695256182,0.9237429980151168,0.939055512307218,-0.5326726017267275,-0.5186505938014011,False,spread <= 0
S,0.5,ticket_rel ~ sin roc_24 [bajo],corto,49,-0.5194196582420633,0.34228160191484575,0.02040816326530612,1.0,-0.00657610541747259,0.9278294348440446,0.9458758522747376,-0.533801012480507,-0.5303704090470585,False,spread <= 0
S,0.5,roc_168 ~ sin roc_24,corto,49,-0.531453524879441,0.4902558242394274,0.16326530612244897,1.0,-0.006835042582826174,1.4987797939547227,1.2384669004131246,-0.5987319334916219,-0.5602038484831648,False,spread <= 0
S,0.5,dd_168,corto,49,-1.1167276287537753,0.5277352791057031,0.0,1.0,-0.006843219691139787,0.43639433299272307,0.9991504495510881,-1.130170901725996,-1.1300145386014182,False,spread <= 0
S,0.5,dd_168 ~ sin roc_24,corto,49,-1.1280799599734503,0.5606234924521926,0.02040816326530612,1.0,-0.006732572360065145,0.42740227848922774,0.9663282801055959,-1.0976771417701014,-1.113288527208666,False,spread <= 0
S,0.5,dd_720 ~ sin roc_24,corto,49,-1.1307855660143367,0.6680859305214117,0.02040816326530612,1.0,-0.0069271562832481925,0.44768420592781816,1.0013515765929069,-1.1536351980418436,-1.139834847388271,False,spread <= 0
S,0.5,dd_720,corto,49,-1.1673186931201809,0.6496665761758784,0.02040816326530612,1.0,-0.007535925353130741,0.4356369054033654,1.0249282435210754,-1.173434428379044,-1.1784940638226953,False,spread <= 0
S,0.5,rango_168 ~ sin roc_24 [bajo],corto,49,-1.2197009676290032,0.47088539771819277,0.0,1.0,-0.006694524421802702,0.38879418565117363,0.9418718143730646,-1.2360080178697608,-1.2252352386570502,False,spread <= 0
S,0.5,vol_24 ~ sin roc_24 [bajo],corto,49,-1.2828065283485999,0.5381432185435278,0.0,1.0,-0.006909955301144953,0.3468910633623152,0.9231692861869688,-1.2894851064281108,-1.290138765171993,False,spread <= 0
S,0.5,rango_168 [bajo],corto,49,-1.3067952699382415,0.5467874471017148,0.02040816326530612,1.0,-0.006853001350530308,0.3368805507626951,0.9302088401629212,-1.2894059010971837,-1.3116303958959319,False,spread <= 0
S,0.5,atr_24 ~ sin roc_24 [bajo],corto,49,-1.3073307751104846,0.5640610481685758,0.0,1.0,-0.006516176905980792,0.3283803359961999,0.9230769230777804,-1.313894857373965,-1.3105459891854232,False,spread <= 0
S,0.5,vol_24 [bajo],corto,49,-1.3306132109397184,0.5229461758343281,0.0,1.0,-0.006709602470913893,0.3206144812204306,0.9017266412046263,-1.334340322312052,-1.3417933451012396,False,spread <= 0
S,0.5,vol_168 [bajo],corto,49,-1.3418004869494202,0.4959669292305315,0.0,1.0,-0.0067207691786385,0.3231642380616835,0.9406819493720684,-1.2705870790524447,-1.3467340982132052,False,spread <= 0
S,0.5,atr_24 [bajo],corto,49,-1.3436171285158964,0.5140058525599214,0.0,1.0,-0.006735600192382226,0.31981627989543154,0.9072023334591331,-1.3517220866356525,-1.3496442985133594,False,spread <= 0
S,0.5,vol_168 ~ sin roc_24 [bajo],corto,49,-1.3569298613660228,0.5503974591454441,0.0,1.0,-0.006988585229620519,0.33930550122951975,0.9539631269896608,-1.3743661569467887,-1.3652831065153654,False,spread <= 0
S,0.5,roc_168 ~ sin roc_24,largo,49,-0.19739872749963341,0.46322995961258406,0.30612244897959184,1.0,-0.003164957417173827,1.4987797939547227,1.2384669004131246,-0.2425845969752052,-0.20916748838915278,False,spread <= 0
S,0.5,vol_168 ~ sin roc_24,largo,49,-0.24622845938344282,0.6039404094269228,0.2857142857142857,1.0,-0.005208292129097396,1.8222927682746684,1.2469777349909288,-0.3155556735369626,-0.2803732984116979,False,spread <= 0
S,0.5,roc_168,largo,49,-0.25236536403711707,0.4409461950134136,0.2857142857142857,1.0,-0.003686557897550585,1.5827934703993802,1.30726548707436,-0.29096338976329633,-0.27405167071744135,False,spread <= 0
S,0.5,roc_720,largo,49,-0.25484812698551046,0.5046673187119058,0.2857142857142857,1.0,-0.00499373468196829,1.4245139449765345,1.0716489880518114,-0.30775247320119536,-0.2824876731826696,False,spread <= 0
S,0.5,vol_24 ~ sin roc_24,largo,49,-0.2673926598511224,0.522139302324962,0.22448979591836735,1.0,-0.0054104974057878905,1.9941560183302458,1.4804774120533373,-0.34205614748076535,-0.2949663596777842,False,spread <= 0
S,0.5,roc_72 [bajo],largo,49,-0.27960314580110496,0.3825496172328555,0.20408163265306123,1.0,-0.004563539125789306,1.1843600577247122,0.9671682409298441,-0.32024536099906314,-0.3015189514504246,False,spread <= 0
S,0.5,roc_24 [bajo],largo,49,-0.28404059543819293,0.37516686958158807,0.24489795918367346,1.0,-0.004259731187037918,1.2873244566208846,1.0467529599834928,-0.3190744384790695,-0.2995222962502411,False,spread <= 0
S,0.5,ticket_rel ~ sin roc_24 [bajo],largo,49,-0.2925731904224468,0.3618729369519131,0.20408163265306123,1.0,-0.0034238945825274115,0.9278294348440446,0.9458758522747376,-0.33159708488894,-0.30868372363975005,False,spread <= 0
S,0.5,n_surge [bajo],largo,49,-0.29263105113441334,0.3034769852149771,0.12244897959183673,1.0,-0.0040379405161869745,0.9873680658980787,0.8961350901877567,-0.34092014462440784,-0.3173394188595869,False,spread <= 0
S,0.5,roc_720 ~ sin roc_24,largo,49,-0.29536014291122425,0.5092201006334112,0.24489795918367346,1.0,-0.0057036419299650795,1.4033989839075816,1.048680047689507,-0.3461157165325367,-0.3221413541225291,False,spread <= 0
S,0.5,turnover ~ sin roc_24 [bajo],largo,49,-0.2955759924033194,0.3727360163738684,0.20408163265306123,1.0,-0.004232004209076189,1.1685982125960295,1.0287165018872955,-0.33569435207104786,-0.31346286045237165,False,spread <= 0
S,0.5,compresion ~ sin roc_24 [bajo],largo,49,-0.29885967393140156,0.39593192954165285,0.20408163265306123,1.0,-0.004605174981145808,0.961326425720911,0.868228617652849,-0.3520182899892978,-0.3200791338082089,False,spread <= 0
S,0.5,compresion [bajo],largo,49,-0.30415645862690155,0.42148753086033103,0.1836734693877551,1.0,-0.004696148814371379,0.9620189091955895,0.8595795959699797,-0.33355409355903043,-0.31793406713275,False,spread <= 0
S,0.5,ticket_rel [bajo],largo,49,-0.3042951270293398,0.3522906935403284,0.20408163265306123,1.0,-0.0034508603047438175,0.9237429980151168,0.939055512307218,-0.3333991846280501,-0.3137723453513565,False,spread <= 0
S,0.5,turnover [bajo],largo,49,-0.30461184639359934,0.2968625981126929,0.14285714285714285,1.0,-0.0038176585637264004,0.9498136207227619,0.9012447755328208,-0.3349595701059319,-0.32183462620519565,False,spread <= 0
S,0.5,rango_168,largo,49,-0.312101403150287,0.5431857128657127,0.22448979591836735,1.0,-0.005642189672056615,1.7655421494977737,1.2415734072006104,-0.37300800161868636,-0.33303471811034596,False,spread <= 0
S,0.5,atr_24 ~ sin roc_24,largo,49,-0.32523172463106814,0.576786705581541,0.20408163265306123,1.0,-0.006127060041553977,2.056263740084684,1.5140354249949524,-0.39274156630961293,-0.3445383041238567,False,spread <= 0
S,0.5,pos_168 [bajo],largo,49,-0.32597538357835676,0.31328886644287535,0.12244897959183673,1.0,-0.004516948523165114,1.0498487364722373,0.9294881331461031,-0.36888714528501587,-0.34366159358379444,False,spread <= 0
S,0.5,n_surge ~ sin roc_24 [bajo],largo,49,-0.3264860945431842,0.34217953206117196,0.14285714285714285,1.0,-0.0047915000611282255,1.178146015343213,1.0188079041275255,-0.36753230760049804,-0.34112571594211055,False,spread <= 0
S,0.5,vol_168,largo,49,-0.3281776163045204,0.6333166118368567,0.2857142857142857,1.0,-0.006091502815667334,1.870641195939027,1.2629584984089588,-0.3947324180683355,-0.34780065436127056,False,spread <= 0
S,0.5,dd_168 ~ sin roc_24 [bajo],largo,49,-0.3283813759386192,0.5263196630250714,0.20408163265306123,1.0,-0.00559866519909636,1.4856931900432817,1.0814507696560065,-0.37649101641701915,-0.3371812426442581,False,spread <= 0
S,0.5,desbal [bajo],largo,49,-0.3307105486400993,0.32466500888520455,0.14285714285714285,1.0,-0.003669057754287946,0.9173453635498624,0.9425083191365851,-0.3595059108241093,-0.3488696429664115,False,spread <= 0
S,0.5,pos_168 ~ sin roc_24 [bajo],largo,49,-0.33348924908810124,0.4030545009238873,0.14285714285714285,1.0,-0.004766616748502573,1.0201711764924295,0.9371281229253009,-0.3828319196515859,-0.34864306310424886,False,spread <= 0
S,0.5,vol_24,largo,49,-0.33395599326612163,0.5348274346993112,0.22448979591836735,1.0,-0.006271867025649801,2.1170511874748845,1.5696964616627715,-0.3882271268602982,-0.3486805686758159,False,spread <= 0
S,0.5,rango_168 ~ sin roc_24,largo,49,-0.3344744958211447,0.6203930075506588,0.20408163265306123,1.0,-0.005795910584853911,1.7170195894402431,1.2391380217182593,-0.3957491136699119,-0.36448528762603444,False,spread <= 0
S,0.5,pos_168,largo,49,-0.3349892540448763,0.47903101974098883,0.24489795918367346,1.0,-0.003937681752243131,1.1101811923930438,1.093367501519218,-0.3937432366682472,-0.3630879031866644,False,spread <= 0
S,0.5,desbal ~ sin roc_24 [bajo],largo,49,-0.3376174456471816,0.3169789583661285,0.14285714285714285,1.0,-0.003740680966759084,0.9181805302098284,0.9424187747989949,-0.3596719980330892,-0.3496112583502274,False,spread <= 0
S,0.5,roc_72 ~ sin roc_24,largo,49,-0.3416323647667785,0.5305919224176279,0.30612244897959184,1.0,-0.005369837701973138,1.463451762599735,1.2387587165567897,-0.3867313414991905,-0.3593506215197892,False,spread <= 0
S,0.5,atr_24,largo,49,-0.3438715144212092,0.5316672119307505,0.20408163265306123,1.0,-0.006550778883635704,2.1431258800514517,1.6025085129457153,-0.41215304264166597,-0.3729751970126488,False,spread <= 0
S,0.5,CONTROL azar 1,largo,49,-0.34568898826637645,0.33932503458424434,0.12244897959183673,1.0,-0.004649956711978589,1.012852492522952,0.9724589718320977,-0.3694657449311298,-0.3515912180237601,False,control
S,0.5,roc_72 ~ sin roc_24 [bajo],largo,49,-0.34873174877146795,0.42816444788184504,0.1836734693877551,1.0,-0.005519535730051176,1.2185278953402792,0.9929270950312847,-0.3714798176882036,-0.3654817644083669,False,spread <= 0
S,0.5,roc_720 [bajo],largo,49,-0.34891281486615267,0.33181599419704066,0.1836734693877551,1.0,-0.005516329185714206,1.1417787250991212,0.9527856362566118,-0.3803198686584347,-0.3523627024784805,False,spread <= 0
S,0.5,dd_720 [bajo],largo,49,-0.3533774620827416,0.37204987183918864,0.1836734693877551,1.0,-0.006470446622802898,1.2758744576401373,0.9234320720879212,-0.39886454531827864,-0.3664894282368966,False,spread <= 0
S,0.5,n_surge ~ sin roc_24,largo,49,-0.35577117812965026,0.48730121961089784,0.1836734693877551,1.0,-0.0051432730826952424,1.3342433139609124,1.189352570836563,-0.401886891541366,-0.37032326374582986,False,spread <= 0
S,0.5,desbal_24 ~ sin roc_24,largo,49,-0.3574450086985047,0.30817692522136636,0.08163265306122448,1.0,-0.0038765493783149553,0.9050745816359025,0.9612696120129661,-0.3776071929192564,-0.3596436016013842,False,spread <= 0
S,0.5,roc_24,largo,49,-0.3575383143513055,0.5205741561200509,0.16326530612244897,1.0,-0.005735074975556436,1.472921458807931,1.2583333422129952,-0.42426508929336626,-0.3781407847235416,False,spread <= 0
S,0.5,desbal_24,largo,49,-0.36013547608743574,0.29923093661585404,0.08163265306122448,1.0,-0.0037767146078430723,0.9162285218053726,0.9678989847335187,-0.39236765002744867,-0.372356363811845,False,spread <= 0
S,0.5,ticket_rel,largo,49,-0.36577577959721214,0.29301234144887817,0.10204081632653061,1.0,-0.005132148443178982,0.9890673117387759,0.9898078702895867,-0.40643953997053645,-0.384950746039565,False,spread <= 0
S,0.5,desbal,largo,49,-0.36675291088078693,0.36022476853700797,0.12244897959183673,1.0,-0.004377492913006492,0.9198720185466138,0.9345701174133727,-0.41114762983994035,-0.3782842866667766,False,spread <= 0
S,0.5,ticket_rel ~ sin roc_24,largo,49,-0.37236754906866626,0.2756060453978375,0.12244897959183673,1.0,-0.005115169091602417,0.9903468999027799,0.9884698254505324,-0.3984709776682997,-0.3826546952553622,False,spread <= 0
S,0.5,roc_168 [bajo],largo,49,-0.37436541774069415,0.30362712096624644,0.08163265306122448,1.0,-0.006096136570038908,1.1597033366359748,0.9358903684440683,-0.4011990106652653,-0.38989758807361596,False,spread <= 0
S,0.5,turnover ~ sin roc_24,largo,49,-0.3819389818037266,0.4679908071994581,0.14285714285714285,1.0,-0.005713069737691411,1.3112389472452664,1.174743742046648,-0.4299369285530951,-0.4007123229765164,False,spread <= 0
S,0.5,desbal_168,largo,49,-0.38281437409959923,0.33189267443783693,0.12244897959183673,1.0,-0.003962339518659744,0.911815103454381,0.9868949263323112,-0.4308757062632957,-0.4043368095323285,False,spread <= 0
S,0.5,desbal ~ sin roc_24,largo,49,-0.390178934978676,0.3529052884665498,0.12244897959183673,1.0,-0.004739131197712662,0.9183540828367465,0.9328965296219869,-0.42105459866074024,-0.40277690252505116,False,spread <= 0
S,0.5,dd_720 ~ sin roc_24 [bajo],largo,49,-0.3912613535496698,0.44361760383577886,0.14285714285714285,1.0,-0.006931896286214474,1.2828867307230085,0.9284872263154007,-0.42636413337076906,-0.4082990088833183,False,spread <= 0
S,0.5,pos_168 ~ sin roc_24,largo,49,-0.39479287952923253,0.404157183464456,0.1836734693877551,1.0,-0.004439982354735148,1.034107457478964,1.0439589692654425,-0.4440050280065828,-0.41797510422736633,False,spread <= 0
S,0.5,dd_168 [bajo],largo,49,-0.399665949231283,0.527621747138088,0.12244897959183673,1.0,-0.0064468629603899015,1.4552409963280486,1.064347028185922,-0.4399600898980138,-0.4109369294015131,False,spread <= 0
S,0.5,CONTROL azar 3,largo,49,-0.4012844018573873,0.27856303115298375,0.061224489795918366,1.0,-0.0051951818289489755,1.0021217913107303,0.969272726162594,-0.44079695064275515,-0.4173333156160862,False,control
S,0.5,compresion,largo,49,-0.4059610887338259,0.4582065531741297,0.1836734693877551,1.0,-0.004764345196861903,1.5261930649642084,1.421630017553619,-0.4422035131179963,-0.4177811919477941,False,spread <= 0
S,0.5,desbal_168 ~ sin roc_24,largo,49,-0.4073649550353942,0.31838888571892493,0.08163265306122448,1.0,-0.004369985138052589,0.9067099876926311,0.9822114705698197,-0.43493098047708717,-0.4194215613187836,False,spread <= 0
S,0.5,roc_72,largo,49,-0.40932980433914234,0.5523435687764087,0.24489795918367346,1.0,-0.00627659724778665,1.6152623567876083,1.3474642718406753,-0.455928301111648,-0.4268925103310319,False,spread <= 0
S,0.5,n_surge,largo,49,-0.41232326717511864,0.6023600946536746,0.1836734693877551,1.0,-0.005755417345853782,1.3442144184249072,1.2542492637704976,-0.46544130079066875,-0.4337155900605464,False,spread <= 0
S,0.5,CONTROL azar 2,largo,49,-0.4156540759676175,0.2470739749597037,0.061224489795918366,1.0,-0.005599391638663712,1.0056198723800278,0.976551330250115,-0.4570675019116308,-0.43422385306712663,False,control
S,0.5,desbal_24 [bajo],largo,49,-0.4177693447292902,0.26630649528327904,0.04081632653061224,1.0,-0.004771102063025498,0.8928301865290992,0.9286948052798287,-0.4411549895136159,-0.43157839923120866,False,spread <= 0
S,0.5,desbal_168 [bajo],largo,49,-0.41826358594553625,0.3839763445858972,0.12244897959183673,1.0,-0.004694823633906139,0.9088586669183679,0.9403536532385897,-0.4345970842286999,-0.41475032275224205,False,spread <= 0
S,0.5,desbal_168 ~ sin roc_24 [bajo],largo,49,-0.42212016555299176,0.3989090958635109,0.12244897959183673,1.0,-0.004757749181451558,0.907686319460979,0.9420390456058523,-0.43902826950372315,-0.4246082236965899,False,spread <= 0
S,0.5,roc_720 ~ sin roc_24 [bajo],largo,49,-0.42331118359853875,0.41602802762388774,0.1836734693877551,1.0,-0.006399549776541732,1.166051561039876,0.9745296355114776,-0.4492239686011722,-0.43419947533420805,False,spread <= 0
S,0.5,turnover,largo,49,-0.42504680613860096,0.5769634027344874,0.16326530612244897,1.0,-0.006051218130706848,1.3086292625146685,1.237639259529282,-0.466462748114751,-0.44527425234044676,False,spread <= 0
S,0.5,roc_168 ~ sin roc_24 [bajo],largo,49,-0.4279135288610882,0.4210357075108346,0.04081632653061224,1.0,-0.00695232219231128,1.1922578344185972,0.9593965558289408,-0.4616612674291951,-0.4414608384970647,False,spread <= 0
S,0.5,desbal_24 ~ sin roc_24 [bajo],largo,49,-0.43050326026240954,0.28364343575398415,0.04081632653061224,1.0,-0.004990951611079964,0.8949668147583965,0.9310548269517727,-0.4510231710328068,-0.4360198115224993,False,spread <= 0
S,0.5,compresion ~ sin roc_24,largo,49,-0.46709174893521166,0.4846108682312292,0.08163265306122448,1.0,-0.005347788570785023,1.434514085401638,1.3648818681820736,-0.4978401613769933,-0.47855888192531165,False,spread <= 0
S,0.5,dd_720,largo,49,-0.815897758549512,0.6836474159445193,0.12244897959183673,1.0,-0.0024640746468692597,0.4356369054033654,1.0249282435210754,-0.7465618775223563,-0.8254204973360222,False,spread <= 0
S,0.5,dd_720 ~ sin roc_24,largo,49,-0.8500114940601529,0.6471089580700307,0.08163265306122448,1.0,-0.0030728437167518077,0.44768420592781816,1.0013515765929069,-0.8053722266526678,-0.7860171427731668,False,spread <= 0
S,0.5,dd_168,largo,49,-0.8785171148741979,0.599616084549798,0.08163265306122448,1.0,-0.0031567803088602127,0.43639433299272307,0.9991504495510881,-0.82206815299855,-0.8154152773297345,False,spread <= 0
S,0.5,dd_168 ~ sin roc_24,largo,49,-0.9144795140591716,0.6003257731706979,0.061224489795918366,1.0,-0.003267427639934854,0.42740227848922774,0.9663282801055959,-0.8697591194465226,-0.8732079910086336,False,spread <= 0
S,0.5,rango_168 ~ sin roc_24 [bajo],largo,49,-1.0060196232598622,0.648344713768706,0.04081632653061224,1.0,-0.0033054755781973,0.38879418565117363,0.9418718143730646,-0.6983008553392698,-0.908335211253898,False,spread <= 0
S,0.5,rango_168 [bajo],largo,49,-1.0790478072503136,0.6265533458264478,0.02040816326530612,1.0,-0.003146998649469693,0.3368805507626951,0.9302088401629212,-0.986819723455102,-0.9836204863099668,False,spread <= 0
S,0.5,vol_24 ~ sin roc_24 [bajo],largo,49,-1.0797472232844756,0.5980458439968198,0.02040816326530612,1.0,-0.003090044698855047,0.3468910633623152,0.9231692861869688,-0.7268328136775167,-1.0654673691066203,False,spread <= 0
S,0.5,vol_168 ~ sin roc_24 [bajo],largo,49,-1.1232336324675498,0.6471346058461046,0.02040816326530612,1.0,-0.0030114147703794816,0.33930550122951975,0.9539631269896608,-1.032147689943342,-1.1128565083674724,False,spread <= 0
S,0.5,atr_24 ~ sin roc_24 [bajo],largo,49,-1.1511368563840034,0.6641543668355154,0.02040816326530612,1.0,-0.0034838230940192083,0.3283803359961999,0.9230769230777804,-0.791087124874144,-1.0621358810104604,False,spread <= 0
S,0.5,vol_24 [bajo],largo,49,-1.1511773915613637,0.6283920601240189,0.02040816326530612,1.0,-0.0032903975290861057,0.3206144812204306,0.9017266412046263,-0.7605572360443943,-1.0522099386535757,False,spread <= 0
S,0.5,atr_24 [bajo],largo,49,-1.166612995234767,0.6419776749226455,0.02040816326530612,1.0,-0.003264399807617775,0.31981627989543154,0.9072023334591331,-0.7791386113917809,-1.06346552110121,False,spread <= 0
S,0.5,vol_168 [bajo],largo,49,-1.171021398114744,0.6115166774914486,0.02040816326530612,1.0,-0.0032792308213615007,0.3231642380616835,0.9406819493720684,-1.0684772036925096,-1.1525191807218818,False,spread <= 0
S,0.5,roc_168,magnitud,49,3.191729261030049,2.3682644995061564,0.9591836734693877,0.0,0.04505484585298843,1.5827934703993802,1.30726548707436,2.7435611636401194,2.823700497829119,True,SOBREVIVE
S,0.5,n_surge,magnitud,49,3.128788673758277,2.1404521037822666,1.0,0.0,0.036572118223771446,1.3442144184249072,1.2542492637704976,2.7219296206133374,3.0082852126837243,True,SOBREVIVE
S,0.5,turnover,magnitud,49,3.1257725608362357,2.1156011842985567,1.0,0.0,0.03363222987476867,1.3086292625146685,1.237639259529282,2.620764952159016,2.9326025888238387,True,SOBREVIVE
S,0.5,roc_72,magnitud,49,2.9049118999922396,2.2502538108033088,0.9795918367346939,0.0,0.045142125504477715,1.6152623567876083,1.3474642718406753,2.7562339220583363,2.8803440666758022,True,SOBREVIVE
S,0.5,vol_24,magnitud,49,2.841934689267543,1.8149670899836072,0.9387755102040817,0.0,0.06580323986438888,2.1170511874748845,1.5696964616627715,2.6399093567325047,2.765767068149544,True,SOBREVIVE
S,0.5,atr_24,magnitud,49,2.7907621481682368,1.8010625924983479,0.9387755102040817,0.0,0.06787012742663848,2.1431258800514517,1.6025085129457153,2.607912003003029,2.725067471758958,True,SOBREVIVE
S,0.5,compresion,magnitud,49,2.734990895654193,2.110776340755285,0.9795918367346939,0.0,0.028228388716487945,1.5261930649642084,1.421630017553619,2.368766995263191,2.599833510265056,True,SOBREVIVE
S,0.5,roc_24,magnitud,49,2.510882906582171,1.5668225517347891,0.9795918367346939,0.0,0.04080501076645359,1.472921458807931,1.2583333422129952,2.317085962618252,2.4134197183502897,True,SOBREVIVE
S,0.5,roc_168 ~ sin roc_24,magnitud,49,2.3899933098595647,2.2158089899927176,0.9591836734693877,0.0,0.036386373778393294,1.4987797939547227,1.2384669004131246,1.9480159470104554,2.0469531207138822,True,SOBREVIVE
S,0.5,turnover ~ sin roc_24,magnitud,49,2.3029577505652066,1.8406928867285148,0.9795918367346939,0.0,0.02682929689573587,1.3112389472452664,1.174743742046648,1.7795822727000767,2.0840928961166587,True,SOBREVIVE
S,0.5,vol_24 ~ sin roc_24,magnitud,49,2.2768087700764745,1.5968599972616948,0.9387755102040817,0.0,0.05762621932552276,1.9941560183302458,1.4804774120533373,2.071713582343434,2.2021151354571407,True,SOBREVIVE
S,0.5,rango_168,magnitud,49,2.2511164387382037,1.7298700311125663,0.9183673469387755,0.0,0.057789757249114414,1.7655421494977737,1.2415734072006104,2.0886914522975215,2.1918732277296846,True,SOBREVIVE
S,0.5,n_surge ~ sin roc_24,magnitud,49,2.2434477121513194,1.700309778023332,0.9795918367346939,0.0,0.029966328142779046,1.3342433139609124,1.189352570836563,2.0392955270798048,2.1173999292715266,True,SOBREVIVE
S,0.5,atr_24 ~ sin roc_24,magnitud,49,2.2263881315089735,1.5474550289164775,0.9387755102040817,0.0,0.05944385522327848,2.056263740084684,1.5140354249949524,2.089228252065662,2.1880639110827325,True,SOBREVIVE
S,0.5,vol_168,magnitud,49,2.1998931282621927,1.6408367887879025,0.9183673469387755,0.0,0.06114009501033468,1.870641195939027,1.2629584984089588,2.0181561908255623,2.133161052438973,True,SOBREVIVE
S,0.5,compresion ~ sin roc_24,magnitud,49,2.110506242322919,2.204416396014019,0.9591836734693877,0.0,0.015768708574291555,1.434514085401638,1.3648818681820736,1.5812817924992173,1.752244659672603,True,SOBREVIVE
S,0.5,rango_168 ~ sin roc_24,magnitud,49,2.085094487929472,1.6689782036967051,0.8775510204081632,0.0,0.05472975966177519,1.7170195894402431,1.2391380217182593,1.9191260430870272,2.0274153181669394,True,SOBREVIVE
S,0.5,vol_168 ~ sin roc_24,magnitud,49,1.9975055499182364,1.627846781498482,0.8775510204081632,0.0,0.057061713332043365,1.8222927682746684,1.2469777349909288,1.8095382047758866,1.942674419606004,True,SOBREVIVE
S,0.5,roc_72 ~ sin roc_24,magnitud,49,1.9338262701485844,1.954316129192834,0.9387755102040817,0.0,0.031421052755164436,1.463451762599735,1.2387587165567897,1.5817986562987816,1.7865598956554836,True,SOBREVIVE
S,0.5,roc_720,magnitud,49,1.8506455820801992,2.0464954806389555,0.8571428571428571,0.0,0.0346540063380395,1.4245139449765345,1.0716489880518114,1.2938208595196325,1.4659232485086324,True,SOBREVIVE
S,0.5,dd_168 ~ sin roc_24 [bajo],magnitud,49,1.5134929607388434,1.3706601669482603,0.8775510204081632,0.0,0.043993541333545105,1.4856931900432817,1.0814507696560065,1.3907871354921901,1.4764499197070289,True,SOBREVIVE
S,0.5,pos_168,magnitud,49,1.4199523695919227,1.259195598619831,0.9183673469387755,0.0,0.012621625641126559,1.1101811923930438,1.093367501519218,1.284718314215205,1.3586161281394313,True,SOBREVIVE
S,0.5,roc_720 ~ sin roc_24,magnitud,49,1.3980984408039379,1.9990173835647604,0.7755102040816326,0.0,0.03108645843105138,1.4033989839075816,1.048680047689507,0.837788273811651,1.019168951849136,True,SOBREVIVE
S,0.5,dd_720,magnitud,49,0.9865469835936949,2.401647894231594,0.6326530612244898,0.0,-0.0315166319131769,0.4356369054033654,1.0249282435210754,0.501695035810163,0.655388350843792,True,ARTEFACTO DE ESCALA (atr_ratio 0.44)
S,0.5,dd_168 [bajo],magnitud,49,0.9582762789616825,1.1097547142315278,0.8367346938775511,0.0,0.03691446630901909,1.4552409963280486,1.064347028185922,0.8405796151741959,0.9008159659195334,True,SOBREVIVE
S,0.5,ticket_rel,magnitud,49,0.8971589494623097,1.9779994624998798,0.6938775510204082,0.0,-0.0005921266443892231,0.9890673117387759,0.9898078702895867,0.36971086509819956,0.7164429013532005,True,ARTEFACTO DE ESCALA (atr_ratio 0.99)
S,0.5,pos_168 ~ sin roc_24 [bajo],magnitud,49,0.7855086914214109,1.9138381845183625,0.7755102040816326,0.0,0.007805326782567634,1.0201711764924295,0.9371281229253009,0.3355341598997101,0.3911031900462218,True,SOBREVIVE
S,0.5,dd_168,magnitud,49,0.7751881689478192,2.4839717031563078,0.46938775510204084,0.0045,-0.034237057304236075,0.43639433299272307,0.9991504495510881,0.16683243700673114,0.3462921123269811,True,ARTEFACTO DE ESCALA (atr_ratio 0.44)
S,0.5,ticket_rel ~ sin roc_24,magnitud,49,0.7730264970288973,1.9993193693064288,0.673469387755102,0.0,-0.0017799839079398613,0.9903468999027799,0.9884698254505324,0.22153644827074032,0.5923879177071782,True,ARTEFACTO DE ESCALA (atr_ratio 0.99)
S,0.5,dd_720 ~ sin roc_24,magnitud,49,0.6650707015466159,2.393338486955023,0.5306122448979592,0.0105,-0.036182858372501715,0.44768420592781816,1.0013515765929069,-0.01743283845822579,0.2344115408080536,True,ARTEFACTO DE ESCALA (atr_ratio 0.45)
S,0.5,turnover ~ sin roc_24 [bajo],magnitud,49,0.6093905994092702,1.1531061132107525,0.7346938775510204,0.0,0.014288332894822373,1.1685982125960295,1.0287165018872955,0.405467434125115,0.4756827303213328,True,SOBREVIVE
S,0.5,n_surge ~ sin roc_24 [bajo],magnitud,49,0.5331778140958641,1.0957269653051054,0.7142857142857143,0.0,0.01533706136018492,1.178146015343213,1.0188079041275255,0.330898090618025,0.3946354877923777,True,SOBREVIVE
S,0.5,desbal_24,magnitud,49,0.5192527327725898,1.9004887602205487,0.6326530612244898,0.009,-0.007836745353923659,0.9162285218053726,0.9678989847335187,0.14561460616147737,0.37235266960760954,True,ARTEFACTO DE ESCALA (atr_ratio 0.92)
S,0.5,pos_168 ~ sin roc_24,magnitud,49,0.49620357100493295,1.113138315514353,0.7551020408163265,0.0,-0.0008409132265933678,1.034107457478964,1.0439589692654425,0.3882791566073579,0.4235322591305213,True,ARTEFACTO DE ESCALA (atr_ratio 1.03)
S,0.5,roc_24 [bajo],magnitud,49,0.49530066639216846,1.4722824442054523,0.6938775510204082,0.0005,0.01737701080502145,1.2873244566208846,1.0467529599834928,0.27840359354393407,0.32706442323844453,True,SOBREVIVE
S,0.5,vol_168 ~ sin roc_24 [bajo],magnitud,49,0.3863742076214151,2.407482627709118,0.3469387755102041,0.111,-0.04998492917804525,0.33930550122951975,0.9539631269896608,-0.35993140412612895,-0.05098211803033085,False,ARTEFACTO DE ESCALA (atr_ratio 0.34)
S,0.5,vol_24 ~ sin roc_24 [bajo],magnitud,49,0.38296654263371466,2.2814261425342752,0.3469387755102041,0.1005,-0.04591816148228057,0.3468910633623152,0.9231692861869688,-0.31411988334367424,-0.053669739520721904,False,ARTEFACTO DE ESCALA (atr_ratio 0.35)
S,0.5,dd_168 ~ sin roc_24,magnitud,49,0.3653842796665798,2.326515879688441,0.32653061224489793,0.122,-0.041086442931045124,0.42740227848922774,0.9663282801055959,-0.2570537748213105,-0.0012851893517731169,False,ARTEFACTO DE ESCALA (atr_ratio 0.43)
S,0.5,compresion ~ sin roc_24 [bajo],magnitud,49,0.3599415274776195,1.1071859591795064,0.6530612244897959,0.007,0.006179666105926395,0.961326425720911,0.868228617652849,0.25487649992086764,0.3043768928971331,True,SOBREVIVE
S,0.5,desbal_24 ~ sin roc_24,magnitud,49,0.3508400402482818,1.837755697525067,0.4897959183673469,0.064,-0.010030979812642287,0.9050745816359025,0.9612696120129661,-0.03416308937072899,0.21521731954668455,False,ARTEFACTO DE ESCALA (atr_ratio 0.91)
S,0.5,atr_24 ~ sin roc_24 [bajo],magnitud,49,0.3362356597455794,2.3442914851850745,0.32653061224489793,0.1435,-0.049444381047299264,0.3283803359961999,0.9230769230777804,-0.35009865003468116,-0.07410124473438844,False,ARTEFACTO DE ESCALA (atr_ratio 0.33)
S,0.5,CONTROL azar 1,magnitud,49,0.3269402983520374,1.866087370211623,0.40816326530612246,0.0915,0.0014633067726569147,1.012852492522952,0.9724589718320977,-0.05421496459374582,0.1748404660726297,False,control
S,0.5,roc_72 ~ sin roc_24 [bajo],magnitud,49,0.28803928633837467,0.8699710488048176,0.6938775510204082,0.0095,0.019674947007633954,1.2185278953402792,0.9929270950312847,0.20901656289289527,0.24552642202424993,True,SOBREVIVE
S,0.5,rango_168 ~ sin roc_24 [bajo],magnitud,49,0.27742165656945833,2.3478308225742137,0.32653061224489793,0.2025,-0.04598164533605285,0.38879418565117363,0.9418718143730646,-0.44531450519382393,-0.13433989190027473,False,ARTEFACTO DE ESCALA (atr_ratio 0.39)
S,0.5,desbal_168 ~ sin roc_24 [bajo],magnitud,49,0.2586250663620107,2.1172080873498667,0.3877551020408163,0.201,-0.009937420196112445,0.907686319460979,0.9420390456058523,-0.2575892226512964,-0.11410517921654187,False,ARTEFACTO DE ESCALA (atr_ratio 0.91)
S,0.5,desbal_168,magnitud,49,0.24318501798739514,1.472421191456021,0.5306122448979592,0.103,-0.009158686909111207,0.911815103454381,0.9868949263323112,-0.06529133369115145,0.010065022492023996,False,ARTEFACTO DE ESCALA (atr_ratio 0.91)
S,0.5,roc_720 ~ sin roc_24 [bajo],magnitud,49,0.2059523273923521,0.7759625717967931,0.6326530612244898,0.029,0.01654169963345995,1.166051561039876,0.9745296355114776,0.13124296409493844,0.17313289643205096,False,muere en la correccion (FDR q=0.1)
S,0.5,desbal_168 [bajo],magnitud,49,0.2046554788280254,2.1466131283239065,0.32653061224489793,0.2715,-0.010467724553695145,0.9088586669183679,0.9403536532385897,-0.3062945199351957,-0.17162942940008463,False,ARTEFACTO DE ESCALA (atr_ratio 0.91)
S,0.5,dd_720 ~ sin roc_24 [bajo],magnitud,49,0.20338570197557843,0.8906746183689822,0.5918367346938775,0.053,0.029474251526600402,1.2828867307230085,0.9284872263154007,0.10584804410674693,0.15583061138208107,False,muere en la correccion (FDR q=0.1)
S,0.5,vol_168 [bajo],magnitud,49,0.16958841152280482,2.4655497777775235,0.32653061224489793,0.323,-0.05413809880588368,0.3231642380616835,0.9406819493720684,-0.5868678487902126,-0.2753163369746168,False,ARTEFACTO DE ESCALA (atr_ratio 0.32)
S,0.5,desbal_168 ~ sin roc_24,magnitud,49,0.1589513239130087,1.4509890044713172,0.4489795918367347,0.2315,-0.01040553176295,0.9067099876926311,0.9822114705698197,-0.1325018123118788,-0.06454841876770123,False,ARTEFACTO DE ESCALA (atr_ratio 0.91)
S,0.5,ticket_rel ~ sin roc_24 [bajo],magnitud,49,0.11759775648450153,1.8466979843154097,0.2857142857142857,0.3725,-0.006575845026572869,0.9278294348440446,0.9458758522747376,-0.17303755005637353,-0.03442021867775859,False,ARTEFACTO DE ESCALA (atr_ratio 0.93)
S,0.5,rango_168 [bajo],magnitud,49,0.09556056393814057,2.418309644244746,0.2857142857142857,0.4065,-0.05150759963547069,0.3368805507626951,0.9302088401629212,-0.6342569859442805,-0.3305329034803598,False,ARTEFACTO DE ESCALA (atr_ratio 0.34)
S,0.5,atr_24 [bajo],magnitud,49,0.09278146139849544,2.4385178796160334,0.30612244897959184,0.4175,-0.05412404037127301,0.31981627989543154,0.9072023334591331,-0.6405880098612934,-0.34014623886005924,False,ARTEFACTO DE ESCALA (atr_ratio 0.32)
S,0.5,roc_168 ~ sin roc_24 [bajo],magnitud,49,0.05396295540132094,0.8145864266469501,0.5714285714285714,0.3165,0.01801445772046001,1.1922578344185972,0.9593965558289408,-0.04195803015074829,0.011565929980577334,False,dentro del MDE del azar (±0.122)
S,0.5,pos_168 [bajo],magnitud,49,0.026582647906828086,1.3384619983822963,0.42857142857142855,0.489,0.003086437069248913,1.0498487364722373,0.9294881331461031,-0.23444556590189589,-0.1885283407225393,False,dentro del MDE del azar (±0.122)
S,0.5,vol_24 [bajo],magnitud,49,0.025229706962223465,2.428738020985934,0.2653061224489796,0.501,-0.053261090727926085,0.3206144812204306,0.9017266412046263,-0.7150529608522306,-0.4080053834798638,False,ARTEFACTO DE ESCALA (atr_ratio 0.32)
S,0.5,CONTROL azar 2,magnitud,49,0.01332676778333092,1.082688336552013,0.42857142857142855,0.4905,0.0011961031740544393,1.0056198723800278,0.976551330250115,-0.17758647975913475,-0.11041997574096125,False,control
S,0.5,ticket_rel [bajo],magnitud,49,0.0041411909360479105,1.766768071390028,0.24489795918367346,0.5405,-0.007834980782095045,0.9237429980151168,0.939055512307218,-0.313095478621196,-0.16928587810547155,False,ARTEFACTO DE ESCALA (atr_ratio 0.92)
S,0.5,compresion [bajo],magnitud,49,-0.01623896156362516,1.1369181856582342,0.4489795918367347,1.0,0.0015270712899228668,0.9620189091955895,0.8595795959699797,-0.10996231547495579,-0.06572689009293564,False,spread <= 0
S,0.5,desbal_24 ~ sin roc_24 [bajo],magnitud,49,-0.055723275288859314,1.7887634686574583,0.24489795918367346,1.0,-0.01414507991978368,0.8949668147583965,0.9310548269517727,-0.41797667395834703,-0.2855154459943894,False,spread <= 0
S,0.5,dd_720 [bajo],magnitud,49,-0.07090459258455183,0.884474450515923,0.46938775510204084,1.0,0.026540079069525553,1.2758744576401373,0.9234320720879212,-0.16542225045603032,-0.11499159741936893,False,spread <= 0
S,0.5,roc_72 [bajo],magnitud,49,-0.09094748030982794,0.7803380386267575,0.46938775510204084,1.0,0.015755387346649358,1.1843600577247122,0.9671682409298441,-0.14968626177424021,-0.11220116794149973,False,spread <= 0
S,0.5,desbal_24 [bajo],magnitud,49,-0.11564660556515818,1.7670807282608163,0.22448979591836735,1.0,-0.014601670569796553,0.8928301865290992,0.9286948052798287,-0.4931574447779762,-0.35365822940174396,False,spread <= 0
S,0.5,CONTROL azar 3,magnitud,49,-0.14071838713876667,0.8112903652888219,0.2653061224489796,1.0,-0.0008721923264093832,1.0021217913107303,0.969272726162594,-0.2660171557924761,-0.19476578332784955,False,control
S,0.5,roc_720 [bajo],magnitud,49,-0.14376238149917553,0.7519723146364761,0.40816326530612246,1.0,0.013501042140537054,1.1417787250991212,0.9527856362566118,-0.19582419859931025,-0.17318297121632412,False,spread <= 0
S,0.5,desbal ~ sin roc_24 [bajo],magnitud,49,-0.15321772237591735,1.6618507978320478,0.24489795918367346,1.0,-0.012513867614940962,0.9181805302098284,0.9424187747989949,-0.38691795827537645,-0.3229529005980932,False,spread <= 0
S,0.5,desbal [bajo],magnitud,49,-0.1544510361547207,1.6468383572760246,0.22448979591836735,1.0,-0.012553234724627785,0.9173453635498624,0.9425083191365851,-0.3853594732420885,-0.32343609541532076,False,spread <= 0
S,0.5,desbal,magnitud,49,-0.1697811868161491,1.2863148698036768,0.1836734693877551,1.0,-0.010884902878270306,0.9198720185466138,0.9345701174133727,-0.30427833612729666,-0.2728412019398667,False,spread <= 0
S,0.5,desbal ~ sin roc_24,magnitud,49,-0.2397341948069487,1.2997260316097625,0.12244897959183673,1.0,-0.01180154014361714,0.9183540828367465,0.9328965296219869,-0.4607688292135199,-0.34102911867819263,False,spread <= 0
S,0.5,roc_168 [bajo],magnitud,49,-0.3468262066900764,0.8302804499400513,0.32653061224489793,1.0,0.013363368205779016,1.1597033366359748,0.9358903684440683,-0.4271678532738281,-0.38173474128609763,False,spread <= 0
S,0.5,turnover [bajo],magnitud,49,-0.35693727934500663,1.5976886960517651,0.1836734693877551,1.0,-0.005735338115203738,0.9498136207227619,0.9012447755328208,-0.6731635278032931,-0.5249232086853198,False,spread <= 0
S,0.5,n_surge [bajo],magnitud,49,-0.35714514747246084,1.3281615519071872,0.20408163265306123,1.0,-0.002851505915734885,0.9873680658980787,0.8961350901877567,-0.5798199762685982,-0.5395077340079819,False,spread <= 0
