ranking,objetivo,semanas,spread,sd_sem,sem_ok,p,spread_crudo,atr_ratio,atr_propio,sin_top3,sin_top1,fdr_ok,veredicto
beta_T10 x d_T10 ~ sin roc_168 [bajo],corto,194,0.33047243726441644,2.2063079903751532,0.6030927835051546,0.021,0.003856724949292497,1.0865382066171003,0.8168270996795888,0.28599892383916325,0.29377085834540084,False,muere en la correccion (FDR q=0.1)
beta_T10 x d_T10 [bajo],corto,194,0.3268651909804558,2.1242280688410027,0.5824742268041238,0.018,0.0039978447583939375,1.0717037810031536,0.8060054256183725,0.2635646712534238,0.29315254540757973,False,muere en la correccion (FDR q=0.1)
CTRL roc_168 [bajo],corto,203,0.18055385630518891,1.8879283962947517,0.5270935960591133,0.0775,0.001889103720262134,1.0280180743791267,0.7501193470882742,0.11594991147067835,0.1600592858804898,False,muere en la correccion (FDR q=0.1)
beta_T10 ~ sin roc_168,corto,195,0.11678208239484132,2.1731353708814245,0.5384615384615384,0.2245,0.001563441354918174,1.0780644287072028,0.8192453726777058,0.016962538611638458,0.0795793994220473,False,dentro del MDE del azar (±0.362)
CONTROL azar 3,corto,203,0.09583608192937217,1.6822793275436843,0.541871921182266,0.214,4.278802381176395e-05,1.0090925557494745,0.8082914582890363,0.04162864608526616,0.07255570296406003,False,control
beta_T10,corto,195,0.09111412451681812,2.2309371308969523,0.49230769230769234,0.287,0.0016735252737564684,1.0718005794965075,0.8193324815643175,0.022660746324369384,0.06083414274663507,False,dentro del MDE del azar (±0.362)
beta_ORO x d_ORO,corto,194,0.08414800032146846,1.8954882753467759,0.5,0.2835,0.0021432886580695287,1.0794003363158573,0.8229941647206206,0.014261473882036076,0.08206146397833654,False,dentro del MDE del azar (±0.362)
beta_ORO x d_ORO ~ sin roc_168,corto,194,0.05246578065666058,1.789345147413862,0.4639175257731959,0.3675,0.0016617086464491685,1.063394966611767,0.8189356331895792,-0.019667084078419956,0.005154728246268629,False,dentro del MDE del azar (±0.362)
beta_ORO ~ sin roc_168,corto,195,-0.04974684840146954,1.9283794483210381,0.48205128205128206,1.0,-0.0007193968686330966,1.0515677261514265,0.8098723530805416,-0.1163612586720859,-0.09925114747139589,False,spread <= 0
beta_DXY x d_DXY ~ sin roc_168 [bajo],corto,194,-0.05571045599320492,2.3886045969247993,0.5051546391752577,1.0,0.0003399329466549205,1.06206721723903,0.803906445814497,-0.12010595324099675,-0.09636428185591356,False,spread <= 0
beta_ORO,corto,195,-0.07630421443506373,2.0883948005676363,0.49743589743589745,1.0,-0.0007436887726097671,1.0537426030150416,0.80801087395259,-0.14909156567958287,-0.08715235574627721,False,spread <= 0
beta_DXY,corto,195,-0.07702430528311321,2.219271791295703,0.4461538461538462,1.0,-0.0017153668141254399,0.958566119585955,0.8118630166146388,-0.19718803305455077,-0.09553260503940311,False,spread <= 0
beta_T10 [bajo],corto,195,-0.09257621688207605,2.1497583038871846,0.5384615384615384,1.0,-0.0003928653067150113,1.0862827246931925,0.8043463230589678,-0.1581017934569659,-0.10213677095173003,False,spread <= 0
beta_DXY ~ sin roc_168 [bajo],corto,195,-0.11163098034980846,2.374486640701432,0.517948717948718,1.0,-0.0006713296608210456,1.1091280166174078,0.8056415272118198,-0.14952668015521078,-0.12383397024190755,False,spread <= 0
beta_DXY x d_DXY [bajo],corto,194,-0.12107357372864724,2.417837227335853,0.4742268041237113,1.0,-0.0009583006235565009,1.0453967542685216,0.7996427840837306,-0.22531401049095282,-0.15551929130020214,False,spread <= 0
beta_T10 ~ sin roc_168 [bajo],corto,195,-0.12175510386117636,2.1486511247836027,0.5025641025641026,1.0,-0.0009401834965403728,1.0794248604664063,0.8074544314278855,-0.19849256053309672,-0.1553691048096484,False,spread <= 0
beta_DXY ~ sin roc_168,corto,195,-0.12593595194164933,2.097121931041622,0.4512820512820513,1.0,-0.002040121095108646,0.9759230254233353,0.8122969926741049,-0.16455597797392363,-0.13641521662847259,False,spread <= 0
beta_DXY x d_DXY ~ sin roc_168,corto,194,-0.1329096185559629,2.033698734065235,0.4690721649484536,1.0,-0.0026384152382193152,1.022334107315663,0.8104049726972005,-0.1842526439741749,-0.1409740331532659,False,spread <= 0
CTRL atr_24,corto,203,-0.1480537535284486,2.7344195795462447,0.4975369458128079,1.0,-0.0017813771696617569,1.766078985511015,1.1164223969756288,-0.17952495280581976,-0.1560889452482393,False,spread <= 0
beta_NDX ~ sin roc_168,corto,195,-0.15785371977349008,2.020586904676538,0.5333333333333333,1.0,-0.0018422990872712759,1.117298681706594,0.8003486631669704,-0.2529366734771342,-0.2013544753801691,False,spread <= 0
beta_ORO [bajo],corto,195,-0.2032411275659052,1.9982859767435712,0.4564102564102564,1.0,-0.0028427655215147963,1.0726058002962737,0.8228971645666796,-0.2165654768394029,-0.20806257919474042,False,spread <= 0
beta_ORO ~ sin roc_168 [bajo],corto,195,-0.20738011737083475,1.993659232208041,0.441025641025641,1.0,-0.003013198492315584,1.0722145891040291,0.8228971645666796,-0.25592786417548796,-0.2099766181869477,False,spread <= 0
CONTROL azar 1,corto,203,-0.2196841028760279,2.0546629682256947,0.4729064039408867,1.0,-0.001357675215995373,1.0092309527053107,0.8101588074335823,-0.26503756517849286,-0.24216992336629392,False,control
beta_NDX,corto,195,-0.22296694478504953,2.109536186352159,0.5384615384615384,1.0,-0.003104587140785633,1.1321677907188332,0.80419364509919,-0.29862448261603847,-0.22808728282101115,False,spread <= 0
beta_DXY x d_DXY,corto,194,-0.23013836954913902,2.1084332784008786,0.4536082474226804,1.0,-0.004483830969529687,1.0285426131262092,0.8154680440684474,-0.28124149216219746,-0.22088046247182905,False,spread <= 0
beta_ORO x d_ORO ~ sin roc_168 [bajo],corto,194,-0.23958308945404855,1.9980553187767516,0.4639175257731959,1.0,-0.004776331359139792,1.057332168694601,0.8110650153927361,-0.2877433747329116,-0.26039993177268017,False,spread <= 0
beta_T10 x d_T10,corto,194,-0.24625939380403916,2.05981813912987,0.4536082474226804,1.0,-0.0020050593660214736,1.085159367951078,0.8157686967602475,-0.3322222201835433,-0.2712157431631619,False,spread <= 0
beta_NDX x d_NDX [bajo],corto,194,-0.24716828528772236,2.195102316555875,0.4742268041237113,1.0,-0.004425505960424977,0.9257300212793215,0.7997564446633993,-0.2972911616193376,-0.24883905110920748,False,spread <= 0
beta_NDX x d_NDX ~ sin roc_168 [bajo],corto,194,-0.2479102200963832,2.1275892869826145,0.4329896907216495,1.0,-0.004337935233131195,0.9397661330044849,0.8078913900596387,-0.32026347800330685,-0.2751360736868937,False,spread <= 0
beta_VIX x d_VIX [bajo],corto,195,-0.25025457135163803,2.2274180632310427,0.4256410256410256,1.0,-0.0021014589701673263,0.9340747178614087,0.8001003669847204,-0.2815188909610562,-0.2813544302026765,False,spread <= 0
beta_T10 x d_T10 ~ sin roc_168,corto,194,-0.25339566676176284,1.9059059600800892,0.44329896907216493,1.0,-0.0025247303362469034,1.0697278653879676,0.8107870897005536,-0.3351922991203869,-0.3011743004605632,False,spread <= 0
CONTROL azar 2,corto,203,-0.27587356870995083,1.7501393679378077,0.43842364532019706,1.0,-0.0009309910538745081,0.9911653813172115,0.7983578659045102,-0.2326941696518055,-0.2741778176463346,False,control
beta_VIX,corto,195,-0.28466115834027467,2.7646011181460373,0.40512820512820513,1.0,-0.0014978658129834244,0.7567552462659907,0.8006193936638284,-0.35470235919617554,-0.2862570541590079,False,spread <= 0
CTRL roc_24,corto,203,-0.2901922852679449,2.624041641648538,0.5123152709359606,1.0,-0.003876710292504033,1.3013586288623065,0.9846977221472808,-0.3835723049404712,-0.3378202770111286,False,spread <= 0
beta_ORO x d_ORO [bajo],corto,194,-0.29379924398787505,2.057666939179469,0.4587628865979381,1.0,-0.005111016999467868,1.0439061143043904,0.8018051709450401,-0.3097692612992089,-0.29360434035242905,False,spread <= 0
beta_NDX x d_NDX,corto,194,-0.2952549159203016,2.6443979901101033,0.5,1.0,-0.0010034688928033796,0.9863821497209445,0.813572039197104,-0.3597882836035753,-0.30853849591718946,False,spread <= 0
beta_VIX ~ sin roc_168 [bajo],corto,195,-0.2964281743507466,1.8914755617257308,0.48717948717948717,1.0,-0.00402802926765391,1.1454434501427464,0.8144084553815018,-0.35907654659605515,-0.31748288491106436,False,spread <= 0
beta_NDX x d_NDX ~ sin roc_168,corto,194,-0.32014673187983794,2.5157904701866993,0.4948453608247423,1.0,-0.00164649580615422,0.9878765837756566,0.8052640522507758,-0.37933224644044855,-0.340210706679937,False,spread <= 0
beta_DXY [bajo],corto,195,-0.325952463114512,2.3592321153340556,0.47692307692307695,1.0,-0.0041055115348671,1.1165730264947837,0.8071150321373483,-0.35923871484250885,-0.3344896315858274,False,spread <= 0
beta_VIX x d_VIX ~ sin roc_168 [bajo],corto,195,-0.34377911745285766,2.2351526245388675,0.46153846153846156,1.0,-0.002959478253779142,0.9544590191515274,0.819796900568716,-0.4180925280873269,-0.3724624806408229,False,spread <= 0
beta_VIX x d_VIX ~ sin roc_168,corto,195,-0.3555088990221213,2.3673737185573076,0.4666666666666667,1.0,-0.003842581613548969,0.9747428312831097,0.8048949724045488,-0.3892748832545736,-0.3877027911401578,False,spread <= 0
beta_VIX [bajo],corto,195,-0.3825369081400233,1.9576568505399583,0.4461538461538462,1.0,-0.0055228999152779745,1.1519026746689722,0.8124498215301313,-0.4153919988728988,-0.4023988130999079,False,spread <= 0
beta_NDX [bajo],corto,195,-0.3827037387077316,2.7855365022159235,0.4307692307692308,1.0,-0.0031789481181870435,0.7791046011888275,0.811735898297096,-0.44445229242803413,-0.4165295768722499,False,spread <= 0
beta_VIX ~ sin roc_168,corto,195,-0.4028598421242323,2.648973741118115,0.441025641025641,1.0,-0.0027740305996742016,0.7837584002918907,0.8101016561838261,-0.43906287148086315,-0.42044574055218015,False,spread <= 0
beta_VIX x d_VIX,corto,195,-0.41694349512865975,2.5504703036058176,0.4256410256410256,1.0,-0.0049193067580940745,0.974583203073554,0.8132781476078259,-0.44336344878122913,-0.4414792677951323,False,spread <= 0
beta_NDX ~ sin roc_168 [bajo],corto,195,-0.4761497546160577,2.6814330226114564,0.38974358974358975,1.0,-0.004990812358040528,0.8098259781851291,0.8131149272644234,-0.5374871941526297,-0.4976130799056113,False,spread <= 0
beta_VIX [bajo],largo,195,0.10134372358681998,1.9489521854612497,0.4666666666666667,0.233,0.0015228999152779726,1.1519026746689722,0.8124498215301313,0.01052316089468444,0.06559503225530956,False,dentro del MDE del azar (±0.363)
beta_NDX ~ sin roc_168 [bajo],largo,195,0.06054133810658169,2.6575751596066652,0.5230769230769231,0.3615,0.0009908123580405256,0.8098259781851291,0.8131149272644234,-0.13687776045984448,0.008830682503031814,False,dentro del MDE del azar (±0.363)
beta_VIX x d_VIX,largo,195,0.05797476046508669,2.509045461705785,0.5128205128205128,0.3675,0.0009193067580940714,0.974583203073554,0.8132781476078259,-0.11113415351957744,-0.01293530124906785,False,dentro del MDE del azar (±0.363)
beta_DXY [bajo],largo,195,0.037775978330907914,2.349192148255142,0.4564102564102564,0.4285,0.00010551153486709778,1.1165730264947837,0.8071150321373483,-0.12844395775952633,-0.03536263108128959,False,dentro del MDE del azar (±0.363)
beta_VIX ~ sin roc_168 [bajo],largo,195,0.01393818359803273,1.8894036626324224,0.441025641025641,0.4775,2.8029267653906517e-05,1.1454434501427464,0.8144084553815018,-0.09541485554401635,-0.037225979206448094,False,dentro del MDE del azar (±0.363)
beta_VIX x d_VIX ~ sin roc_168,largo,195,0.001673535780243604,2.327957533257042,0.46153846153846156,0.517,-0.0001574183864510342,0.9747428312831097,0.8048949724045488,-0.1740843009117355,-0.06016962166672052,False,ARTEFACTO DE ESCALA (atr_ratio 0.97)
beta_ORO x d_ORO [bajo],largo,194,-0.012499099708592146,2.054290298903525,0.4639175257731959,1.0,0.001111016999467866,1.0439061143043904,0.8018051709450401,-0.16180252223677763,-0.0666521778516161,False,spread <= 0
CTRL roc_24,largo,203,-0.01282311032439153,2.6216593404224002,0.43349753694581283,1.0,-0.0001232897074959696,1.3013586288623065,0.9846977221472808,-0.127594051482897,-0.047702913099686044,False,spread <= 0
beta_VIX x d_VIX ~ sin roc_168 [bajo],largo,195,-0.015201167629872751,2.241186748572972,0.4717948717948718,1.0,-0.0010405217462208605,0.9544590191515274,0.819796900568716,-0.07057439077230294,-0.06395219408695164,False,spread <= 0
beta_NDX x d_NDX ~ sin roc_168,largo,194,-0.016690425808883826,2.49725903285633,0.42783505154639173,1.0,-0.0023535041938457825,0.9878765837756566,0.8052640522507758,-0.12255789830083759,-0.0531494848792386,False,spread <= 0
beta_VIX ~ sin roc_168,largo,195,-0.027465815447661895,2.621400325422977,0.49230769230769234,1.0,-0.0012259694003258009,0.7837584002918907,0.8101016561838261,-0.17986523908725188,-0.09610543376257634,False,spread <= 0
CONTROL azar 2,largo,203,-0.036189025664547354,1.7446621720533193,0.46798029556650245,1.0,-0.0030690089461254937,0.9911653813172115,0.7983578659045102,-0.18415082391560295,-0.1057491032012488,False,control
beta_NDX [bajo],largo,195,-0.04485936309688822,2.7594978130562593,0.49743589743589745,1.0,-0.0008210518818129589,0.7791046011888275,0.811735898297096,-0.22045858592402368,-0.11149845070666721,False,spread <= 0
beta_T10 x d_T10 ~ sin roc_168,largo,194,-0.045309382751467536,1.8976893141007696,0.4690721649484536,1.0,-0.0014752696637530995,1.0697278653879676,0.8107870897005536,-0.13938165772467254,-0.0840569903616837,False,spread <= 0
beta_NDX x d_NDX,largo,194,-0.048464401633211994,2.625068873940295,0.422680412371134,1.0,-0.0029965311071966224,0.9863821497209445,0.813572039197104,-0.18065383687904243,-0.09888850645658862,False,spread <= 0
beta_T10 x d_T10,largo,194,-0.052715073964754396,2.049754974742445,0.4845360824742268,1.0,-0.0019949406339785283,1.085159367951078,0.8157686967602475,-0.15664979873524548,-0.10609752377118684,False,spread <= 0
beta_NDX,largo,195,-0.05690280794371246,2.1103678309636207,0.37948717948717947,1.0,-0.0008954128592143689,1.1321677907188332,0.80419364509919,-0.16535961373460656,-0.09147982976965499,False,spread <= 0
beta_ORO x d_ORO ~ sin roc_168 [bajo],largo,194,-0.06431791234333648,2.002680481054113,0.4690721649484536,1.0,0.0007763313591397894,1.057332168694601,0.8110650153927361,-0.13498070620376126,-0.09340675175170539,False,spread <= 0
beta_DXY x d_DXY,largo,194,-0.0875366225280967,2.0995847988204064,0.4639175257731959,1.0,0.00048383096952968427,1.0285426131262092,0.8154680440684474,-0.18343824419695398,-0.1260119465537362,False,spread <= 0
CONTROL azar 1,largo,203,-0.08887180475635686,2.0470685653709686,0.45320197044334976,1.0,-0.0026423247840046296,1.0092309527053107,0.8101588074335823,-0.1584399275920534,-0.1274996466082318,False,control
beta_ORO ~ sin roc_168 [bajo],largo,195,-0.0956585793608988,1.9940125118660752,0.4666666666666667,1.0,-0.0009868015076844186,1.0722145891040291,0.8228971645666796,-0.20476859147006204,-0.13679005351664547,False,spread <= 0
beta_ORO [bajo],largo,195,-0.10072216481548339,1.9972415665583192,0.4461538461538462,1.0,-0.001157234478485206,1.0726058002962737,0.8228971645666796,-0.25559817307691163,-0.16262189938627844,False,spread <= 0
CTRL atr_24,largo,203,-0.10173784634835593,2.732364892527683,0.4433497536945813,1.0,-0.0022186228303382456,1.766078985511015,1.1164223969756288,-0.28102221700478497,-0.16221700693990737,False,spread <= 0
beta_VIX x d_VIX [bajo],largo,195,-0.10850479980936577,2.224405222931716,0.48717948717948717,1.0,-0.0018985410298326768,0.9340747178614087,0.8001003669847204,-0.22104092554899127,-0.16099563249832904,False,spread <= 0
beta_NDX x d_NDX ~ sin roc_168 [bajo],largo,194,-0.1098571792232072,2.114232489384151,0.4793814432989691,1.0,0.0003379352331311927,0.9397661330044849,0.8078913900596387,-0.2095093721118095,-0.1682762780976882,False,spread <= 0
beta_NDX x d_NDX [bajo],largo,194,-0.11431531719093303,2.1846372711362725,0.4484536082474227,1.0,0.00042550596042497437,0.9257300212793215,0.7997564446633993,-0.2008935893465059,-0.16064049278782225,False,spread <= 0
beta_NDX ~ sin roc_168,largo,195,-0.12342670580616862,2.022188328301684,0.38974358974358975,1.0,-0.0021577009127287266,1.117298681706594,0.8003486631669704,-0.21457047095516213,-0.17836342204296868,False,spread <= 0
beta_VIX,largo,195,-0.15187376293109908,2.725174756581571,0.5333333333333333,1.0,-0.002502134187016578,0.7567552462659907,0.8006193936638284,-0.2936076415280091,-0.24006013923007485,False,spread <= 0
beta_T10 ~ sin roc_168 [bajo],largo,195,-0.17358473557002543,2.135641717277069,0.41025641025641024,1.0,-0.0030598165034596302,1.0794248604664063,0.8074544314278855,-0.33357785142453017,-0.2321778440508575,False,spread <= 0
beta_DXY ~ sin roc_168 [bajo],largo,195,-0.17826418652356327,2.363375725313132,0.39487179487179486,1.0,-0.0033286703391789568,1.1091280166174078,0.8056415272118198,-0.3486368481783884,-0.23835814660662388,False,spread <= 0
beta_DXY x d_DXY ~ sin roc_168,largo,194,-0.18138496341803198,2.026297111261083,0.44329896907216493,1.0,-0.0013615847617806875,1.022334107315663,0.8104049726972005,-0.2449474450718462,-0.2262159287183742,False,spread <= 0
beta_DXY x d_DXY [bajo],largo,194,-0.18471386538329482,2.4136865941864376,0.4381443298969072,1.0,-0.003041699376443502,1.0453967542685216,0.7996427840837306,-0.2954541884416517,-0.22215342996527843,False,spread <= 0
beta_DXY ~ sin roc_168,largo,195,-0.2029767162908178,2.0956698753854384,0.4564102564102564,1.0,-0.0019598789048913567,0.9759230254233353,0.8122969926741049,-0.32081407231685144,-0.21910633254531303,False,spread <= 0
beta_T10 [bajo],largo,195,-0.2039304986808359,2.135430971041993,0.41025641025641024,1.0,-0.0036071346932849916,1.0862827246931925,0.8043463230589678,-0.3429231475761263,-0.26661204538084887,False,spread <= 0
beta_ORO,largo,195,-0.2259487478008813,2.0902945015913326,0.4461538461538462,1.0,-0.003256311227390235,1.0537426030150416,0.80801087395259,-0.3572135231883563,-0.261491127818022,False,spread <= 0
beta_DXY x d_DXY ~ sin roc_168 [bajo],largo,194,-0.24850240155858916,2.3832202797937616,0.4020618556701031,1.0,-0.004339932946654923,1.06206721723903,0.803906445814497,-0.411682474830672,-0.31250572680030836,False,spread <= 0
beta_ORO ~ sin roc_168,largo,195,-0.25235449017033745,1.9349406734854881,0.4564102564102564,1.0,-0.0032806031313669056,1.0515677261514265,0.8098723530805416,-0.3398861568842358,-0.28589697981916345,False,spread <= 0
beta_DXY,largo,195,-0.2583083303057859,2.2138734844870873,0.4512820512820513,1.0,-0.0022846331858745626,0.958566119585955,0.8118630166146388,-0.31896539739712676,-0.27316376639391493,False,spread <= 0
beta_ORO x d_ORO ~ sin roc_168,largo,194,-0.35381247539900623,1.7911347144645897,0.4484536082474227,1.0,-0.005661708646449172,1.063394966611767,0.8189356331895792,-0.4691493686854369,-0.4046678341037046,False,spread <= 0
beta_ORO x d_ORO,largo,194,-0.38417912000076115,1.9000087319985193,0.422680412371134,1.0,-0.006143288658069532,1.0794003363158573,0.8229941647206206,-0.43868453470483504,-0.41556301700611964,False,spread <= 0
beta_T10,largo,195,-0.3921466547999542,2.233904831391257,0.4256410256410256,1.0,-0.005673525273756472,1.0718005794965075,0.8193324815643175,-0.44174555696326273,-0.42360469669599415,False,spread <= 0
CONTROL azar 3,largo,203,-0.40407586723278394,1.6838141185562445,0.37438423645320196,1.0,-0.004042788023811767,1.0090925557494745,0.8082914582890363,-0.45316193502635915,-0.4081230503565701,False,control
beta_T10 ~ sin roc_168,largo,195,-0.4172305658837067,2.1769520962603974,0.38974358974358975,1.0,-0.005563441354918177,1.0780644287072028,0.8192453726777058,-0.5280424374609964,-0.4769788536817922,False,spread <= 0
CTRL roc_168 [bajo],largo,203,-0.46940466311658213,1.896148396243823,0.3842364532019704,1.0,-0.005889103720262137,1.0280180743791267,0.7501193470882742,-0.5345690864053234,-0.4914409356796511,False,spread <= 0
beta_T10 x d_T10 [bajo],largo,194,-0.6257515484009598,2.121521427172511,0.34536082474226804,1.0,-0.00799784475839394,1.0717037810031536,0.8060054256183725,-0.7191940644142377,-0.6647559739822752,False,spread <= 0
beta_T10 x d_T10 ~ sin roc_168 [bajo],largo,194,-0.6278682646385958,2.2037506927297565,0.3247422680412371,1.0,-0.0078567249492925,1.0865382066171003,0.8168270996795888,-0.7125776479618063,-0.6638085253187394,False,spread <= 0
beta_VIX ~ sin roc_168,magnitud,195,7.499613712226266,69.21397158610138,0.5282051282051282,0.0,-0.04182852746017056,0.7837584002918907,0.8101016561838261,0.4286785444127805,1.325565222444635,True,ARTEFACTO DE ESCALA (atr_ratio 0.78)
beta_NDX ~ sin roc_168 [bajo],magnitud,195,7.481802923919964,69.23970077303116,0.49230769230769234,0.0,-0.040807573515333644,0.8098259781851291,0.8131149272644234,0.36412621385712474,1.3042000061667371,True,ARTEFACTO DE ESCALA (atr_ratio 0.81)
beta_NDX [bajo],magnitud,195,7.4776329107652435,69.22964560552677,0.5025641025641026,0.0,-0.04469917369219874,0.7791046011888275,0.811735898297096,0.4720509365955717,1.3582524383389352,True,ARTEFACTO DE ESCALA (atr_ratio 0.78)
beta_VIX,magnitud,195,7.43887134659437,69.25998715467848,0.5128205128205128,0.0,-0.04547730207660506,0.7567552462659907,0.8006193936638284,0.3258852929131394,1.2804244898631427,True,ARTEFACTO DE ESCALA (atr_ratio 0.76)
CTRL roc_24,magnitud,203,6.473221638668739,67.11604728657413,0.7093596059113301,0.0025,0.03618388459547421,1.3013586288623065,0.9846977221472808,1.856527740822765,2.200180459307374,True,SOBREVIVE
beta_NDX x d_NDX,magnitud,194,6.3242623430129274,69.26287322961939,0.4536082474226804,0.0165,0.001790458103364519,0.9863821497209445,0.813572039197104,0.021700943666648462,0.47227394067189454,False,muere en la correccion (FDR q=0.1)
beta_DXY ~ sin roc_168,magnitud,195,6.285224287890294,68.79900751531903,0.4564102564102564,0.015,-0.007438664484870476,0.9759230254233353,0.8122969926741049,0.052664907497810276,0.2639199889975647,False,ARTEFACTO DE ESCALA (atr_ratio 0.98)
beta_DXY,magnitud,195,6.263426743159568,68.8208238092523,0.48205128205128206,0.0175,-0.01029454439368055,0.958566119585955,0.8118630166146388,0.03563399647302317,0.24986786580253886,False,ARTEFACTO DE ESCALA (atr_ratio 0.96)
beta_DXY x d_DXY,magnitud,194,6.214302529228246,69.02203645895865,0.5154639175257731,0.021,0.007128588737102486,1.0285426131262092,0.8154680440684474,0.07586164706866438,0.43861755779540096,False,muere en la correccion (FDR q=0.1)
beta_DXY x d_DXY ~ sin roc_168,magnitud,194,6.031315140757483,69.02125911413664,0.4793814432989691,0.0405,0.005278548949303022,1.022334107315663,0.8104049726972005,-0.11373575100179155,0.24219965786598668,False,muere en la correccion (FDR q=0.1)
beta_NDX x d_NDX ~ sin roc_168,magnitud,194,5.981120626430846,69.293506224732,0.4175257731958763,0.0475,-0.0025660395085202624,0.9878765837756566,0.8052640522507758,-0.346950632773331,0.10391804398705692,False,ARTEFACTO DE ESCALA (atr_ratio 0.99)
beta_VIX x d_VIX ~ sin roc_168 [bajo],magnitud,195,4.905729556603597,68.29765697411281,0.5333333333333333,0.163,-0.0015773603633738146,0.9544590191515274,0.819796900568716,0.07591341343745694,0.3607230026551894,False,ARTEFACTO DE ESCALA (atr_ratio 0.95)
beta_VIX x d_VIX [bajo],magnitud,195,4.561241526296625,68.31979395935385,0.46153846153846156,0.236,-0.0060286909959126975,0.9340747178614087,0.8001003669847204,-0.22700105783212507,0.03888372136421959,False,ARTEFACTO DE ESCALA (atr_ratio 0.93)
beta_ORO,magnitud,195,4.31904283131855,68.17309520432883,0.441025641025641,0.2905,0.01495082170710731,1.0537426030150416,0.80801087395259,-0.31915909713164564,-0.1154285139609513,False,muere en la correccion (FDR q=0.1)
beta_ORO ~ sin roc_168,magnitud,195,4.274438929042654,68.14986909316303,0.41025641025641024,0.2965,0.014008902482025007,1.0515677261514265,0.8098723530805416,-0.2882606784662273,-0.1300295691396193,False,muere en la correccion (FDR q=0.1)
beta_ORO x d_ORO ~ sin roc_168 [bajo],magnitud,194,4.03822014022496,68.26078235762002,0.3917525773195876,0.334,0.011032255704874436,1.057332168694601,0.8110650153927361,-0.3902137381366072,-0.1288695442598927,False,muere en la correccion (FDR q=0.1)
beta_ORO x d_ORO [bajo],magnitud,194,3.9745283334686605,68.29367561897142,0.4020618556701031,0.3405,0.008842151377828227,1.0439061143043904,0.8018051709450401,-0.395053072759905,-0.16948539066930826,False,muere en la correccion (FDR q=0.1)
beta_VIX x d_VIX,magnitud,195,-0.2982263433692482,35.14137728525764,0.46153846153846156,1.0,-0.0005571072489314873,0.974583203073554,0.8132781476078259,0.004947445617735633,0.9485538388751753,False,spread <= 0
beta_VIX x d_VIX ~ sin roc_168,magnitud,195,-0.5685827427271167,35.02913514401214,0.4461538461538462,1.0,-0.004701845198088935,0.9747428312831097,0.8048949724045488,-0.22966925953596531,0.6852445554829043,False,spread <= 0
beta_ORO x d_ORO,magnitud,194,-0.6465103233178429,34.88232110456766,0.5,1.0,0.016332222015499293,1.0794003363158573,0.8229941647206206,-0.15208933387414755,0.28978392420977167,False,spread <= 0
beta_ORO x d_ORO ~ sin roc_168,magnitud,194,-0.7011149592977474,34.87496460871252,0.4793814432989691,1.0,0.01354272314132097,1.063394966611767,0.8189356331895792,-0.1593674960987423,0.2672891068609726,False,spread <= 0
beta_ORO ~ sin roc_168 [bajo],magnitud,195,-0.973501612173802,34.62751909601596,0.46153846153846156,1.0,0.011044196403629055,1.0722145891040291,0.8228971645666796,-0.17141591520729269,0.2631751818320722,False,spread <= 0
beta_ORO [bajo],magnitud,195,-1.0271460843503148,34.63814126286323,0.46153846153846156,1.0,0.010698597907488446,1.0726058002962737,0.8228971645666796,-0.18124363917516506,0.2305460259469448,False,spread <= 0
CTRL atr_24,magnitud,203,-1.2263132116018844,31.684401283828564,0.6354679802955665,1.0,0.0839395108573256,1.766078985511015,1.1164223969756288,-1.539634081314339,-1.3266612121204395,False,spread <= 0
beta_T10,magnitud,195,-1.7655172392316372,34.144974393593984,0.4205128205128205,1.0,0.011987354218829729,1.0718005794965075,0.8193324815643175,-0.5840623610417295,-0.5171752460084863,False,spread <= 0
CONTROL azar 3,magnitud,203,-1.854098835286981,33.028082335750234,0.4039408866995074,1.0,-0.0017804295985250687,1.0090925557494745,0.8082914582890363,-0.43513830679022864,-0.4251722309131435,False,control
beta_NDX x d_NDX ~ sin roc_168 [bajo],magnitud,194,-2.08552936782922,33.23002960699455,0.4175257731958763,1.0,-0.008096628390987922,0.9397661330044849,0.8078913900596387,-0.1051211113344397,-2.4889851004515124,False,spread <= 0
beta_NDX x d_NDX [bajo],magnitud,194,-2.3484147751839517,33.24449470673134,0.38144329896907214,1.0,-0.011802004598039165,0.9257300212793215,0.7997564446633993,-0.29245118270801906,-2.7301125812016713,False,spread <= 0
beta_T10 x d_T10 [bajo],magnitud,194,-2.3656063561328806,34.2169349708068,0.3402061855670103,1.0,0.007327743751105088,1.0717037810031536,0.8060054256183725,-0.9490921695226598,-0.852196668611071,False,spread <= 0
beta_T10 x d_T10,magnitud,194,-2.511658401153232,32.54065219357239,0.4845360824742268,1.0,0.017749648064860728,1.085159367951078,0.8157686967602475,0.08310378722218628,0.1764036627093016,False,spread <= 0
beta_T10 x d_T10 ~ sin roc_168,magnitud,194,-2.5786781471464835,32.481500702554,0.4793814432989691,1.0,0.017553114299585025,1.0697278653879676,0.8107870897005536,-0.051786848831282574,0.11794476898597926,False,spread <= 0
beta_DXY x d_DXY ~ sin roc_168 [bajo],magnitud,194,-2.597168196244986,32.846258115746885,0.422680412371134,1.0,0.012944447252447968,1.06206721723903,0.803906445814497,-0.17945597080111075,0.04178796240422095,False,spread <= 0
beta_DXY x d_DXY [bajo],magnitud,194,-2.607953826956413,32.868734198118716,0.422680412371134,1.0,0.013315003684731368,1.0453967542685216,0.7996427840837306,-0.21920479936157913,0.019019423688483472,False,spread <= 0
beta_DXY [bajo],magnitud,195,-2.702425505817111,32.81513523370976,0.4564102564102564,1.0,0.030956827178083852,1.1165730264947837,0.8071150321373483,-3.1537467574381073,-3.004008195120431,False,spread <= 0
CONTROL azar 1,magnitud,203,-2.7563722394249113,30.97683663621801,0.45320197044334976,1.0,-0.000950698853387682,1.0092309527053107,0.8101588074335823,-0.1925372363630385,-0.11246170623817346,False,control
CONTROL azar 2,magnitud,203,-2.8376494611008853,31.364268128339685,0.41379310344827586,1.0,-0.004294650419720999,0.9911653813172115,0.7983578659045102,-0.38166975427496597,-3.0330166618432757,False,control
beta_DXY ~ sin roc_168 [bajo],magnitud,195,-2.8945132431272365,32.781027685206546,0.4461538461538462,1.0,0.025742726842546287,1.1091280166174078,0.8056415272118198,-3.2792200442353434,-3.182762604349244,False,spread <= 0
beta_T10 ~ sin roc_168 [bajo],magnitud,195,-3.0153334640041485,32.431277512868746,0.4307692307692308,1.0,0.015759455811018896,1.0794248604664063,0.8074544314278855,-3.331388147089605,-3.1387178010701797,False,spread <= 0
beta_T10 [bajo],magnitud,195,-3.120321353988257,32.42718530125783,0.4,1.0,0.01362518869572181,1.0862827246931925,0.8043463230589678,-3.366724468099155,-3.206152597293565,False,spread <= 0
beta_T10 ~ sin roc_168,magnitud,195,-3.1403101738159145,32.384534822622165,0.41025641025641024,1.0,0.012916429270557713,1.0780644287072028,0.8192453726777058,-0.5868547923997405,-0.44142420825066847,False,spread <= 0
beta_VIX ~ sin roc_168 [bajo],magnitud,195,-3.162466898349786,32.54173794121789,0.4512820512820513,1.0,0.035549321898707804,1.1454434501427464,0.8144084553815018,-3.395463126594415,-3.2519122447546134,False,spread <= 0
beta_VIX [bajo],magnitud,195,-3.175856163666992,32.57002128426746,0.41025641025641024,1.0,0.038891503831760876,1.1519026746689722,0.8124498215301313,-3.3506298100904144,-3.256411120181845,False,spread <= 0
beta_NDX,magnitud,195,-3.475681713610139,32.50789305655948,0.3384615384615385,1.0,0.034748113555009376,1.1321677907188332,0.80419364509919,-3.7130121248643775,-3.558105316475995,False,spread <= 0
beta_NDX ~ sin roc_168,magnitud,195,-3.568500029044779,32.44200293939002,0.3487179487179487,1.0,0.030146218077311385,1.117298681706594,0.8003486631669704,-3.7349137469050664,-3.639537424525543,False,spread <= 0
beta_T10 x d_T10 ~ sin roc_168 [bajo],magnitud,194,-3.5749370415676354,32.492812706795696,0.36597938144329895,1.0,0.010603410106947224,1.0865382066171003,0.8168270996795888,-3.8475802960798386,-3.6750586898433353,False,spread <= 0
CTRL roc_168 [bajo],magnitud,203,-3.884123511290842,31.21611627571522,0.3054187192118227,1.0,0.007022911481892701,1.0280180743791267,0.7501193470882742,-4.016697382472058,-3.9605525226946265,False,spread <= 0
