ranking,objetivo,semanas,spread,sd_sem,sem_ok,p,spread_crudo,atr_ratio,sin_top3,sin_top1,fdr_ok,veredicto
CONTROL azar 1,corto,49,-0.10736554456210855,0.17992076194890355,0.32653061224489793,1.0,-0.0017738745173657487,1.001254458399812,-0.1416911737878119,-0.12603552139232108,False,control
rango_168 ~ sin roc_24,corto,49,-0.12615127648515323,0.4605808955758514,0.32653061224489793,1.0,-0.0007854614388711329,1.602922767630012,-0.16290147167818197,-0.14279825395792467,False,spread <= 0
rango_168,corto,49,-0.12803399563015797,0.46935635007317755,0.3877551020408163,1.0,-0.001311570463085328,1.6542008711001621,-0.15458871512678743,-0.1403655849496705,False,spread <= 0
atr_24,corto,49,-0.14292162478632192,0.5264525432007755,0.3877551020408163,1.0,-0.000695965643318075,1.9395017748999994,-0.16555890943711207,-0.15681439585585968,False,spread <= 0
CONTROL azar 3,corto,49,-0.14857731846416422,0.2797942709653246,0.2857142857142857,1.0,-0.0018188686664499323,0.9994568530853253,-0.15960306239256755,-0.15153744996191668,False,control
compresion ~ sin roc_24,corto,49,-0.14871209441026953,0.39337588767408516,0.32653061224489793,1.0,-0.0014726251809802028,1.3390078613808816,-0.17948339242171013,-0.15761492665604088,False,spread <= 0
vol_168,corto,49,-0.15112802938823502,0.5330220546099469,0.3469387755102041,1.0,-0.0014161435386700822,1.7340787999458005,-0.17382562972316484,-0.16028721887357142,False,spread <= 0
vol_168 ~ sin roc_24,corto,49,-0.15952822379881987,0.502389640182351,0.42857142857142855,1.0,-0.0013664606427957193,1.6786474268430622,-0.17151456281692998,-0.16696820085506894,False,spread <= 0
compresion,corto,49,-0.16656265572007678,0.3923576129793035,0.30612244897959184,1.0,-0.0021012247214317156,1.4010632024181344,-0.20188060594130602,-0.1748518181622907,False,spread <= 0
atr_24 ~ sin roc_24,corto,49,-0.17657929593866556,0.5343065227276873,0.3469387755102041,1.0,-0.001264598538112594,1.8726114087551933,-0.2160339205356484,-0.19330830284716688,False,spread <= 0
CONTROL azar 2,corto,49,-0.18043631548460418,0.22788683629873766,0.20408163265306123,1.0,-0.001991134608401597,1.0060806198454724,-0.20449354791622876,-0.19208003798970816,False,control
roc_24,corto,49,-0.18437448185644836,0.41456850023256514,0.3469387755102041,1.0,-0.0014577671087830414,1.3485591446370557,-0.213143347182676,-0.19510606818034382,False,spread <= 0
vol_24,corto,49,-0.18894054001529015,0.533293704696108,0.3877551020408163,1.0,-0.0014979315735958278,1.91396415340206,-0.20890238864061408,-0.2020652645145027,False,spread <= 0
roc_720 ~ sin roc_24,corto,49,-0.20886425042988144,0.49226998429032676,0.3673469387755102,1.0,-0.0013724243265849404,1.3174028976369687,-0.23239345620607568,-0.23268414007133562,False,spread <= 0
vol_24 ~ sin roc_24,corto,49,-0.21027134813652817,0.566210443590353,0.3673469387755102,1.0,-0.0016792925835257685,1.8102695373377025,-0.2287302170500387,-0.22051569513816813,False,spread <= 0
roc_72,corto,49,-0.22356864101521906,0.48130944053731173,0.40816326530612246,1.0,-0.0014418722701571873,1.4487118897143503,-0.24069112169255852,-0.22954601686008785,False,spread <= 0
roc_72 ~ sin roc_24,corto,49,-0.24695241801175016,0.4204014414560689,0.30612244897959184,1.0,-0.0018653157752383889,1.336589922273847,-0.2735961100328773,-0.254516218689397,False,spread <= 0
roc_720,corto,49,-0.26188505138838725,0.4872286266270166,0.32653061224489793,1.0,-0.002349743554098173,1.335366305751345,-0.27451540558042686,-0.27057371629560106,False,spread <= 0
pos_168 ~ sin roc_24,corto,49,-0.28916216241086984,0.41453244299085035,0.24489795918367346,1.0,-0.0030782313608383183,1.0521023808234506,-0.2967976528422436,-0.2931151361975481,False,spread <= 0
pos_168,corto,49,-0.2928834650749614,0.4047309488111877,0.22448979591836735,1.0,-0.0027659929750874835,1.1057486310456308,-0.31048455527551294,-0.30046347561098224,False,spread <= 0
roc_168 ~ sin roc_24,corto,49,-0.30028316538864286,0.4620329369640613,0.2653061224489796,1.0,-0.003005148794122769,1.3654969309605096,-0.3253191607162278,-0.3064150859059216,False,spread <= 0
roc_168,corto,49,-0.3316370563359061,0.4907529411533844,0.2857142857142857,1.0,-0.0034505787265004533,1.4326558438036132,-0.3451456172300668,-0.3358963602177282,False,spread <= 0
dd_168 ~ sin roc_24,corto,49,-0.43742997997349164,0.5275017846767718,0.14285714285714285,1.0,-0.003363575518491059,0.597987920895685,-0.46273625884827535,-0.4467597923372455,False,spread <= 0
dd_168,corto,49,-0.46523193376939787,0.4663136315116535,0.16326530612244897,1.0,-0.0034908860051066416,0.6106228765013627,-0.4823107155680746,-0.4714728888800768,False,spread <= 0
dd_720 ~ sin roc_24,corto,49,-0.4728865635926695,0.5378912773733872,0.1836734693877551,1.0,-0.0035410102118931604,0.6045310322682788,-0.49606986570460354,-0.48256286974683865,False,spread <= 0
dd_720,corto,49,-0.5402826193014261,0.5648561818115642,0.1836734693877551,1.0,-0.004952756117071655,0.6052294136380748,-0.556594852260778,-0.5541805140458406,False,spread <= 0
roc_168,largo,49,0.08345294689304747,0.4870428581111445,0.5918367346938775,0.1095,-0.0005494212734995484,1.4326558438036132,0.023437133657523205,0.06179948687639162,False,ARTEFACTO DE ESCALA (atr_ratio 1.43)
roc_168 ~ sin roc_24,largo,49,0.04381709844428388,0.46558523661044116,0.4897959183673469,0.251,-0.0009948512058772323,1.3654969309605096,0.008608820721527816,0.026694025674326497,False,ARTEFACTO DE ESCALA (atr_ratio 1.37)
vol_24 ~ sin roc_24,largo,49,0.021661752450488098,0.5674897391199724,0.5102040816326531,0.396,-0.0023207074164742327,1.8102695373377025,-0.001702839311901088,0.007204460950864115,False,ARTEFACTO DE ESCALA (atr_ratio 1.81)
vol_24,largo,49,0.01053118950644069,0.5336052154592765,0.5102040816326531,0.45,-0.002502068426404174,1.91396415340206,-0.0177174159123356,-0.0038090281273465416,False,ARTEFACTO DE ESCALA (atr_ratio 1.91)
atr_24 ~ sin roc_24,largo,49,-0.005544265989331583,0.5349730852637873,0.5102040816326531,1.0,-0.002735401461887408,1.8726114087551933,-0.03350730829842249,-0.011138879330195387,False,spread <= 0
roc_720,largo,49,-0.010987715592123444,0.4896872360964742,0.5102040816326531,1.0,-0.0016502564459018282,1.335366305751345,-0.04650598057519983,-0.019892076573416944,False,spread <= 0
roc_72 ~ sin roc_24,largo,49,-0.017078990156384827,0.42452823916869425,0.4489795918367347,1.0,-0.0021346842247616125,1.336589922273847,-0.03995219949816511,-0.026556422250846683,False,spread <= 0
pos_168,largo,49,-0.018481643214168945,0.41881674458828894,0.40816326530612246,1.0,-0.0012340070249125177,1.1057486310456308,-0.0791052324705275,-0.059088309150187916,False,spread <= 0
roc_72,largo,49,-0.019976604222443826,0.48057078387221974,0.5306122448979592,1.0,-0.0025581277298428145,1.4487118897143503,-0.06375592628655394,-0.04378280054336001,False,spread <= 0
atr_24,largo,49,-0.03274440198710902,0.5289509261744434,0.5714285714285714,1.0,-0.0033040343566819266,1.9395017748999994,-0.05383291385412392,-0.04644900173258784,False,spread <= 0
pos_168 ~ sin roc_24,largo,49,-0.03992380550746172,0.43571181642957507,0.42857142857142855,1.0,-0.0009217686391616821,1.0521023808234506,-0.11321529413520497,-0.08161160440100126,False,spread <= 0
vol_168 ~ sin roc_24,largo,49,-0.04433174692797057,0.5131801847321176,0.5102040816326531,1.0,-0.002633539357204282,1.6786474268430622,-0.09764905672016817,-0.061333669388137925,False,spread <= 0
vol_168,largo,49,-0.046643879044089384,0.5429138415581667,0.4897959183673469,1.0,-0.00258385646132992,1.7340787999458005,-0.07974398889414552,-0.06023389566523696,False,spread <= 0
dd_720,largo,49,-0.05494926984606161,0.5372020838399616,0.42857142857142855,1.0,0.0009527561170716555,0.6052294136380748,-0.05607113728379292,-0.06796593709556116,False,spread <= 0
roc_720 ~ sin roc_24,largo,49,-0.06454851023032221,0.5032399323436136,0.42857142857142855,1.0,-0.0026275756734150607,1.3174028976369687,-0.0814990925433992,-0.07774673514329428,False,spread <= 0
compresion,largo,49,-0.07910207621677742,0.3902171656138566,0.3877551020408163,1.0,-0.0018987752785682855,1.4010632024181344,-0.09407332299570859,-0.08839749638193856,False,spread <= 0
roc_24,largo,49,-0.08074699389450375,0.40780198489141833,0.40816326530612246,1.0,-0.0025422328912169598,1.3485591446370557,-0.10926695397351549,-0.08893711156406706,False,spread <= 0
rango_168,largo,49,-0.08126881212288543,0.4750938915087172,0.42857142857142855,1.0,-0.0026884295369146733,1.6542008711001621,-0.13152388915587268,-0.09842864138276126,False,spread <= 0
rango_168 ~ sin roc_24,largo,49,-0.08864295966870243,0.4697921660344791,0.3877551020408163,1.0,-0.003214538561128869,1.602922767630012,-0.11705961985689319,-0.10137792414010101,False,spread <= 0
compresion ~ sin roc_24,largo,49,-0.10907521971570587,0.39083764622364175,0.4489795918367347,1.0,-0.0025273748190197984,1.3390078613808816,-0.13538025576597024,-0.1217066492137307,False,spread <= 0
dd_168,largo,49,-0.1227362366441182,0.4331677604747422,0.3877551020408163,1.0,-0.0005091139948933584,0.6106228765013627,-0.1399362344942042,-0.13385083109219417,False,spread <= 0
dd_720 ~ sin roc_24,largo,49,-0.12580197119983239,0.5222314631300654,0.3673469387755102,1.0,-0.00045898978810683964,0.6045310322682788,-0.11760715458191383,-0.13277832990152072,False,spread <= 0
CONTROL azar 2,largo,49,-0.15581266746038352,0.23968302816503817,0.20408163265306123,1.0,-0.0020088653915984037,1.0060806198454724,-0.1790538825237102,-0.16286265796074315,False,control
dd_168 ~ sin roc_24,largo,49,-0.16813740980599315,0.4838619561803393,0.30612244897959184,1.0,-0.0006364244815089418,0.597987920895685,-0.1815223091407473,-0.17926535802895027,False,spread <= 0
CONTROL azar 3,largo,49,-0.19041565849451844,0.28669607588707763,0.24489795918367346,1.0,-0.002181131333550069,0.9994568530853253,-0.20608836338148007,-0.19496866240362362,False,control
CONTROL azar 1,largo,49,-0.23170728350424866,0.19235818424927967,0.16326530612244897,1.0,-0.0022261254826342522,1.001254458399812,-0.2612230893729613,-0.2407633628190446,False,control
dd_168,magnitud,49,0.7512478865144454,1.9660903493036068,0.673469387755102,0.0005,-0.02840287311451382,0.6106228765013627,0.3448334235315501,0.4422222491761386,True,ARTEFACTO DE ESCALA (atr_ratio 0.61)
dd_168 ~ sin roc_24,magnitud,49,0.7116728710120326,1.9110008398591716,0.6122448979591837,0.0015,-0.033754326006862526,0.597987920895685,0.2982290019572983,0.43336712786927106,True,ARTEFACTO DE ESCALA (atr_ratio 0.60)
dd_720,magnitud,49,0.6087484635332397,1.8396604441393294,0.5714285714285714,0.004,-0.02430675798039652,0.6052294136380748,0.18421273872038157,0.3064540063962015,False,ARTEFACTO DE ESCALA (atr_ratio 0.61)
dd_720 ~ sin roc_24,magnitud,49,0.5600059628822741,1.845317058133651,0.5306122448979592,0.008,-0.02921744803300547,0.6045310322682788,0.10797883988459275,0.24901345286868068,False,ARTEFACTO DE ESCALA (atr_ratio 0.60)
pos_168,magnitud,49,0.33503695242960496,1.3335264831624614,0.5714285714285714,0.019,0.011238777527216345,1.1057486310456308,0.014945555560809138,0.18231918472984127,False,muere en la correccion (FDR q=0.1)
roc_168,magnitud,49,0.18737634760073935,1.8100156636250186,0.30612244897959184,0.2455,0.033126688801285574,1.4326558438036132,-0.15722044630224266,-0.010929748561235344,False,muere en la correccion (FDR q=0.1)
roc_720,magnitud,49,0.1744872314739372,1.7388328956866193,0.2857142857142857,0.253,0.02595604651663468,1.335366305751345,-0.26691566956201923,-0.07272422726632802,False,muere en la correccion (FDR q=0.1)
roc_168 ~ sin roc_24,magnitud,49,0.0669614466512731,1.7599371379880848,0.22448979591836735,0.4285,0.026383980267906584,1.3654969309605096,-0.27872722849748643,-0.12940216089300316,False,muere en la correccion (FDR q=0.1)
roc_24,magnitud,49,0.05260218481410937,0.9897027795891515,0.42857142857142855,0.3785,0.031763051168028245,1.3485591446370557,-0.12836974701131007,-0.0479824771912197,False,muere en la correccion (FDR q=0.1)
roc_72,magnitud,49,0.03642530709239015,1.725423168756404,0.30612244897959184,0.4895,0.0327724776315203,1.4487118897143503,-0.35863340935638366,-0.1430789190032942,False,muere en la correccion (FDR q=0.1)
roc_720 ~ sin roc_24,magnitud,49,0.003587412153241071,1.6349547930084583,0.20408163265306123,0.552,0.022325977689503063,1.3174028976369687,-0.3612190173158396,-0.24087028244018216,False,muere en la correccion (FDR q=0.1)
CONTROL azar 1,magnitud,49,-0.06431096557815577,0.5842456212978808,0.46938775510204084,1.0,-0.00025158638971244817,1.001254458399812,-0.1388877546721964,-0.11159502434271054,False,control
pos_168 ~ sin roc_24,magnitud,49,-0.11375680620453318,0.8761342133807384,0.3877551020408163,1.0,-0.00016977806401388253,1.0521023808234506,-0.0616373202670005,-0.1580263890971254,False,spread <= 0
CONTROL azar 2,magnitud,49,-0.15186076342311283,0.4293801120132973,0.3673469387755102,1.0,-0.0006026386685362998,1.0060806198454724,-0.20902966601585043,-0.17826716997084574,False,control
CONTROL azar 3,magnitud,49,-0.17152340781086292,0.47659137316310846,0.40816326530612246,1.0,-0.0010506739576647776,0.9994568530853253,-0.19907809863110953,-0.17280876640019363,False,control
roc_72 ~ sin roc_24,magnitud,49,-0.2666695403576788,1.675651017648524,0.12244897959183673,1.0,0.023274463819190173,1.336589922273847,-0.5961078317810555,-0.4351539625031804,False,spread <= 0
rango_168 ~ sin roc_24,magnitud,49,-0.4211047211060778,0.7142167505812013,0.2857142857142857,1.0,0.04586924727642439,1.602922767630012,-0.44953359469545673,-0.44052272038140783,False,spread <= 0
rango_168,magnitud,49,-0.42223651961718695,0.7418008284292013,0.2857142857142857,1.0,0.049428392505470924,1.6542008711001621,-0.44742756152232394,-0.43945026468169324,False,spread <= 0
compresion,magnitud,49,-0.47325642397094897,1.6384098917353112,0.14285714285714285,1.0,0.020813367388357717,1.4010632024181344,-0.8492660302819027,-0.6909254335352268,False,spread <= 0
vol_168 ~ sin roc_24,magnitud,49,-0.5306650495801039,0.7580993738117924,0.16326530612244897,1.0,0.0478937881217011,1.6786474268430622,-0.5621580366919469,-0.5423768182828972,False,spread <= 0
vol_168,magnitud,49,-0.5357009794056307,0.7478022027928094,0.20408163265306123,1.0,0.05172965367718211,1.7340787999458005,-0.5665163779966379,-0.545184595266103,False,spread <= 0
compresion ~ sin roc_24,magnitud,49,-0.580783241209456,1.6338455922486739,0.08163265306122448,1.0,0.012275362381116319,1.3390078613808816,-0.9582259906546512,-0.7921958116250916,False,spread <= 0
atr_24,magnitud,49,-0.9845854271692667,0.944828228741376,0.04081632653061224,1.0,0.058309372570933576,1.9395017748999994,-1.0741622571675353,-1.0734905436727031,False,spread <= 0
vol_24,magnitud,49,-1.0302746333839021,0.7696022643941861,0.04081632653061224,1.0,0.054327521107574286,1.91396415340206,-1.0422409968047623,-1.0330411696725743,False,spread <= 0
vol_24 ~ sin roc_24,magnitud,49,-1.046348159474761,0.7726754504701638,0.04081632653061224,1.0,0.04711378150216344,1.8102695373377025,-1.051451154621347,-1.045409809269866,False,spread <= 0
atr_24 ~ sin roc_24,magnitud,49,-1.0920099648732946,0.7418121475119378,0.02040816326530612,1.0,0.05024124979336728,1.8726114087551933,-1.0964878203900694,-1.0930290823975297,False,spread <= 0
