patron,objetivo,disparos,semanas,exceso,sd_sem,sem_ok,p,crudo,sin_top3,sin_top1,tf,horizonte,costo,fdr_ok,veredicto
martillo,largo,6611,253,-0.03264912292444285,0.16511807315280208,0.3794466403162055,1.0,-0.0027340853368306157,-0.037796088657932554,-0.03545279577662059,1d,1,0.2,False,exceso <= 0
martillo,corto,6611,253,-0.022413775838025344,0.16487665083489458,0.4624505928853755,1.0,-0.0012659146631693863,-0.025104051793116245,-0.022661150397647142,1d,1,0.2,False,exceso <= 0
martillo +ctx,largo,3891,244,-0.028588462146427025,0.21389741426248093,0.38934426229508196,1.0,-0.001954636332131718,-0.0380035062421346,-0.03118897273377924,1d,1,0.2,False,exceso <= 0
martillo +ctx,corto,3891,244,-0.02567689612334726,0.2128646002455186,0.47950819672131145,1.0,-0.002045363667868284,-0.030902986836461362,-0.027529881403837535,1d,1,0.2,False,exceso <= 0
estrella_fugaz,largo,7591,253,-0.03809056004827345,0.2105785877022383,0.3438735177865613,1.0,-0.003093192823892494,-0.04559729046800397,-0.040452205683215225,1d,1,0.2,False,exceso <= 0
estrella_fugaz,corto,7591,253,-0.014408947967849698,0.20995866642362626,0.49407114624505927,1.0,-0.0009068071761075081,-0.020210710915755117,-0.01575444533863227,1d,1,0.2,False,exceso <= 0
estrella_fugaz +ctx,largo,3792,250,-0.03963350451910054,0.3033073606613173,0.332,1.0,-0.003759558367873512,-0.05026502405275762,-0.04615643001329595,1d,1,0.2,False,exceso <= 0
estrella_fugaz +ctx,corto,3792,250,-0.012890075971190223,0.3037331246224448,0.552,1.0,-0.0002404416321264899,-0.017531094540705023,-0.013711971248812599,1d,1,0.2,False,exceso <= 0
doji,largo,8527,253,-0.028228571934154578,0.12064432040437387,0.3359683794466403,1.0,-0.0026115583891022235,-0.03258242778979869,-0.03092377810169752,1d,1,0.2,False,exceso <= 0
doji,corto,8527,253,-0.025267623550673947,0.12107941164765428,0.4308300395256917,1.0,-0.0013884416108977777,-0.02731759721953706,-0.026614148841234246,1d,1,0.2,False,exceso <= 0
doji +ctx,largo,4548,249,-0.03143217226923953,0.21936068513433085,0.3453815261044177,1.0,-0.002811256891947885,-0.041430260875900175,-0.037343211005257344,1d,1,0.2,False,exceso <= 0
doji +ctx,corto,4548,249,-0.021980707879829718,0.22134306819550428,0.5060240963855421,1.0,-0.0011887431080521164,-0.02788836355479591,-0.02408578493800515,1d,1,0.2,False,exceso <= 0
marubozu_alc,largo,1105,197,-0.061316575410055266,0.5526908812050892,0.34517766497461927,1.0,-0.0041261401178070084,-0.08713557665223318,-0.0773175516880044,1d,1,0.2,False,exceso <= 0
marubozu_alc,corto,1105,197,0.0011322684638636628,0.5538334293738809,0.5685279187817259,0.477,0.0001261401178070065,-0.026215318892003948,-0.020214919127930865,1d,1,0.2,False,dentro del MDE del azar (±0.039)
marubozu_alc +ctx,largo,495,141,-0.017288434694810978,1.1833758904634732,0.375886524822695,1.0,-0.0035914793731519016,-0.10710850897191301,-0.09600531104627694,1d,1,0.2,False,exceso <= 0
marubozu_alc +ctx,corto,495,141,-0.04981026978137921,1.1854262368618553,0.5815602836879432,1.0,-0.0004085206268481013,-0.07895786986747501,-0.05138330159805906,1d,1,0.2,False,exceso <= 0
marubozu_baj,largo,1296,195,-0.07934669201143217,0.5959209685428449,0.4153846153846154,1.0,-0.00463131365706489,-0.09373666276654469,-0.08960980785151729,1d,1,0.2,False,exceso <= 0
marubozu_baj,corto,1296,195,0.02221247633345684,0.5935302817297177,0.4717948717948718,0.32,0.0006313136570648877,0.016888253555200912,0.019971761787876324,1d,1,0.2,False,dentro del MDE del azar (±0.039)
marubozu_baj +ctx,largo,615,134,-0.013372137214235162,0.6540181786386647,0.4701492537313433,1.0,0.001407498409851199,-0.07613005171677252,-0.05768582309605112,1d,1,0.2,False,exceso <= 0
marubozu_baj +ctx,corto,615,134,-0.04126197040836739,0.6530967154808982,0.4552238805970149,1.0,-0.005407498409851204,-0.09346550453239806,-0.06598739620653486,1d,1,0.2,False,exceso <= 0
envolvente_alc,largo,4966,253,-0.03563708231156551,0.26963048561732994,0.37549407114624506,1.0,-0.0032738038553495907,-0.04826347775119956,-0.03953546798054791,1d,1,0.2,False,exceso <= 0
envolvente_alc,corto,4966,253,-0.01737605258169513,0.27126214065517174,0.549407114624506,1.0,-0.0007261961446504119,-0.020283297887218953,-0.01842428715102835,1d,1,0.2,False,exceso <= 0
envolvente_alc +ctx,largo,3277,251,-0.044453502118291605,0.31216012788757075,0.3665338645418327,1.0,-0.004295216421805694,-0.04925759535325989,-0.047116505661365465,1d,1,0.2,False,exceso <= 0
envolvente_alc +ctx,corto,3277,251,-0.008260299918986658,0.31387694110066544,0.5537848605577689,1.0,0.00029521642180569215,-0.016143853520599584,-0.010542193008721116,1d,1,0.2,False,exceso <= 0
envolvente_baj,largo,6297,253,-0.03340465977707954,0.20608304929827398,0.3438735177865613,1.0,-0.002867517985214771,-0.047374712603865166,-0.029729943732908076,1d,1,0.2,False,exceso <= 0
envolvente_baj,corto,6297,253,-0.018399463093315895,0.20682574610640395,0.47035573122529645,1.0,-0.0011324820147852314,-0.022281375628667967,-0.020650478559285288,1d,1,0.2,False,exceso <= 0
envolvente_baj +ctx,largo,3876,252,-0.04449465826804804,0.19865089078645193,0.3611111111111111,1.0,-0.0035799142746833017,-0.045342224024845994,-0.046750472326743044,1d,1,0.2,False,exceso <= 0
envolvente_baj +ctx,corto,3876,252,-0.00817511881963558,0.19786171939376962,0.5317460317460317,1.0,-0.0004200857253167,-0.015174127224764068,-0.012893297735756488,1d,1,0.2,False,exceso <= 0
harami_alc,largo,6686,253,-0.014366923593083896,0.21742140725644843,0.383399209486166,1.0,-0.0014037688586352863,-0.017277315545977615,-0.01562902785934127,1d,1,0.2,False,exceso <= 0
harami_alc,corto,6686,253,-0.03893857994890637,0.21849013672672943,0.45849802371541504,1.0,-0.002596231141364716,-0.04351886696603341,-0.04067177368535661,1d,1,0.2,False,exceso <= 0
harami_alc +ctx,largo,5157,251,-0.020360155587749253,0.20237301210363273,0.3784860557768924,1.0,-0.0020035767460201246,-0.02787461874390372,-0.022927122323532487,1d,1,0.2,False,exceso <= 0
harami_alc +ctx,corto,5157,251,-0.032843232280357335,0.20282340682773903,0.44223107569721115,1.0,-0.0019964232539798777,-0.03894324667261073,-0.03664104862258824,1d,1,0.2,False,exceso <= 0
harami_baj,largo,5426,253,-0.04617002848745623,0.2615512439808553,0.34782608695652173,1.0,-0.002325139353635305,-0.04795664240185089,-0.04708387913417501,1d,1,0.2,False,exceso <= 0
harami_baj,corto,5426,253,-0.006984740101026938,0.2599094070307314,0.549407114624506,1.0,-0.0016748606463646968,-0.016217349249295986,-0.010871099821931383,1d,1,0.2,False,exceso <= 0
harami_baj +ctx,largo,3903,249,-0.036002871711411234,0.29896736454393147,0.357429718875502,1.0,-0.0015163981184028712,-0.03890321262141795,-0.03748233228143147,1d,1,0.2,False,exceso <= 0
harami_baj +ctx,corto,3903,249,-0.017822130406963736,0.29795011497881135,0.5421686746987951,1.0,-0.002483601881597132,-0.028576762557532435,-0.022631117968696636,1d,1,0.2,False,exceso <= 0
perforante,largo,2129,252,-0.02468271592188488,0.26417233448083177,0.38095238095238093,1.0,-0.0022669965553225573,-0.03613675164609204,-0.028496375301483513,1d,1,0.2,False,exceso <= 0
perforante,corto,2129,252,-0.02881916675219521,0.2643862255661044,0.5158730158730159,1.0,-0.001733003444677445,-0.03647708765280311,-0.03126046859159826,1d,1,0.2,False,exceso <= 0
perforante +ctx,largo,1624,243,-0.01242569872418676,0.2773583427609236,0.4279835390946502,1.0,-0.0014739885623967755,-0.02425551433357656,-0.01914815894493889,1d,1,0.2,False,exceso <= 0
perforante +ctx,corto,1624,243,-0.04095450834728443,0.27786759220972346,0.4897119341563786,1.0,-0.0025260114376032265,-0.04993744723708447,-0.04411578867872751,1d,1,0.2,False,exceso <= 0
nube_oscura,largo,2745,251,-0.009871426264783061,0.23939727699425067,0.4063745019920319,1.0,0.0003604480251220929,-0.01659010607010865,-0.014503948047239151,1d,1,0.2,False,exceso <= 0
nube_oscura,corto,2745,251,-0.041804453087252356,0.23874969070024987,0.47808764940239046,1.0,-0.004360448025122095,-0.05152590804199876,-0.04302670754547822,1d,1,0.2,False,exceso <= 0
nube_oscura +ctx,largo,1947,243,0.008502806908554546,0.2863089994129228,0.42386831275720166,0.332,0.0019708544226308337,0.002211291904640442,0.008875582170408564,1d,1,0.2,False,dentro del MDE del azar (±0.039)
nube_oscura +ctx,corto,1947,243,-0.06096930592857461,0.284498462561029,0.4897119341563786,1.0,-0.005970854422630836,-0.07089264862822106,-0.0651001714852713,1d,1,0.2,False,exceso <= 0
estrella_maniana,largo,6222,252,-0.04970425196625797,0.262087375255805,0.3888888888888889,1.0,-0.004006302697061246,-0.05402875123046638,-0.048902159558133734,1d,1,0.2,False,exceso <= 0
estrella_maniana,corto,6222,252,-0.004702895970574319,0.2614595610428415,0.5357142857142857,1.0,6.3026970612436855e-06,-0.022026726204414968,-0.013380931559685557,1d,1,0.2,False,exceso <= 0
estrella_maniana +ctx,largo,4624,249,-0.04046993105810126,0.3177099948105696,0.3534136546184739,1.0,-0.0038221008893432164,-0.04759627669549538,-0.0410469627432471,1d,1,0.2,False,exceso <= 0
estrella_maniana +ctx,corto,4624,249,-0.014184868407010366,0.3181295879676063,0.5060240963855421,1.0,-0.0001778991106567865,-0.023087491170129735,-0.017683844142918684,1d,1,0.2,False,exceso <= 0
estrella_noche,largo,6799,252,-0.025722341125703756,0.19484721955454667,0.373015873015873,1.0,-0.0016411168806404587,-0.029157999631494808,-0.02796369436131655,1d,1,0.2,False,exceso <= 0
estrella_noche,corto,6799,252,-0.027375628378015972,0.1948154212934238,0.4722222222222222,1.0,-0.002358883119359543,-0.033241763737409814,-0.030631887498159167,1d,1,0.2,False,exceso <= 0
estrella_noche +ctx,largo,4964,252,-0.017640630143019826,0.25184502095455413,0.43253968253968256,1.0,-0.001113595613155406,-0.019054968235821933,-0.018685629923390176,1d,1,0.2,False,exceso <= 0
estrella_noche +ctx,corto,4964,252,-0.036255581873740034,0.2523954943129579,0.4523809523809524,1.0,-0.0028864043868445963,-0.04208140304279031,-0.03771353253184397,1d,1,0.2,False,exceso <= 0
tres_soldados,largo,15865,253,-0.05744854415630212,0.3187763805825961,0.3438735177865613,1.0,-0.004044823839819721,-0.06040868243510283,-0.05795118083542599,1d,1,0.2,False,exceso <= 0
tres_soldados,corto,15865,253,0.0017642927843513955,0.3183792094638571,0.5454545454545454,0.47,4.482383981971832e-05,-0.008952497011543527,-0.0005494693149680458,1d,1,0.2,False,dentro del MDE del azar (±0.039)
tres_soldados +ctx,largo,13675,253,-0.06422107086631586,0.39136704537205325,0.31620553359683795,1.0,-0.004548049753544842,-0.06665278898284344,-0.06366595428096392,1d,1,0.2,False,exceso <= 0
tres_soldados +ctx,corto,13675,253,0.008444840576986823,0.39107952085464764,0.5691699604743083,0.364,0.0005480497535448402,0.004548429991782538,0.007553417270459819,1d,1,0.2,False,dentro del MDE del azar (±0.039)
tres_cuervos,largo,20445,253,-0.02837929446558465,0.18520178144860944,0.35968379446640314,1.0,-0.0018859459260851586,-0.03380621788664527,-0.02883976049803521,1d,1,0.2,False,exceso <= 0
tres_cuervos,corto,20445,253,-0.02284392231024169,0.18413295494558543,0.4189723320158103,1.0,-0.0021140540739148428,-0.027563202873828137,-0.025928689874053543,1d,1,0.2,False,exceso <= 0
tres_cuervos +ctx,largo,17794,249,-0.03877878932568004,0.14964105699174995,0.37751004016064255,1.0,-0.002465592320498251,-0.03878502155398233,-0.040083005115601325,1d,1,0.2,False,exceso <= 0
tres_cuervos +ctx,corto,17794,249,-0.012516457191974657,0.14909271914278022,0.42168674698795183,1.0,-0.0015344076795017507,-0.0214122575778554,-0.015202905277524274,1d,1,0.2,False,exceso <= 0
CTRL contexto solo (baja previa),largo,84749,253,-0.029636157125874366,0.07168851924026155,0.22134387351778656,1.0,-0.0023219038809927967,-0.03183850060515342,-0.02998627152291151,1d,1,0.2,False,exceso <= 0
CTRL contexto solo (baja previa),corto,84749,253,-0.022078717931285626,0.0702970718088915,0.22529644268774704,1.0,-0.001678096119007205,-0.02226827604234161,-0.02190686744176535,1d,1,0.2,False,exceso <= 0
CTRL contexto solo (suba previa),largo,74573,253,-0.027169326515594477,0.11198807970619086,0.25691699604743085,1.0,-0.002527502397230617,-0.029647343344787674,-0.028532131309454384,1d,1,0.2,False,exceso <= 0
CTRL contexto solo (suba previa),corto,74573,253,-0.02565739088708715,0.113091179942757,0.34782608695652173,1.0,-0.0014724976027693847,-0.025041192580037983,-0.02456021827606146,1d,1,0.2,False,exceso <= 0
CTRL cuerpo q80,largo,32011,253,-0.031178097371731994,0.10886257714941117,0.32806324110671936,1.0,-0.0024049738196188575,-0.03875742614935128,-0.03512997482872871,1d,1,0.2,False,exceso <= 0
CTRL cuerpo q80,corto,32011,253,-0.022022439386831235,0.1090600426412591,0.4189723320158103,1.0,-0.0015950261803811443,-0.023516476886011148,-0.021937339578705625,1d,1,0.2,False,exceso <= 0
CONTROL azar 1,largo,6700,253,-0.02560883879935578,0.13275258533453763,0.3557312252964427,1.0,-0.0015122485615290768,-0.03254661423963443,-0.027845110487540622,1d,1,0.2,False,control
CONTROL azar 1,corto,6700,253,-0.02767916808787329,0.13152272530836825,0.4189723320158103,1.0,-0.0024877514384709252,-0.033018527406706716,-0.03053451079973763,1d,1,0.2,False,control
CONTROL azar 2,largo,6894,253,-0.024760711284043266,0.11298632105442365,0.36363636363636365,1.0,-0.0017441054626925777,-0.02752829481166922,-0.025508417685659087,1d,1,0.2,False,control
CONTROL azar 2,corto,6894,253,-0.028956782489511,0.11229215829442508,0.4031620553359684,1.0,-0.002255894537307424,-0.0320761530520636,-0.029584416216217675,1d,1,0.2,False,control
CONTROL azar 3,largo,6732,253,-0.020143507188329735,0.14218027446848705,0.3715415019762846,1.0,-0.0014571287178217192,-0.024091768475274743,-0.023151972317850402,1d,1,0.2,False,control
CONTROL azar 3,corto,6732,253,-0.03324680537695628,0.14119586473031034,0.3952569169960474,1.0,-0.0025428712821782837,-0.03765373919656907,-0.03500356991881121,1d,1,0.2,False,control
martillo,largo,6611,253,-0.073946296996294,0.16618268379350745,0.24110671936758893,1.0,-0.0057340853368306145,-0.07806576811944438,-0.07668988717847915,1d,1,0.5,False,exceso <= 0
martillo,corto,6611,253,-0.06371094990987648,0.16558234859098658,0.35968379446640314,1.0,-0.004265914663169386,-0.06661972787051487,-0.0641044112756247,1d,1,0.5,False,exceso <= 0
martillo +ctx,largo,3891,244,-0.06928748084875774,0.21547169151824658,0.319672131147541,1.0,-0.004954636332131717,-0.07882008948850838,-0.07188823521619447,1d,1,0.5,False,exceso <= 0
martillo +ctx,corto,3891,244,-0.06637591482567796,0.21289935502369908,0.3729508196721312,1.0,-0.005045363667868283,-0.07187816234391868,-0.06832961206826932,1d,1,0.5,False,exceso <= 0
estrella_fugaz,largo,7591,253,-0.07746519106036578,0.21162548839788203,0.2845849802371542,1.0,-0.006093192823892493,-0.0851603434920833,-0.07991944339960153,1d,1,0.5,False,exceso <= 0
estrella_fugaz,corto,7591,253,-0.05378357897994206,0.21007997848185786,0.42292490118577075,1.0,-0.003906807176107508,-0.05971499171744886,-0.05513503150357575,1d,1,0.5,False,exceso <= 0
estrella_fugaz +ctx,largo,3792,250,-0.0790261898868186,0.30338131430738835,0.292,1.0,-0.006759558367873511,-0.08983397043956627,-0.08569524039595146,1d,1,0.5,False,exceso <= 0
estrella_fugaz +ctx,corto,3792,250,-0.05228276133890829,0.30444434922465935,0.452,1.0,-0.0032404416321264893,-0.05697533814468507,-0.053102675075222594,1d,1,0.5,False,exceso <= 0
doji,largo,8527,253,-0.06835071854777598,0.1213176958403476,0.22134387351778656,1.0,-0.0056115583891022235,-0.07259822697669449,-0.07092703444437744,1d,1,0.5,False,exceso <= 0
doji,corto,8527,253,-0.06538977016429535,0.1223965400727624,0.2608695652173913,1.0,-0.0043884416108977775,-0.06735686747591514,-0.06656620285822759,1d,1,0.5,False,exceso <= 0
doji +ctx,largo,4548,249,-0.07149183238104148,0.218543798179586,0.2289156626506024,1.0,-0.005811256891947884,-0.08123673008136999,-0.07722683508650795,1d,1,0.5,False,exceso <= 0
doji +ctx,corto,4548,249,-0.062040367991631665,0.223484900746675,0.3493975903614458,1.0,-0.004188743108052117,-0.06779633297141237,-0.06413717738167869,1d,1,0.5,False,exceso <= 0
marubozu_alc,largo,1105,197,-0.106454805619699,0.5527174895708649,0.3096446700507614,1.0,-0.007126140117807008,-0.1325485301631487,-0.12252588492406805,1d,1,0.5,False,exceso <= 0
marubozu_alc,corto,1105,197,-0.044005961745780045,0.5555693175378369,0.5126903553299492,1.0,-0.002873859882192993,-0.07156679312084412,-0.06542274975364186,1d,1,0.5,False,exceso <= 0
marubozu_alc +ctx,largo,495,141,-0.06761246305195365,1.182554593485042,0.3617021276595745,1.0,-0.006591479373151901,-0.1579006919181747,-0.14645995781320753,1d,1,0.5,False,exceso <= 0
marubozu_alc +ctx,corto,495,141,-0.10013429813852187,1.187677367321688,0.5319148936170213,1.0,-0.0034085206268481003,-0.13033337168569784,-0.10171340638784473,1d,1,0.5,False,exceso <= 0
marubozu_baj,largo,1296,195,-0.12219735376991364,0.5985457764104447,0.38974358974358975,1.0,-0.007631313657064891,-0.13653325278194142,-0.13245102060958838,1d,1,0.5,False,exceso <= 0
marubozu_baj,corto,1296,195,-0.020638185425024633,0.5925774488719352,0.4307692307692308,1.0,-0.0023686863429351122,-0.025886084797372092,-0.0229285353831794,1d,1,0.5,False,exceso <= 0
marubozu_baj +ctx,largo,615,134,-0.054347717931187055,0.6553059152198331,0.4253731343283582,1.0,-0.0015925015901487995,-0.11625236414555182,-0.09869532638015582,1d,1,0.5,False,exceso <= 0
marubozu_baj +ctx,corto,615,134,-0.08223755112531927,0.6530043621426702,0.39552238805970147,1.0,-0.008407498409851203,-0.134577051799877,-0.10704224527957452,1d,1,0.5,False,exceso <= 0
envolvente_alc,largo,4966,253,-0.075396933481511,0.26892017294889026,0.2845849802371542,1.0,-0.0062738038553495894,-0.08764461634425878,-0.07938669942394141,1d,1,0.5,False,exceso <= 0
envolvente_alc,corto,4966,253,-0.057135903751640606,0.2729916388194583,0.41106719367588934,1.0,-0.0037261961446504116,-0.06016435503418439,-0.05824053306984492,1d,1,0.5,False,exceso <= 0
envolvente_alc +ctx,largo,3277,251,-0.08398885364625032,0.31133125572412507,0.30278884462151395,1.0,-0.007295216421805694,-0.08864194805112259,-0.08669536806479085,1d,1,0.5,False,exceso <= 0
envolvente_alc +ctx,corto,3277,251,-0.04779565144694536,0.31561705050674277,0.4701195219123506,1.0,-0.0027047835781943076,-0.055887757445446364,-0.05019178790964276,1d,1,0.5,False,exceso <= 0
envolvente_baj,largo,6297,253,-0.07225775192987612,0.20605011751309502,0.25296442687747034,1.0,-0.005867517985214771,-0.08643545265137302,-0.06856630446231854,1d,1,0.5,False,exceso <= 0
envolvente_baj,corto,6297,253,-0.05725255524611248,0.20790217901251037,0.3359683794466403,1.0,-0.00413248201478523,-0.06113822358626623,-0.05942822560605578,1d,1,0.5,False,exceso <= 0
envolvente_baj +ctx,largo,3876,252,-0.08399699108381076,0.19988406219470908,0.2976190476190476,1.0,-0.006579914274683301,-0.08522285745984379,-0.08650814942494363,1d,1,0.5,False,exceso <= 0
envolvente_baj +ctx,corto,3876,252,-0.0476774516353983,0.1979175265040423,0.42063492063492064,1.0,-0.0034200857253166997,-0.05464476915567797,-0.05234764839324355,1d,1,0.5,False,exceso <= 0
harami_alc,largo,6686,253,-0.054346051249576595,0.21733196923316692,0.2964426877470356,1.0,-0.004403768858635286,-0.05691272070739094,-0.05542497221523236,1d,1,0.5,False,exceso <= 0
harami_alc,corto,6686,253,-0.07891770760539908,0.21999514457026662,0.35177865612648224,1.0,-0.005596231141364715,-0.08354987403192117,-0.08070155602817175,1d,1,0.5,False,exceso <= 0
harami_alc +ctx,largo,5157,251,-0.06026269648882918,0.20289417466908488,0.26294820717131473,1.0,-0.005003576746020124,-0.06750034988638322,-0.06274408789815586,1d,1,0.5,False,exceso <= 0
harami_alc +ctx,corto,5157,251,-0.07274577318143728,0.2040154208336535,0.32270916334661354,1.0,-0.004996423253979877,-0.07900748978858754,-0.07659921001017869,1d,1,0.5,False,exceso <= 0
harami_baj,largo,5426,253,-0.08603610492881858,0.263426625585521,0.2885375494071146,1.0,-0.005325139353635304,-0.08776377866274677,-0.08694106152351296,1d,1,0.5,False,exceso <= 0
harami_baj,corto,5426,253,-0.04685081654238931,0.2593322264108494,0.43873517786561267,1.0,-0.004674860646364697,-0.05587256286211932,-0.050696534703318676,1d,1,0.5,False,exceso <= 0
harami_baj +ctx,largo,3903,249,-0.07637162330019248,0.3003389813760934,0.2971887550200803,1.0,-0.0045163981184028704,-0.07928449616274803,-0.07785918134188674,1d,1,0.5,False,exceso <= 0
harami_baj +ctx,corto,3903,249,-0.05819088199574497,0.2978010554344739,0.44176706827309237,1.0,-0.005483601881597131,-0.06876592808784818,-0.06298500555451883,1d,1,0.5,False,exceso <= 0
perforante,largo,2129,252,-0.06480912792744495,0.26472138764162534,0.2896825396825397,1.0,-0.005266996555322556,-0.07628929728768477,-0.06873298757628832,1d,1,0.5,False,exceso <= 0
perforante,corto,2129,252,-0.06894557875775527,0.26525468513299455,0.4087301587301587,1.0,-0.004733003444677444,-0.07678389044072477,-0.07137390671805753,1d,1,0.5,False,exceso <= 0
perforante +ctx,largo,1624,243,-0.05246085402779015,0.2776718107193647,0.3292181069958848,1.0,-0.004473988562396775,-0.06441282596412035,-0.059244316084935134,1d,1,0.5,False,exceso <= 0
perforante +ctx,corto,1624,243,-0.08098966365088783,0.27894176044746094,0.35802469135802467,1.0,-0.005526011437603226,-0.09010551025036329,-0.0842306203153081,1d,1,0.5,False,exceso <= 0
nube_oscura,largo,2745,251,-0.04862833577880962,0.2403538247958332,0.3466135458167331,1.0,-0.0026395519748779062,-0.05556499595351597,-0.05336161947818952,1d,1,0.5,False,exceso <= 0
nube_oscura,corto,2745,251,-0.08056136260127891,0.2387380521345383,0.398406374501992,1.0,-0.007360448025122095,-0.09024260187542629,-0.0817683660214874,1d,1,0.5,False,exceso <= 0
nube_oscura +ctx,largo,1947,243,-0.030847067356460475,0.28815458041735115,0.38271604938271603,1.0,-0.0010291455773691657,-0.03738035406583498,-0.03049994156302023,1d,1,0.5,False,exceso <= 0
nube_oscura +ctx,corto,1947,243,-0.10031918019358965,0.2836360209007314,0.411522633744856,1.0,-0.008970854422630835,-0.11027506731441822,-0.10444174037979032,1d,1,0.5,False,exceso <= 0
estrella_maniana,largo,6222,252,-0.0905096129188822,0.26326105836735453,0.30952380952380953,1.0,-0.007006302697061245,-0.09474187850062289,-0.08979479777143011,1d,1,0.5,False,exceso <= 0
estrella_maniana,corto,6222,252,-0.04550825692319855,0.26169573808775565,0.42063492063492064,1.0,-0.002993697302938755,-0.06292071656054198,-0.05429425558007635,1d,1,0.5,False,exceso <= 0
estrella_maniana +ctx,largo,4624,249,-0.08146103065693498,0.3180785952000023,0.285140562248996,1.0,-0.006822100889343215,-0.08845579379919435,-0.08205131379827027,1d,1,0.5,False,exceso <= 0
estrella_maniana +ctx,corto,4624,249,-0.055175968005844095,0.319125332070605,0.44176706827309237,1.0,-0.0031778991106567863,-0.06431513516061481,-0.058786672342910705,1d,1,0.5,False,exceso <= 0
estrella_noche,largo,6799,252,-0.06554581825349357,0.19560948966515931,0.2976190476190476,1.0,-0.004641116880640458,-0.06902115884553237,-0.06774758484290593,1d,1,0.5,False,exceso <= 0
estrella_noche,corto,6799,252,-0.06719910550580577,0.1955302942284271,0.36904761904761907,1.0,-0.005358883119359542,-0.07276780301784368,-0.07038843922130039,1d,1,0.5,False,exceso <= 0
estrella_noche +ctx,largo,4964,252,-0.05806278915558974,0.25212430759517446,0.32936507936507936,1.0,-0.004113595613155404,-0.05955346985942701,-0.059152268275288584,1d,1,0.5,False,exceso <= 0
estrella_noche +ctx,corto,4964,252,-0.07667774088630994,0.2534967335194924,0.373015873015873,1.0,-0.005886404386844595,-0.08255973387059831,-0.07818921299745236,1d,1,0.5,False,exceso <= 0
tres_soldados,largo,15865,253,-0.09921173268526516,0.3195876305408082,0.28063241106719367,1.0,-0.00704482383981972,-0.10108930777382036,-0.09977391338274429,1d,1,0.5,False,exceso <= 0
tres_soldados,corto,15865,253,-0.03999889574461165,0.318596302706755,0.41106719367588934,1.0,-0.002955176160180281,-0.05003940762305011,-0.04229727783553597,1d,1,0.5,False,exceso <= 0
tres_soldados +ctx,largo,13675,253,-0.10605324358331263,0.3920386736347682,0.2648221343873518,1.0,-0.007548049753544842,-0.1072629822916189,-0.1054797191837724,1d,1,0.5,False,exceso <= 0
tres_soldados +ctx,corto,13675,253,-0.03338733214000996,0.39132069993412455,0.44664031620553357,1.0,-0.0024519502464551597,-0.03716506314850799,-0.03414096340871586,1d,1,0.5,False,exceso <= 0
tres_cuervos,largo,20445,253,-0.06679670704745441,0.1868101474027126,0.2450592885375494,1.0,-0.004885945926085159,-0.07247500374183607,-0.06740248536538926,1d,1,0.5,False,exceso <= 0
tres_cuervos,corto,20445,253,-0.06126133489211145,0.18414978763430467,0.31225296442687744,1.0,-0.005114054073914842,-0.06602597060964945,-0.06423104717690027,1d,1,0.5,False,exceso <= 0
tres_cuervos +ctx,largo,17794,249,-0.07725022421392107,0.15113921794259505,0.23293172690763053,1.0,-0.00546559232049825,-0.07717446523604514,-0.07859203320160066,1d,1,0.5,False,exceso <= 0
tres_cuervos +ctx,corto,17794,249,-0.05098789208021567,0.14977832156139526,0.26506024096385544,1.0,-0.004534407679501751,-0.05985549686000775,-0.05381579870651706,1d,1,0.5,False,exceso <= 0
CTRL contexto solo (baja previa),largo,84749,253,-0.06842231341874437,0.07428372835748394,0.08695652173913043,1.0,-0.005321903880992795,-0.070534672439989,-0.06876996415468893,1d,1,0.5,False,exceso <= 0
CTRL contexto solo (baja previa),corto,84749,253,-0.06086487422415561,0.07088129925302022,0.10276679841897234,1.0,-0.004678096119007205,-0.0609401733225736,-0.060602530422582256,1d,1,0.5,False,exceso <= 0
CTRL contexto solo (suba previa),largo,74573,253,-0.0667893645676057,0.11212082285072122,0.13043478260869565,1.0,-0.005527502397230616,-0.0686304966448102,-0.0678201390856804,1d,1,0.5,False,exceso <= 0
CTRL contexto solo (suba previa),corto,74573,253,-0.06527742893909837,0.11485552393391894,0.16205533596837945,1.0,-0.004472497602769384,-0.06457298525006085,-0.06419451977246927,1d,1,0.5,False,exceso <= 0
CTRL cuerpo q80,largo,32011,253,-0.07107849994065443,0.10982589440379677,0.2134387351778656,1.0,-0.005404973819618856,-0.07858827343258881,-0.07490662153402919,1d,1,0.5,False,exceso <= 0
CTRL cuerpo q80,corto,32011,253,-0.06192284195575365,0.11031458459717965,0.25691699604743085,1.0,-0.004595026180381145,-0.06337504236298669,-0.061803849195811986,1d,1,0.5,False,exceso <= 0
CONTROL azar 1,largo,6700,253,-0.06557484396477757,0.1345152295945631,0.22924901185770752,1.0,-0.004512248561529077,-0.07252682300705221,-0.06783053553286393,1d,1,0.5,False,control
CONTROL azar 1,corto,6700,253,-0.06764517325329508,0.13146023311906926,0.2490118577075099,1.0,-0.005487751438470924,-0.07288830695753556,-0.07050598601086709,1d,1,0.5,False,control
CONTROL azar 2,largo,6894,253,-0.06504883161420898,0.1145729253142759,0.24110671936758893,1.0,-0.004744105462692578,-0.06755906906354625,-0.06583103906601574,1d,1,0.5,False,control
CONTROL azar 2,corto,6894,253,-0.0692449028196767,0.11285391170707351,0.2490118577075099,1.0,-0.005255894537307423,-0.07206293933638731,-0.06963318302147561,1d,1,0.5,False,control
CONTROL azar 3,largo,6732,253,-0.06018624161229425,0.1437597746170275,0.21739130434782608,1.0,-0.004457128717821718,-0.06428080029180853,-0.06326832393630287,1d,1,0.5,False,control
CONTROL azar 3,corto,6732,253,-0.0732895398009208,0.14131340071080664,0.2648221343873518,1.0,-0.005542871282178283,-0.07767580231423474,-0.0751287338453594,1d,1,0.5,False,control
martillo,largo,6609,253,-0.05145852102525093,0.31035037412595406,0.36363636363636365,1.0,-0.0038680275034217895,-0.06413000781291367,-0.05946334572820053,1d,3,0.2,False,exceso <= 0
martillo,corto,6609,253,-0.0036052511823181357,0.3103954217274915,0.5296442687747036,1.0,-0.00013197249657821318,-0.01032830555901422,-0.006286167228419808,1d,3,0.2,False,exceso <= 0
martillo +ctx,largo,3890,244,-0.06837952152660927,0.35448419724495983,0.3524590163934426,1.0,-0.004837738152210875,-0.07062501761013155,-0.07214484184588789,1d,3,0.2,False,exceso <= 0
martillo +ctx,corto,3890,244,0.014107685952096532,0.35308264693362046,0.5450819672131147,0.2615,0.0008377381522108734,0.003931317747835184,0.009841243529845695,1d,3,0.2,False,dentro del MDE del azar (±0.039)
estrella_fugaz,largo,7570,253,-0.04956926892277908,0.31340950078961877,0.42292490118577075,1.0,-0.0032809502638531563,-0.06180711603838955,-0.05317056384500863,1d,3,0.2,False,exceso <= 0
estrella_fugaz,corto,7570,253,-0.0028965573546508895,0.3111729657323527,0.5217391304347826,1.0,-0.0007190497361468458,-0.006764457564010378,-0.004533991500508961,1d,3,0.2,False,exceso <= 0
estrella_fugaz +ctx,largo,3791,250,-0.027020677121335802,0.48177523234596265,0.368,1.0,-0.001656942677156993,-0.06853427728113975,-0.043579127258600324,1d,3,0.2,False,exceso <= 0
estrella_fugaz +ctx,corto,3791,250,-0.02548458421407028,0.48077030819974176,0.564,1.0,-0.002343057322843011,-0.029647212002081678,-0.024622131496196416,1d,3,0.2,False,exceso <= 0
doji,largo,8502,253,-0.015764360023792393,0.2683227063305455,0.391304347826087,1.0,-0.002097197925504552,-0.021368593573776892,-0.018092177721162173,1d,3,0.2,False,exceso <= 0
doji,corto,8502,253,-0.03770890781349007,0.26910956983590745,0.48616600790513836,1.0,-0.001902802074495451,-0.041221153658700355,-0.03972847410356656,1d,3,0.2,False,exceso <= 0
doji +ctx,largo,4524,249,-0.038191150043855565,0.4148684655016143,0.37751004016064255,1.0,-0.003100098651224635,-0.052539485668583484,-0.0476111540161535,1d,3,0.2,False,exceso <= 0
doji +ctx,corto,4524,249,-0.015216673428092284,0.41610986094109864,0.5180722891566265,1.0,-0.0008999013487753679,-0.023238603522215073,-0.016354283928486174,1d,3,0.2,False,exceso <= 0
marubozu_alc,largo,1103,196,0.021355461675890343,1.0928478873341627,0.413265306122449,0.4065,0.001962195608590946,-0.07930362237308557,-0.02648255200881628,1d,3,0.2,False,dentro del MDE del azar (±0.039)
marubozu_alc,corto,1103,196,-0.0815557555384776,1.093421238593599,0.5357142857142857,1.0,-0.0059621956085909485,-0.12296434813493412,-0.08959880603243284,1d,3,0.2,False,exceso <= 0
marubozu_alc +ctx,largo,495,141,0.09417981370926211,1.3882961180841278,0.4397163120567376,0.2165,0.006956611751328144,-0.015650498485903323,0.028324562432233275,1d,3,0.2,False,muere en la correccion (FDR q=0.1)
marubozu_alc +ctx,corto,495,141,-0.1612785181854523,1.3869865394825527,0.5390070921985816,1.0,-0.010956611751328149,-0.209701614983688,-0.16385888199294205,1d,3,0.2,False,exceso <= 0
marubozu_baj,largo,1294,195,-0.05162586507950282,0.9372807081882584,0.4564102564102564,1.0,-0.0010351468039126828,-0.06815326940770021,-0.05347434808820001,1d,3,0.2,False,exceso <= 0
marubozu_baj,corto,1294,195,-0.005622886253201396,0.9358224246728113,0.49230769230769234,1.0,-0.002964853196087319,-0.04923683123693715,-0.01463953903570748,1d,3,0.2,False,exceso <= 0
marubozu_baj +ctx,largo,613,134,0.024015550360184254,0.8201032079613558,0.5447761194029851,0.3705,0.00316855656306982,-0.048933698784509094,-0.031785471424824484,1d,3,0.2,False,dentro del MDE del azar (±0.039)
marubozu_baj +ctx,corto,613,134,-0.0788163330027281,0.8223470807968501,0.43283582089552236,1.0,-0.007168556563069823,-0.18153491077256323,-0.10180587147889415,1d,3,0.2,False,exceso <= 0
envolvente_alc,largo,4957,253,-0.054405258935188765,0.47874207264244856,0.3715415019762846,1.0,-0.0056588554497527845,-0.08907610584706308,-0.05811101435900489,1d,3,0.2,False,exceso <= 0
envolvente_alc,corto,4957,253,0.0015087380856915996,0.48109500876590366,0.5731225296442688,0.4775,0.001658855449752782,-0.015624529125542942,-0.0012612880333813467,1d,3,0.2,False,dentro del MDE del azar (±0.039)
envolvente_alc +ctx,largo,3268,251,-0.0603704437166716,0.4881785373506057,0.3665338645418327,1.0,-0.006740500722143436,-0.0715527948843562,-0.06542291500402218,1d,3,0.2,False,exceso <= 0
envolvente_alc +ctx,corto,3268,251,0.007767031395600769,0.490346547602993,0.5697211155378487,0.395,0.0027405007221434326,-0.016458740927735332,-0.002189886599309581,1d,3,0.2,False,dentro del MDE del azar (±0.039)
envolvente_baj,largo,6282,253,-0.04745609167536255,0.3119727266804761,0.4426877470355731,1.0,-0.003384971111895723,-0.058099179153077184,-0.04806972843764489,1d,3,0.2,False,exceso <= 0
envolvente_baj,corto,6282,253,-0.004346488776877488,0.3116562173897854,0.5098814229249012,1.0,-0.0006150288881042809,-0.0066642666215606826,-0.00443766050773555,1d,3,0.2,False,exceso <= 0
envolvente_baj +ctx,largo,3865,252,-0.07344466469450295,0.42983645215749855,0.38492063492063494,1.0,-0.004146095863876358,-0.08522170292843191,-0.07439890305512609,1d,3,0.2,False,exceso <= 0
envolvente_baj +ctx,corto,3865,252,0.020812559666652665,0.4284847990241481,0.5436507936507936,0.2275,0.00014609586387635468,-0.0014908115362511293,0.010051298579794646,1d,3,0.2,False,dentro del MDE del azar (±0.039)
harami_alc,largo,6659,253,-0.03536399496332681,0.32647482018722124,0.39920948616600793,1.0,-0.002578522432826254,-0.04631595765779222,-0.039623871777131885,1d,3,0.2,False,exceso <= 0
harami_alc,corto,6659,253,-0.017916115011669394,0.32681377365281916,0.5059288537549407,1.0,-0.001421477567173749,-0.031242075055866216,-0.0201086242971476,1d,3,0.2,False,exceso <= 0
harami_alc +ctx,largo,5133,251,-0.05125049463528454,0.3706491522865347,0.3944223107569721,1.0,-0.004072757950550639,-0.06293845425659517,-0.052131244420103515,1d,3,0.2,False,exceso <= 0
harami_alc +ctx,corto,5133,251,-0.0019442255627099276,0.37099902373293553,0.5099601593625498,1.0,7.275795055063631e-05,-0.0146550489924708,-0.008802710130092154,1d,3,0.2,False,exceso <= 0
harami_baj,largo,5419,253,-0.03998615679466452,0.46422172440463744,0.36363636363636365,1.0,-0.0035639199538881512,-0.0433401702761764,-0.04310510916748943,1d,3,0.2,False,exceso <= 0
harami_baj,corto,5419,253,-0.013167504061839901,0.46319910981440215,0.5691699604743083,1.0,-0.000436080046111852,-0.01772532721437327,-0.015466681372169807,1d,3,0.2,False,exceso <= 0
harami_baj +ctx,largo,3899,249,-0.018240094645640893,0.49166315691513357,0.3815261044176707,1.0,-0.0017550268042768118,-0.016179935793339675,-0.01768850492308846,1d,3,0.2,False,exceso <= 0
harami_baj +ctx,corto,3899,249,-0.03559818126803542,0.4911158530859679,0.5542168674698795,1.0,-0.002244973195723192,-0.0400452564042371,-0.038122601204557904,1d,3,0.2,False,exceso <= 0
perforante,largo,2128,252,-0.01059465965188363,0.43871744129883716,0.40476190476190477,1.0,-0.0008123248705028623,-0.01340108263327328,-0.012722988551985689,1d,3,0.2,False,exceso <= 0
perforante,corto,2128,252,-0.04277686107969133,0.43736969237898354,0.5,1.0,-0.00318767512949714,-0.05771158675298025,-0.04643540071682199,1d,3,0.2,False,exceso <= 0
perforante +ctx,largo,1623,243,-0.005772351788813185,0.48849223286544763,0.4403292181069959,1.0,-0.0010401245493863406,-0.01564488779131262,-0.011804326492758175,1d,3,0.2,False,exceso <= 0
perforante +ctx,corto,1623,243,-0.04747266512006009,0.4871750256925113,0.49794238683127573,1.0,-0.0029598754506136617,-0.052795522525133955,-0.04968231817283881,1d,3,0.2,False,exceso <= 0
nube_oscura,largo,2743,251,-0.02496011008577436,0.4024795555201154,0.4063745019920319,1.0,0.0012796393952884226,-0.04171722660598581,-0.028271638094342928,1d,3,0.2,False,exceso <= 0
nube_oscura,corto,2743,251,-0.026686280809865806,0.40077098089604957,0.5179282868525896,1.0,-0.005279639395288426,-0.03818744583433398,-0.025519516072208183,1d,3,0.2,False,exceso <= 0
nube_oscura +ctx,largo,1946,243,-0.012672600191365098,0.5050927605777862,0.4279835390946502,1.0,0.0009896313020199574,-0.03201766556624892,-0.015382286168301295,1d,3,0.2,False,exceso <= 0
nube_oscura +ctx,corto,1946,243,-0.03968135249661523,0.503227387004037,0.49794238683127573,1.0,-0.004989631302019959,-0.05417419899413316,-0.04834561175230996,1d,3,0.2,False,exceso <= 0
estrella_maniana,largo,6205,252,-0.08720520214262298,0.391974168980109,0.373015873015873,1.0,-0.006595531594547571,-0.09994062951078653,-0.09313166293565696,1d,3,0.2,False,exceso <= 0
estrella_maniana,corto,6205,252,0.03282302773931885,0.39119497155113714,0.5555555555555556,0.0865,0.0025955315945475677,0.012715240853832216,0.023811804541015055,1d,3,0.2,False,dentro del MDE del azar (±0.039)
estrella_maniana +ctx,largo,4608,249,-0.07921956418100803,0.5622401793421932,0.3614457831325301,1.0,-0.006434673771620292,-0.09116984600271089,-0.08143674402128998,1d,3,0.2,False,exceso <= 0
estrella_maniana +ctx,corto,4608,249,0.02461208715435949,0.5609751622513859,0.5943775100401606,0.2365,0.0024346737716202894,0.011849275759624679,0.0206230653085449,1d,3,0.2,False,dentro del MDE del azar (±0.039)
estrella_noche,largo,6797,252,-0.05060646789519842,0.35565421937815433,0.42857142857142855,1.0,-0.0032068581631915496,-0.04953105509742455,-0.052283844850029564,1d,3,0.2,False,exceso <= 0
estrella_noche,corto,6797,252,-0.002487768303013636,0.3559269168995762,0.49206349206349204,1.0,-0.0007931418368084532,-0.0037122987971606753,-0.006087069673071759,1d,3,0.2,False,exceso <= 0
estrella_noche +ctx,largo,4964,252,-0.05507395870565579,0.3941826845088024,0.44047619047619047,1.0,-0.0030309158441230513,-0.06450881140535512,-0.06058304060024939,1d,3,0.2,False,exceso <= 0
estrella_noche +ctx,corto,4964,252,0.0011777466888959127,0.3946332369921126,0.4722222222222222,0.4715,-0.0009690841558769522,-0.01632027276667206,-0.00225700863461605,1d,3,0.2,False,ARTEFACTO DE ESCALA
tres_soldados,largo,15851,253,-0.08247233504592395,0.5212348152869928,0.3557312252964427,1.0,-0.006110142028700687,-0.08818780721030246,-0.08227784693731617,1d,3,0.2,False,exceso <= 0
tres_soldados,corto,15851,253,0.02681250742679765,0.5206968682564036,0.5928853754940712,0.1965,0.0021101420287006826,0.019819011294833516,0.02069617658877816,1d,3,0.2,False,dentro del MDE del azar (±0.039)
tres_soldados +ctx,largo,13666,253,-0.08566988872394399,0.6099270329110228,0.3241106719367589,1.0,-0.005649337444777428,-0.09428013790812392,-0.08691648234653747,1d,3,0.2,False,exceso <= 0
tres_soldados +ctx,corto,13666,253,0.0298986693104359,0.6089566136396132,0.6007905138339921,0.205,0.0016493374447774272,0.020412216299704657,0.021393658553602906,1d,3,0.2,False,dentro del MDE del azar (±0.039)
tres_cuervos,largo,20415,253,-0.03910759409035938,0.3990508827663595,0.41106719367588934,1.0,-0.0038028652214140333,-0.058172265006101155,-0.05501291861003222,1d,3,0.2,False,exceso <= 0
tres_cuervos,corto,20415,253,-0.012098686717991844,0.39933511191434906,0.466403162055336,1.0,-0.0001971347785859693,-0.016644357979404046,-0.013847877062597614,1d,3,0.2,False,exceso <= 0
tres_cuervos +ctx,largo,17766,249,-0.05229551602719965,0.3249398214478282,0.41767068273092367,1.0,-0.004645503373601693,-0.059843737382142034,-0.05064201437102291,1d,3,0.2,False,exceso <= 0
tres_cuervos +ctx,corto,17766,249,0.0010094076778644763,0.3270626155258356,0.46987951807228917,0.4795,0.0006455033736016899,-0.00243225851189791,-0.001055128836417518,1d,3,0.2,False,dentro del MDE del azar (±0.039)
CTRL contexto solo (baja previa),largo,84539,253,-0.04947438111808418,0.14023096856158676,0.30039525691699603,1.0,-0.003873371223941004,-0.0520534617653845,-0.05088065822497911,1d,3,0.2,False,exceso <= 0
CTRL contexto solo (baja previa),corto,84539,253,-0.00223497046464602,0.1389006441272733,0.39920948616600793,1.0,-0.00012662877605899804,-0.0042734850864653215,-0.0031576066539879388,1d,3,0.2,False,exceso <= 0
CTRL contexto solo (suba previa),largo,74511,253,-0.018140360291813006,0.30209269362561403,0.3438735177865613,1.0,-0.001963290077393645,-0.0234680679489484,-0.01889749930048979,1d,3,0.2,False,exceso <= 0
CTRL contexto solo (suba previa),corto,74511,253,-0.03468726574721677,0.30279669334504217,0.4426877470355731,1.0,-0.0020367099226063575,-0.03306510861240181,-0.03201901638957281,1d,3,0.2,False,exceso <= 0
CTRL cuerpo q80,largo,31956,253,-0.024764337558061875,0.20663111334266182,0.40711462450592883,1.0,-0.0017267815617557198,-0.028305491112520145,-0.026307409717172044,1d,3,0.2,False,exceso <= 0
CTRL cuerpo q80,corto,31956,253,-0.028486613559661856,0.20643141483989597,0.4426877470355731,1.0,-0.0022732184382442825,-0.03407005124202019,-0.03244183974887142,1d,3,0.2,False,exceso <= 0
CONTROL azar 1,largo,6697,253,-0.038568007702550824,0.21907010909728838,0.42292490118577075,1.0,-0.002606766262836938,-0.047214926350439244,-0.04222780742580874,1d,3,0.2,False,control
CONTROL azar 1,corto,6697,253,-0.015005399410863098,0.21890687857509714,0.45849802371541504,1.0,-0.0013932337371630645,-0.01849138103912895,-0.018370506828008344,1d,3,0.2,False,control
CONTROL azar 2,largo,6874,253,-0.00542233151864422,0.4027706298312721,0.4150197628458498,1.0,-0.00010562334040643801,-0.027532981544510806,-0.023235127570554803,1d,3,0.2,False,control
CONTROL azar 2,corto,6874,253,-0.04835926226044001,0.4024423320798385,0.45849802371541504,1.0,-0.0038943766595935644,-0.052065106308015974,-0.05163724077845043,1d,3,0.2,False,control
CONTROL azar 3,largo,6725,253,-0.04754455289369936,0.2019788460358098,0.383399209486166,1.0,-0.0031697721095499958,-0.054064859710835994,-0.04968759842783997,1d,3,0.2,False,control
CONTROL azar 3,corto,6725,253,-0.005805597093072723,0.19998645371724838,0.5217391304347826,1.0,-0.0008302278904500067,-0.010083258737979807,-0.00803865119604001,1d,3,0.2,False,control
martillo,largo,6609,253,-0.09275635018092772,0.3107882994498821,0.308300395256917,1.0,-0.006868027503421789,-0.10522163273594903,-0.1004458324728495,1d,3,0.5,False,exceso <= 0
martillo,corto,6609,253,-0.04490308033799492,0.3109007475837246,0.43478260869565216,1.0,-0.003131972496578213,-0.05181991067354019,-0.047730083190223024,1d,3,0.5,False,exceso <= 0
martillo +ctx,largo,3890,244,-0.10908339820749381,0.35601755969501303,0.3073770491803279,1.0,-0.007837738152210874,-0.11135261632032029,-0.11288494690413396,1d,3,0.5,False,exceso <= 0
martillo +ctx,corto,3890,244,-0.026596190728788018,0.3525184767984685,0.4918032786885246,1.0,-0.002162261847789127,-0.03676436313582,-0.030963345113139935,1d,3,0.5,False,exceso <= 0
estrella_fugaz,largo,7570,253,-0.08891863863085157,0.31546781166685334,0.3715415019762846,1.0,-0.006280950263853156,-0.10140149664715438,-0.09261254025737506,1d,3,0.5,False,exceso <= 0
estrella_fugaz,corto,7570,253,-0.042245927062723364,0.3098833469897147,0.4624505928853755,1.0,-0.003719049736146846,-0.046102503768741775,-0.043889316361432576,1d,3,0.5,False,exceso <= 0
estrella_fugaz +ctx,largo,3791,250,-0.06639962312289034,0.4827750239278064,0.352,1.0,-0.004656942677156993,-0.10823433822195917,-0.08310419827509233,1d,3,0.5,False,exceso <= 0
estrella_fugaz +ctx,corto,3791,250,-0.06486353021562484,0.4802640009303894,0.496,1.0,-0.005343057322843011,-0.06904996775809062,-0.06399909595644289,1d,3,0.5,False,exceso <= 0
doji,largo,8502,253,-0.055869310901754246,0.2681821568522155,0.3359683794466403,1.0,-0.005097197925504552,-0.06142899097310101,-0.05826243161972381,1d,3,0.5,False,exceso <= 0
doji,corto,8502,253,-0.07781385869145194,0.27014604173613915,0.3952569169960474,1.0,-0.00490280207449545,-0.08141343596628532,-0.07986426590238405,1d,3,0.5,False,exceso <= 0
doji +ctx,largo,4524,249,-0.07824701764781644,0.41429401124347054,0.3132530120481928,1.0,-0.006100098651224633,-0.09245205192854375,-0.08749098558956303,1d,3,0.5,False,exceso <= 0
doji +ctx,corto,4524,249,-0.05527254103205317,0.4173948484517934,0.4538152610441767,1.0,-0.0038999013487753687,-0.06312073618035514,-0.0564311847669943,1d,3,0.5,False,exceso <= 0
marubozu_alc,largo,1103,196,-0.023794758721050135,1.0928672987965764,0.3826530612244898,1.0,-0.0010378043914090547,-0.1247223425333106,-0.0716401611927236,1d,3,0.5,False,exceso <= 0
marubozu_alc,corto,1103,196,-0.1267059759354181,1.094300088262342,0.5051020408163265,1.0,-0.008962195608590951,-0.16849442520294422,-0.13489642876908167,1d,3,0.5,False,exceso <= 0
marubozu_alc +ctx,largo,495,141,0.04385578535211944,1.389889012367084,0.3971631205673759,0.354,0.003956611751328142,-0.06616657304236692,-0.02201610127988968,1d,3,0.5,False,muere en la correccion (FDR q=0.1)
marubozu_alc +ctx,corto,495,141,-0.21160254654259497,1.3866165078148205,0.524822695035461,1.0,-0.013956611751328146,-0.261786303269864,-0.2141889867827277,1d,3,0.5,False,exceso <= 0
marubozu_baj,largo,1294,195,-0.094562428579031,0.9389069473671855,0.4205128205128205,1.0,-0.004035146803912684,-0.11105291498769725,-0.09640074285202412,1d,3,0.5,False,exceso <= 0
marubozu_baj,corto,1294,195,-0.04855944975272958,0.9352633143991633,0.441025641025641,1.0,-0.005964853196087317,-0.09201349503491814,-0.057682647961477006,1d,3,0.5,False,exceso <= 0
marubozu_baj +ctx,largo,613,134,-0.017085036621723643,0.8188949416515063,0.5074626865671642,1.0,0.00016855656306982258,-0.08710648239182804,-0.0729218750082027,1d,3,0.5,False,exceso <= 0
marubozu_baj +ctx,corto,613,134,-0.119916919984636,0.8245013944372139,0.3805970149253731,1.0,-0.010168556563069824,-0.22264163966571507,-0.14298572681688984,1d,3,0.5,False,exceso <= 0
envolvente_alc,largo,4957,253,-0.09407764957231164,0.4772669656441399,0.33201581027667987,1.0,-0.008658855449752784,-0.12901217247649283,-0.0978343949956378,1d,3,0.5,False,exceso <= 0
envolvente_alc,corto,4957,253,-0.03816365255143126,0.4831457801211331,0.5296442687747036,1.0,-0.0013411445502472183,-0.05551814195378222,-0.0411194837791743,1d,3,0.5,False,exceso <= 0
envolvente_alc +ctx,largo,3268,251,-0.09982300295747475,0.48684689060136527,0.32270916334661354,1.0,-0.009740500722143434,-0.11108892582352595,-0.10491577783606493,1d,3,0.5,False,exceso <= 0
envolvente_alc +ctx,corto,3268,251,-0.03168552784520236,0.49226367520792297,0.5219123505976095,1.0,-0.000259499277856567,-0.0560334915552793,-0.04169184149096422,1d,3,0.5,False,exceso <= 0
envolvente_baj,largo,6282,253,-0.08630802701454258,0.3125562267874544,0.34782608695652173,1.0,-0.0063849711118957216,-0.09704220258281199,-0.08698425730133687,1d,3,0.5,False,exceso <= 0
envolvente_baj,corto,6282,253,-0.04319842411605752,0.3117658320226193,0.43873517786561267,1.0,-0.003615028888104281,-0.0455132933771798,-0.04331318927975773,1d,3,0.5,False,exceso <= 0
envolvente_baj +ctx,largo,3865,252,-0.11291874346539064,0.431143727938353,0.31746031746031744,1.0,-0.0071460958638763575,-0.12424169357485472,-0.11402240157947467,1d,3,0.5,False,exceso <= 0
envolvente_baj +ctx,corto,3865,252,-0.01866151910423506,0.42776691389017946,0.48412698412698413,1.0,-0.002853904136123646,-0.04107490715153398,-0.02937392166685767,1d,3,0.5,False,exceso <= 0
harami_alc,largo,6659,253,-0.07532407744457395,0.326695978741703,0.33992094861660077,1.0,-0.005578522432826254,-0.08603558184865553,-0.07940077095777744,1d,3,0.5,False,exceso <= 0
harami_alc,corto,6659,253,-0.05787619749291654,0.32754213256967946,0.4308300395256917,1.0,-0.004421477567173749,-0.0712413768953441,-0.060119361464717185,1d,3,0.5,False,exceso <= 0
harami_alc +ctx,largo,5133,251,-0.09114653478378039,0.3708562030358096,0.3346613545816733,1.0,-0.007072757950550639,-0.10259833386004598,-0.09205474461377715,1d,3,0.5,False,exceso <= 0
harami_alc +ctx,corto,5133,251,-0.0418402657112058,0.37172977702936155,0.4541832669322709,1.0,-0.0029272420494493635,-0.05443033397003893,-0.048754370765098545,1d,3,0.5,False,exceso <= 0
harami_baj,largo,5419,253,-0.07985140243704285,0.46535519696772587,0.3438735177865613,1.0,-0.006563919953888151,-0.08305683673928407,-0.0828938594031798,1d,3,0.5,False,exceso <= 0
harami_baj,corto,5419,253,-0.053032749704218216,0.4628006851269448,0.48616600790513836,1.0,-0.003436080046111851,-0.057620593906192445,-0.05540118611889083,1d,3,0.5,False,exceso <= 0
harami_baj +ctx,largo,3899,249,-0.05861880158089816,0.49244643050888287,0.3493975903614458,1.0,-0.004755026804276811,-0.05615681205996694,-0.05810018906100502,1d,3,0.5,False,exceso <= 0
harami_baj +ctx,corto,3899,249,-0.07597688820329267,0.4910792096316508,0.4899598393574297,1.0,-0.005244973195723191,-0.08058398805597121,-0.07854928660570659,1d,3,0.5,False,exceso <= 0
perforante,largo,2128,252,-0.05062330020056485,0.4401569720853847,0.36507936507936506,1.0,-0.0038123248705028614,-0.053385448636973594,-0.052563454031960936,1d,3,0.5,False,exceso <= 0
perforante,corto,2128,252,-0.08280550162837254,0.4367909069052311,0.43253968253968256,1.0,-0.0061876751294971406,-0.09759695785068398,-0.08639467103318352,1d,3,0.5,False,exceso <= 0
perforante +ctx,largo,1623,243,-0.04570611447046816,0.4898766384159341,0.3991769547325103,1.0,-0.004040124549386341,-0.055315929849356835,-0.05158113501810958,1d,3,0.5,False,exceso <= 0
perforante +ctx,corto,1623,243,-0.08740642780171504,0.4865863038426654,0.4403292181069959,1.0,-0.005959875450613661,-0.09259083882824727,-0.08956353895611532,1d,3,0.5,False,exceso <= 0
nube_oscura,largo,2743,251,-0.06369490325750449,0.4040376051284304,0.3705179282868526,1.0,-0.0017203606047115775,-0.08029858361379477,-0.06658620018722007,1d,3,0.5,False,exceso <= 0
nube_oscura,corto,2743,251,-0.06542107398159594,0.3997691241825681,0.47410358565737054,1.0,-0.008279639395288427,-0.07689533746786577,-0.06423307158490688,1d,3,0.5,False,exceso <= 0
nube_oscura +ctx,largo,1946,243,-0.051938064707350344,0.5067707030082842,0.37037037037037035,1.0,-0.0020103686979800425,-0.07111006406618686,-0.05423519680871928,1d,3,0.5,False,exceso <= 0
nube_oscura +ctx,corto,1946,243,-0.07894681701260046,0.5021098595273403,0.4609053497942387,1.0,-0.00798963130201996,-0.09342762793828373,-0.0876027708977992,1d,3,0.5,False,exceso <= 0
estrella_maniana,largo,6205,252,-0.1279918329451011,0.3930281301096225,0.3373015873015873,1.0,-0.009595531594547572,-0.1407579461636825,-0.13382409849807042,1d,3,0.5,False,exceso <= 0
estrella_maniana,corto,6205,252,-0.007963603063159271,0.39108247545190034,0.5,1.0,-0.000404468405452432,-0.028116150205271567,-0.01691793329006489,1d,3,0.5,False,exceso <= 0
estrella_maniana +ctx,largo,4608,249,-0.12017517195099443,0.5635723171544427,0.3333333333333333,1.0,-0.009434673771620293,-0.13212461371829343,-0.12247838198991386,1d,3,0.5,False,exceso <= 0
estrella_maniana +ctx,corto,4608,249,-0.016343520615626883,0.560411937911208,0.5180722891566265,1.0,-0.000565326228379711,-0.02937465335928424,-0.020323548994842813,1d,3,0.5,False,exceso <= 0
estrella_noche,largo,6797,252,-0.09042714504385746,0.35585477233875323,0.3531746031746032,1.0,-0.00620685816319155,-0.08944970291354336,-0.09213768328915335,1d,3,0.5,False,exceso <= 0
estrella_noche,corto,6797,252,-0.042308445451672665,0.356535741583715,0.4246031746031746,1.0,-0.0037931418368084527,-0.04370037861752298,-0.04588693134543044,1d,3,0.5,False,exceso <= 0
estrella_noche +ctx,largo,4964,252,-0.0954961177182257,0.3942871626942655,0.3968253968253968,1.0,-0.0060309158441230505,-0.10503660547559286,-0.10104482545664391,1d,3,0.5,False,exceso <= 0
estrella_noche +ctx,corto,4964,252,-0.039244412323674,0.39541228369419856,0.4365079365079365,1.0,-0.003969084155876951,-0.05651166417346841,-0.042621122831827715,1d,3,0.5,False,exceso <= 0
tres_soldados,largo,15851,253,-0.12421720576026865,0.5219522108143444,0.30039525691699603,1.0,-0.009110142028700684,-0.130082016344432,-0.12400762603953877,1d,3,0.5,False,exceso <= 0
tres_soldados,corto,15851,253,-0.014932363287547054,0.5206081542157059,0.5138339920948617,1.0,-0.000889857971299317,-0.02179764936943284,-0.020974377914885652,1d,3,0.5,False,exceso <= 0
tres_soldados +ctx,largo,13666,253,-0.12749830328407508,0.6109463827972544,0.30434782608695654,1.0,-0.00864933744477743,-0.13616883926140516,-0.12872648909248025,1d,3,0.5,False,exceso <= 0
tres_soldados +ctx,corto,13666,253,-0.011929745249695173,0.608521496910752,0.525691699604743,1.0,-0.0013506625552225733,-0.02123804054897269,-0.02029696396870707,1d,3,0.5,False,exceso <= 0
tres_cuervos,largo,20415,253,-0.0775123046966228,0.39921631800423835,0.31620553359683795,1.0,-0.006802865221414033,-0.09690321817615001,-0.09350295452834004,1d,3,0.5,False,exceso <= 0
tres_cuervos,corto,20415,253,-0.05050339732425526,0.39992621818086443,0.39920948616600793,1.0,-0.003197134778585969,-0.05517943079634836,-0.052329028906877094,1d,3,0.5,False,exceso <= 0
tres_cuervos +ctx,largo,17766,249,-0.09076009728920104,0.32384498401086786,0.357429718875502,1.0,-0.007645503373601692,-0.09837572360969817,-0.08904975914959318,1d,3,0.5,False,exceso <= 0
tres_cuervos +ctx,corto,17766,249,-0.0374551735841369,0.32914395171282507,0.42971887550200805,1.0,-0.00235449662639831,-0.041101362464550296,-0.0395572144853302,1d,3,0.5,False,exceso <= 0
CTRL contexto solo (baja previa),largo,84539,253,-0.08825639480513184,0.14203415401086247,0.20553359683794467,1.0,-0.006873371223941003,-0.09075386811392369,-0.08962693085542965,1d,3,0.5,False,exceso <= 0
CTRL contexto solo (baja previa),corto,84539,253,-0.04101698415169368,0.13872765367333267,0.23715415019762845,1.0,-0.003126628776058998,-0.042916784607708904,-0.04184911122280272,1d,3,0.5,False,exceso <= 0
CTRL contexto solo (suba previa),largo,74511,253,-0.05776107982108534,0.3019215318105415,0.22924901185770752,1.0,-0.004963290077393645,-0.0625706579914947,-0.05839905484198363,1d,3,0.5,False,exceso <= 0
CTRL contexto solo (suba previa),corto,74511,253,-0.07430798527648912,0.30367946303233095,0.3438735177865613,1.0,-0.005036709922606358,-0.07273446598985032,-0.07165372962333626,1d,3,0.5,False,exceso <= 0
CTRL cuerpo q80,largo,31956,253,-0.06470255089635468,0.20737100855406132,0.2964426877470356,1.0,-0.004726781561755719,-0.06809977457401488,-0.06623718492605084,1d,3,0.5,False,exceso <= 0
CTRL cuerpo q80,corto,31956,253,-0.06842482689795465,0.20687318643957153,0.3557312252964427,1.0,-0.0052732184382442825,-0.0739091300852703,-0.07230270642011533,1d,3,0.5,False,exceso <= 0
CONTROL azar 1,largo,6697,253,-0.07874806303761127,0.21972080933216628,0.308300395256917,1.0,-0.005606766262836938,-0.08730909203481162,-0.08227955364065553,1d,3,0.5,False,control
CONTROL azar 1,corto,6697,253,-0.05518545474592353,0.21931371599279506,0.3715415019762846,1.0,-0.004393233737163064,-0.05830766451407711,-0.05839429724034033,1d,3,0.5,False,control
CONTROL azar 2,largo,6874,253,-0.045758526852957386,0.4033076479072224,0.33201581027667987,1.0,-0.0031056233404064388,-0.06754747543166569,-0.06351329553160814,1d,3,0.5,False,control
CONTROL azar 2,corto,6874,253,-0.08869545759475315,0.40248749651188453,0.38735177865612647,1.0,-0.006894376659593563,-0.0926045596397,-0.09203860492438089,1d,3,0.5,False,control
CONTROL azar 3,largo,6725,253,-0.08755716538377843,0.20405199520800524,0.30039525691699603,1.0,-0.006169772109549995,-0.0939945280661872,-0.08949377063760025,1d,3,0.5,False,control
CONTROL azar 3,corto,6725,253,-0.04581820958315179,0.19908549748657528,0.4150197628458498,1.0,-0.003830227890450006,-0.050076315675603715,-0.048053010754876495,1d,3,0.5,False,control
martillo,largo,6592,253,-0.05983164837448728,0.4389772977850045,0.3675889328063241,1.0,-0.0038083608026049194,-0.07387517204372057,-0.066226151486114,1d,5,0.2,False,exceso <= 0
martillo,corto,6592,253,0.004793375307219034,0.43821889372090345,0.5573122529644269,0.4305,-0.00019163919739508407,-0.018238216169681208,-0.0032732172712533407,1d,5,0.2,False,ARTEFACTO DE ESCALA
martillo +ctx,largo,3880,243,-0.07439159592923295,0.48502268840900065,0.38271604938271603,1.0,-0.004977821013550236,-0.08571665309665787,-0.07968157676222648,1d,5,0.2,False,exceso <= 0
martillo +ctx,corto,3880,243,0.020199442468331566,0.4837957234294631,0.551440329218107,0.241,0.0009778210135502332,-0.003369005846995984,0.0076592619620592505,1d,5,0.2,False,dentro del MDE del azar (±0.039)
estrella_fugaz,largo,7560,253,-0.04383231426567472,0.40466281939622284,0.4426877470355731,1.0,-0.0034633836517316335,-0.05264828310123111,-0.049796851957549106,1d,5,0.2,False,exceso <= 0
estrella_fugaz,corto,7560,253,-0.008648777079482665,0.40299911046713227,0.525691699604743,1.0,-0.0005366163482683691,-0.009861953276876856,-0.008174308477436129,1d,5,0.2,False,exceso <= 0
estrella_fugaz +ctx,largo,3788,250,-0.06112712271364417,0.6947220188233889,0.372,1.0,-0.004415862333481348,-0.12209297095527918,-0.06346521660371757,1d,5,0.2,False,exceso <= 0
estrella_fugaz +ctx,corto,3788,250,0.008608586817373375,0.6939359392712618,0.584,0.395,0.0004158623334813465,0.0006870711870793826,0.007102507808352822,1d,5,0.2,False,dentro del MDE del azar (±0.039)
doji,largo,8484,253,0.011763079595722944,0.3776482558731665,0.42292490118577075,0.314,-0.00033178399209733814,0.0007559537571186857,0.008994483331032857,1d,5,0.2,False,ARTEFACTO DE ESCALA
doji,corto,8484,253,-0.06511863893484882,0.37869381778848615,0.466403162055336,1.0,-0.0036682160079026653,-0.07328825568510904,-0.06809516366170816,1d,5,0.2,False,exceso <= 0
doji +ctx,largo,4509,248,-0.04709205030281836,0.5409860585766096,0.39919354838709675,1.0,-0.004133922792792593,-0.04913039957612149,-0.05415990809556681,1d,5,0.2,False,exceso <= 0
doji +ctx,corto,4509,248,-0.006272715737671655,0.5431479004436199,0.5161290322580645,1.0,0.00013392279279258922,-0.031548062784741114,-0.01736130326759997,1d,5,0.2,False,exceso <= 0
marubozu_alc,largo,1103,196,0.004067714111763658,1.2692074847080146,0.39285714285714285,0.4915,-0.0007894274011405019,-0.10697190733336823,-0.036199135511694215,1d,5,0.2,False,ARTEFACTO DE ESCALA
marubozu_alc,corto,1103,196,-0.06426800797435095,1.2699486400198938,0.5510204081632653,1.0,-0.0032105725988595,-0.10861356474071214,-0.08937559294061802,1d,5,0.2,False,exceso <= 0
marubozu_alc +ctx,largo,495,141,-0.007545188260383873,1.5253642977052146,0.40425531914893614,1.0,0.0021470702620059057,-0.13048297268591125,-0.06386522123345272,1d,5,0.2,False,exceso <= 0
marubozu_alc +ctx,corto,495,141,-0.05955351621580627,1.5238005570637674,0.5673758865248227,1.0,-0.0061470702620059076,-0.11661572888924204,-0.062446036630209846,1d,5,0.2,False,exceso <= 0
marubozu_baj,largo,1294,195,-0.1601991927582338,1.0280628499025537,0.3641025641025641,1.0,-0.011223851033105053,-0.1954256276170925,-0.16453370194763192,1d,5,0.2,False,exceso <= 0
marubozu_baj,corto,1294,195,0.10295044142552962,1.028228346513304,0.6,0.079,0.007223851033105052,0.06043347251179,0.08850285803625198,1d,5,0.2,False,muere en la correccion (FDR q=0.1)
marubozu_baj +ctx,largo,613,134,-0.07692773357070472,1.046748455782172,0.47761194029850745,1.0,-0.005678623077833001,-0.17985391740544593,-0.11432708250651574,1d,5,0.2,False,exceso <= 0
marubozu_baj +ctx,corto,613,134,0.022126950928160857,1.0494365199518827,0.4925373134328358,0.4055,0.0016786230778329957,-0.07410695986895043,-0.01611121147074738,1d,5,0.2,False,dentro del MDE del azar (±0.039)
envolvente_alc,largo,4955,252,-0.08540501863990016,0.5317605741280462,0.3531746031746032,1.0,-0.00922133724356181,-0.09995668609468845,-0.09305372174793186,1d,5,0.2,False,exceso <= 0
envolvente_alc,corto,4955,252,0.03239547408586142,0.5350620284380847,0.6031746031746031,0.1625,0.005221337243561808,0.014320646624169524,0.02660879963060221,1d,5,0.2,False,dentro del MDE del azar (±0.039)
envolvente_alc +ctx,largo,3267,250,-0.08965901281869616,0.55379030271805,0.396,1.0,-0.009423091947343656,-0.09946785093754383,-0.09518604048883679,1d,5,0.2,False,exceso <= 0
envolvente_alc +ctx,corto,3267,250,0.03695361824338566,0.5565710013176282,0.56,0.138,0.005423091947343655,0.015202094094727754,0.02626150730864412,1d,5,0.2,False,dentro del MDE del azar (±0.039)
envolvente_baj,largo,6257,253,-0.05179981716316629,0.47707137030485813,0.37549407114624506,1.0,-0.003662729080283905,-0.073726413245025,-0.05307750711112593,1d,5,0.2,False,exceso <= 0
envolvente_baj,corto,6257,253,-4.923322327519903e-05,0.4773700182992769,0.5177865612648221,1.0,-0.0003372709197160982,-0.009093824468324126,0.0005542465697515786,1d,5,0.2,False,exceso <= 0
envolvente_baj +ctx,largo,3857,252,-0.07983158927027255,0.5515547100277299,0.38095238095238093,1.0,-0.005048570780826712,-0.09758426208718149,-0.09780939191568294,1d,5,0.2,False,exceso <= 0
envolvente_baj +ctx,corto,3857,252,0.027135675117883375,0.5510515023272948,0.5357142857142857,0.2245,0.0010485707808267088,0.004813005417885201,0.021987637459112173,1d,5,0.2,False,dentro del MDE del azar (±0.039)
harami_alc,largo,6635,253,-0.0521668353726426,0.43640580501953724,0.36363636363636365,1.0,-0.0037145827905964253,-0.06716153148357065,-0.058299163496237934,1d,5,0.2,False,exceso <= 0
harami_alc,corto,6635,253,-0.0011172138177305009,0.435930761463567,0.5533596837944664,1.0,-0.0002854172094035786,-0.009195124631054138,-0.004203911797603181,1d,5,0.2,False,exceso <= 0
harami_alc +ctx,largo,5114,251,-0.05295036603173811,0.5134698642156159,0.42231075697211157,1.0,-0.00283915562009686,-0.08458683456205313,-0.0751490804141638,1d,5,0.2,False,exceso <= 0
harami_alc +ctx,corto,5114,251,-0.00024950182333042365,0.5127008052738727,0.5139442231075697,1.0,-0.001160844379903143,-0.027641145686468,-0.017827467309494117,1d,5,0.2,False,exceso <= 0
harami_baj,largo,5417,253,-0.028718605377702988,0.5744353031983241,0.38735177865612647,1.0,-0.0024281747502148156,-0.06263388172497714,-0.03791990931984068,1d,5,0.2,False,exceso <= 0
harami_baj,corto,5417,253,-0.024383568572060515,0.5738134449510515,0.5691699604743083,1.0,-0.0015718252497851867,-0.03136329771072709,-0.02641447858185859,1d,5,0.2,False,exceso <= 0
harami_baj +ctx,largo,3898,249,0.004473971040271102,0.6740324026872719,0.39759036144578314,0.461,0.001147783581787076,-0.0073186900005409936,-0.0024061888064744797,1d,5,0.2,False,dentro del MDE del azar (±0.039)
harami_baj +ctx,corto,3898,249,-0.05824568645741957,0.6732240705168385,0.5461847389558233,1.0,-0.005147783581787079,-0.07292069179516557,-0.056123527809924204,1d,5,0.2,False,exceso <= 0
perforante,largo,2126,251,-0.02790690934504476,0.5544912402415917,0.42231075697211157,1.0,-0.00313947148413585,-0.04711707651565364,-0.028604233602269033,1d,5,0.2,False,exceso <= 0
perforante,corto,2126,251,-0.0255811223992256,0.5533639106739018,0.5139442231075697,1.0,-0.0008605285158641524,-0.033728345451064866,-0.026451656394099392,1d,5,0.2,False,exceso <= 0
perforante +ctx,largo,1621,242,-0.005985521180019641,0.6109931350077068,0.45454545454545453,1.0,-0.002289726515399663,-0.035601694610574074,-0.009716295383108,1d,5,0.2,False,exceso <= 0
perforante +ctx,corto,1621,242,-0.047379817052671185,0.6098695784690183,0.5041322314049587,1.0,-0.0017102734846003401,-0.05988120585938465,-0.04960618172806553,1d,5,0.2,False,exceso <= 0
nube_oscura,largo,2739,251,-0.010730732026552092,0.616862911463496,0.41832669322709165,1.0,0.002136113480703853,-0.038971087025466304,-0.02709339923102561,1d,5,0.2,False,exceso <= 0
nube_oscura,corto,2739,251,-0.04095497698183873,0.6157344171106107,0.5298804780876494,1.0,-0.006136113480703854,-0.040906808627022874,-0.0389789729546048,1d,5,0.2,False,exceso <= 0
nube_oscura +ctx,largo,1945,242,0.030276365044707307,0.8053827100065564,0.4214876033057851,0.277,0.00414605513862904,0.02055675548737156,0.030087364642433435,1d,5,0.2,False,dentro del MDE del azar (±0.039)
nube_oscura +ctx,corto,1945,242,-0.08271528842888191,0.8044617759092856,0.512396694214876,1.0,-0.008146055138629043,-0.09398063116602351,-0.08901589937233698,1d,5,0.2,False,exceso <= 0
estrella_maniana,largo,6202,251,-0.13469118836491842,0.4722642107890964,0.32669322709163345,1.0,-0.009471681278715649,-0.16070594493926796,-0.14031872452680882,1d,5,0.2,False,exceso <= 0
estrella_maniana,corto,6202,251,0.08032047116138617,0.47119074763195756,0.601593625498008,0.0025,0.005471681278715647,0.05746867675362288,0.07583187806299994,1d,5,0.2,False,muere en la correccion (FDR q=0.1)
estrella_maniana +ctx,largo,4607,248,-0.1050903593501191,0.5562826863458303,0.3588709677419355,1.0,-0.008138878971201387,-0.12562907102282528,-0.10955742350434274,1d,5,0.2,False,exceso <= 0
estrella_maniana +ctx,corto,4607,248,0.050471342616204555,0.5555419097211356,0.592741935483871,0.079,0.004138878971201383,0.031162912693295727,0.04645738331718425,1d,5,0.2,False,muere en la correccion (FDR q=0.1)
estrella_noche,largo,6792,252,-0.09269028394556669,0.4018114644260545,0.40476190476190477,1.0,-0.00647341190020994,-0.10354908202922886,-0.09605111984586359,1d,5,0.2,False,exceso <= 0
estrella_noche,corto,6792,252,0.03958026694300908,0.401893272652713,0.5317460317460317,0.054,0.002473411900209936,0.03745773448346182,0.03970724679108513,1d,5,0.2,False,muere en la correccion (FDR q=0.1)
estrella_noche +ctx,largo,4959,252,-0.06926830658138568,0.47076190502453663,0.43253968253968256,1.0,-0.00373929032752344,-0.07765666460976035,-0.07211799347352364,1d,5,0.2,False,exceso <= 0
estrella_noche +ctx,corto,4959,252,0.015364607037444218,0.4712687858482817,0.5238095238095238,0.292,-0.00026070967247656215,-0.01511719844190145,0.004071983252610997,1d,5,0.2,False,ARTEFACTO DE ESCALA
tres_soldados,largo,15846,253,-0.0593176538394129,0.6460867969404632,0.35968379446640314,1.0,-0.004112476287043313,-0.06419101443628678,-0.06115744706418202,1d,5,0.2,False,exceso <= 0
tres_soldados,corto,15846,253,0.0036546178836248363,0.6458731832856323,0.549407114624506,0.47,0.00011247628704331053,-0.005835003056678164,-0.007351212973008453,1d,5,0.2,False,dentro del MDE del azar (±0.039)
tres_soldados +ctx,largo,13663,253,-0.07103116640185288,0.7343307534244505,0.36363636363636365,1.0,-0.004713753405169794,-0.07552188553881713,-0.07383537755396812,1d,5,0.2,False,exceso <= 0
tres_soldados +ctx,corto,13663,253,0.01527759047974928,0.7339790142747815,0.5731225296442688,0.372,0.0007137534051697924,-0.006682920821463231,0.0012650407047275364,1d,5,0.2,False,dentro del MDE del azar (±0.039)
tres_cuervos,largo,20348,253,-0.055018614228789384,0.5523951177079653,0.42292490118577075,1.0,-0.004638793955766504,-0.07485528523911655,-0.05800602140735123,1d,5,0.2,False,exceso <= 0
tres_cuervos,corto,20348,253,0.0038800374652394626,0.5524434758246727,0.5059288537549407,0.445,0.0006387939557664997,-0.0018020160947038685,0.00227207108196536,1d,5,0.2,False,dentro del MDE del azar (±0.039)
tres_cuervos +ctx,largo,17701,249,-0.056313288474432954,0.502200190203918,0.46987951807228917,1.0,-0.004708632269164242,-0.055845988922019286,-0.05657904252153069,1d,5,0.2,False,exceso <= 0
tres_cuervos +ctx,corto,17701,249,0.005080576768181137,0.5032927141835766,0.4899598393574297,0.433,0.0007086322691642396,-0.0017294510331584243,0.0033847887079817432,1d,5,0.2,False,dentro del MDE del azar (±0.039)
CTRL contexto solo (baja previa),largo,84330,253,-0.054044336404490134,0.21161583393795932,0.35177865612648224,1.0,-0.004596325250041271,-0.06348989351789722,-0.05450054545563865,1d,5,0.2,False,exceso <= 0
CTRL contexto solo (baja previa),corto,84330,253,0.002369173575185046,0.2126062761986805,0.4426877470355731,0.409,0.0005963252500412679,-0.002180663991129701,-0.00015525326453242727,1d,5,0.2,False,dentro del MDE del azar (±0.039)
CTRL contexto solo (suba previa),largo,74448,253,-0.016280966933949953,0.3288184681072824,0.3557312252964427,1.0,-0.0022090883002553784,-0.0265803679759195,-0.01792146249236218,1d,5,0.2,False,exceso <= 0
CTRL contexto solo (suba previa),corto,74448,253,-0.03655299616946706,0.32944453196516404,0.45454545454545453,1.0,-0.0017909116997446243,-0.03399285956487424,-0.03350131349817809,1d,5,0.2,False,exceso <= 0
CTRL cuerpo q80,largo,31902,253,-0.015786059508389596,0.24720011653482662,0.45849802371541504,1.0,-0.001125503437599347,-0.023770032350949204,-0.018788964418976303,1d,5,0.2,False,exceso <= 0
CTRL cuerpo q80,corto,31902,253,-0.03749208371646293,0.2469986167679879,0.4426877470355731,1.0,-0.0028744965624006554,-0.03922115640707008,-0.04108925834379236,1d,5,0.2,False,exceso <= 0
CONTROL azar 1,largo,6680,253,-0.009557167360547875,0.31826401445446567,0.4150197628458498,1.0,-0.0008993478497950513,-0.022905655878261995,-0.013686400381817631,1d,5,0.2,False,control
CONTROL azar 1,corto,6680,253,-0.044373665261550996,0.3191078468332069,0.4624505928853755,1.0,-0.0031006521502049515,-0.05228814091087547,-0.04582571584693524,1d,5,0.2,False,control
CONTROL azar 2,largo,6869,253,-0.01885665358954173,0.27933538934018937,0.4426877470355731,1.0,-0.0013750233864613496,-0.0312090117232046,-0.02387578110944147,1d,5,0.2,False,control
CONTROL azar 2,corto,6869,253,-0.03519854744356169,0.27968387052689375,0.44664031620553357,1.0,-0.0026249766135386533,-0.03810354443389488,-0.036221646586847095,1d,5,0.2,False,control
CONTROL azar 3,largo,6726,253,-0.03340018159977036,0.2791682819945914,0.3715415019762846,1.0,-0.003156905958783503,-0.044227169217946144,-0.0384851707079378,1d,5,0.2,False,control
CONTROL azar 3,corto,6726,253,-0.020143420366006273,0.27962690473808566,0.5098814229249012,1.0,-0.0008430940412165,-0.028483643082975643,-0.02385750503792575,1d,5,0.2,False,control
martillo,largo,6592,253,-0.10111035317493844,0.4398776573735103,0.32806324110671936,1.0,-0.0068083608026049194,-0.11499748976687,-0.10718951387553735,1d,5,0.5,False,exceso <= 0
martillo,corto,6592,253,-0.036485329493232146,0.43798308250978957,0.49407114624505927,1.0,-0.0031916391973950847,-0.05958612473245609,-0.0444914881685163,1d,5,0.5,False,exceso <= 0
martillo +ctx,largo,3880,243,-0.11503571102490898,0.4862958086447344,0.3333333333333333,1.0,-0.007977821013550237,-0.1265268460239201,-0.12046399923648622,1d,5,0.5,False,exceso <= 0
martillo +ctx,corto,3880,243,-0.02044467262734446,0.4832306362890225,0.5102880658436214,1.0,-0.0020221789864497673,-0.043970667400604915,-0.03308597954823679,1d,5,0.5,False,exceso <= 0
estrella_fugaz,largo,7560,253,-0.08319313277454275,0.4062096965363358,0.391304347826087,1.0,-0.006463383651731636,-0.09216319900780384,-0.08925027717071107,1d,5,0.5,False,exceso <= 0
estrella_fugaz,corto,7560,253,-0.04800959558835069,0.40205351838920855,0.5019762845849802,1.0,-0.0035366163482683697,-0.04901683085034928,-0.04712593474095484,1d,5,0.5,False,exceso <= 0
estrella_fugaz +ctx,largo,3788,250,-0.10051602463584726,0.6954826493820081,0.348,1.0,-0.007415862333481348,-0.16180298781674712,-0.10286918138726023,1d,5,0.5,False,exceso <= 0
estrella_fugaz +ctx,corto,3788,250,-0.030780315104829727,0.6935179352598068,0.528,1.0,-0.0025841376665186556,-0.038931452427768735,-0.03228441257254218,1d,5,0.5,False,exceso <= 0
doji,largo,8484,253,-0.02825358990862145,0.3771897346481019,0.3715415019762846,1.0,-0.0033317839920973384,-0.03929691996490737,-0.03108748919391131,1d,5,0.5,False,exceso <= 0
doji,corto,8484,253,-0.1051353084391932,0.37980139822259984,0.42292490118577075,1.0,-0.006668216007902665,-0.11315372689051864,-0.1081426740869082,1d,5,0.5,False,exceso <= 0
doji +ctx,largo,4509,248,-0.08711562483318588,0.539635136094318,0.35080645161290325,1.0,-0.007133922792792593,-0.08891685724874543,-0.09400673677267914,1d,5,0.5,False,exceso <= 0
doji +ctx,corto,4509,248,-0.04629629026803919,0.5450370588892808,0.4637096774193548,1.0,-0.002866077207207411,-0.07140770615999471,-0.057174373043209166,1d,5,0.5,False,exceso <= 0
marubozu_alc,largo,1103,196,-0.04108250628517683,1.2690385181299626,0.37755102040816324,1.0,-0.0037894274011405008,-0.15239062749359325,-0.08135674469560156,1d,5,0.5,False,exceso <= 0
marubozu_alc,corto,1103,196,-0.10941822837129143,1.2708908423312066,0.5102040816326531,1.0,-0.006210572598859503,-0.1537326871437379,-0.13468719749299687,1d,5,0.5,False,exceso <= 0
marubozu_alc +ctx,largo,495,141,-0.05786921661752657,1.5270926085516765,0.3829787234042553,1.0,-0.0008529297379940928,-0.18099904724237484,-0.11420588494557574,1d,5,0.5,False,exceso <= 0
marubozu_alc +ctx,corto,495,141,-0.10987754457294897,1.5231846826890287,0.5319148936170213,1.0,-0.00914707026200591,-0.16779785231220715,-0.11277614141999555,1d,5,0.5,False,exceso <= 0
marubozu_baj,largo,1294,195,-0.203135756257762,1.0284262174499517,0.3435897435897436,1.0,-0.01422385103310505,-0.236779154247096,-0.20747424007280169,1d,5,0.5,False,exceso <= 0
marubozu_baj,corto,1294,195,0.0600138779260014,1.0288397629357648,0.5743589743589743,0.2165,0.004223851033105047,0.017431680978470858,0.04545974911048242,1d,5,0.5,False,muere en la correccion (FDR q=0.1)
marubozu_baj +ctx,largo,613,134,-0.11802832055261264,1.0451028948536398,0.44029850746268656,1.0,-0.008678623077833,-0.2211989017354069,-0.15546348608989394,1d,5,0.5,False,exceso <= 0
marubozu_baj +ctx,corto,613,134,-0.018973636053747026,1.0518206882103756,0.48507462686567165,1.0,-0.0013213769221670035,-0.11545411641011534,-0.05710503020397928,1d,5,0.5,False,exceso <= 0
envolvente_alc,largo,4955,252,-0.12516217705542923,0.5295358728731435,0.3253968253968254,1.0,-0.01222133724356181,-0.13948087278882818,-0.1328686730305165,1d,5,0.5,False,exceso <= 0
envolvente_alc,corto,4955,252,-0.007361684329667628,0.5377856504758594,0.5753968253968254,1.0,0.002221337243561807,-0.02556218014654881,-0.013334901215456748,1d,5,0.5,False,exceso <= 0
envolvente_alc +ctx,largo,3267,250,-0.129188058750179,0.5519587390639105,0.364,1.0,-0.012423091947343659,-0.13905152748043142,-0.13474522773207712,1d,5,0.5,False,exceso <= 0
envolvente_alc +ctx,corto,3267,250,-0.0025754276880972037,0.5589073267876496,0.528,1.0,0.0024230919473436545,-0.024203954612021406,-0.01331713185629366,1d,5,0.5,False,exceso <= 0
envolvente_baj,largo,6257,253,-0.09068660495299741,0.47707648187071633,0.33201581027667987,1.0,-0.006662729080283905,-0.11248623931801377,-0.09198034089399035,1d,5,0.5,False,exceso <= 0
envolvente_baj,corto,6257,253,-0.03893602101310633,0.4778227438814335,0.49407114624505927,1.0,-0.0033372709197160987,-0.04803985781188917,-0.038235521745635374,1d,5,0.5,False,exceso <= 0
envolvente_baj +ctx,largo,3857,252,-0.11935352488456448,0.5521657281351048,0.3373015873015873,1.0,-0.008048570780826715,-0.13665373237595954,-0.1373548650407676,1d,5,0.5,False,exceso <= 0
envolvente_baj +ctx,corto,3857,252,-0.012386260496408537,0.5509082423466354,0.5,1.0,-0.0019514292191732908,-0.03485097930889901,-0.01760797820052749,1d,5,0.5,False,exceso <= 0
harami_alc,largo,6635,253,-0.09212987226542242,0.4371170616384236,0.3241106719367589,1.0,-0.0067145827905964245,-0.10663381757977027,-0.09807901708841615,1d,5,0.5,False,exceso <= 0
harami_alc,corto,6635,253,-0.04108025071051033,0.4359304198080778,0.4980237154150198,1.0,-0.0032854172094035792,-0.049320614482887805,-0.044217603376705446,1d,5,0.5,False,exceso <= 0
harami_alc +ctx,largo,5114,251,-0.0928502669230395,0.5143843811611359,0.3705179282868526,1.0,-0.00583915562009686,-0.12438627144862133,-0.11506167225106721,1d,5,0.5,False,exceso <= 0
harami_alc +ctx,corto,5114,251,-0.04014940271463181,0.5124630008690493,0.46613545816733065,1.0,-0.004160844379903143,-0.06781976732108948,-0.057782988687306046,1d,5,0.5,False,exceso <= 0
harami_baj,largo,5417,253,-0.06854523584002563,0.5751971071599573,0.3438735177865613,1.0,-0.0054281747502148165,-0.10247101679590939,-0.0776685866044226,1d,5,0.5,False,exceso <= 0
harami_baj,corto,5417,253,-0.06421019903438313,0.573643262141455,0.525691699604743,1.0,-0.004571825249785188,-0.07116534457221292,-0.06627869116147722,1d,5,0.5,False,exceso <= 0
harami_baj +ctx,largo,3898,249,-0.035854815522590254,0.6749081189329853,0.36947791164658633,1.0,-0.0018522164182129257,-0.04736056911104034,-0.04264072071682045,1d,5,0.5,False,exceso <= 0
harami_baj +ctx,corto,3898,249,-0.09857447302028093,0.6728880977761992,0.5301204819277109,1.0,-0.008147783581787077,-0.11346226734657094,-0.09651097023970251,1d,5,0.5,False,exceso <= 0
perforante,largo,2126,251,-0.06802293315324756,0.5556742230535322,0.398406374501992,1.0,-0.00613947148413585,-0.08698547073112223,-0.0685313326402969,1d,5,0.5,False,exceso <= 0
perforante,corto,2126,251,-0.06569714620742839,0.5528576195507167,0.47410358565737054,1.0,-0.0038605285158641537,-0.07376341081199098,-0.06657195663942882,1d,5,0.5,False,exceso <= 0
perforante +ctx,largo,1621,242,-0.04600952485453777,0.6121510996721011,0.41735537190082644,1.0,-0.005289726515399664,-0.07537370916927383,-0.04958269633042874,1d,5,0.5,False,exceso <= 0
perforante +ctx,corto,1621,242,-0.08740382072718933,0.6093436617528266,0.44214876033057854,1.0,-0.004710273484600341,-0.09976719639331418,-0.08957742638892267,1d,5,0.5,False,exceso <= 0
nube_oscura,largo,2739,251,-0.049495013782845224,0.6178913203114871,0.38645418326693226,1.0,-0.0008638865192961486,-0.07730308715006436,-0.06592853872834989,1d,5,0.5,False,exceso <= 0
nube_oscura,corto,2739,251,-0.07971925873813185,0.6150709194105827,0.50199203187251,1.0,-0.009136113480703855,-0.07972358759163052,-0.07772201705186647,1d,5,0.5,False,exceso <= 0
nube_oscura +ctx,largo,1945,242,-0.009052827493423654,0.8062501396770916,0.4049586776859504,1.0,0.0011460551386290414,-0.018498541137318705,-0.008827569252049366,1d,5,0.5,False,exceso <= 0
nube_oscura +ctx,corto,1945,242,-0.12204448096701286,0.8039483105482412,0.47107438016528924,1.0,-0.011146055138629044,-0.13334077029483682,-0.12833675222025911,1d,5,0.5,False,exceso <= 0
estrella_maniana,largo,6202,251,-0.17546922626756759,0.4734597896309104,0.2908366533864542,1.0,-0.012471681278715648,-0.20154790416504703,-0.18100219190955247,1d,5,0.5,False,exceso <= 0
estrella_maniana,corto,6202,251,0.039542433258737,0.47077835767124376,0.5617529880478087,0.0885,0.002471681278715645,0.016597731615698108,0.03489884315130642,1d,5,0.5,False,muere en la correccion (FDR q=0.1)
estrella_maniana +ctx,largo,4607,248,-0.14605462190055493,0.5572287891945448,0.3387096774193548,1.0,-0.011138878971201385,-0.1666663692497339,-0.15059912504759898,1d,5,0.5,False,exceso <= 0
estrella_maniana +ctx,corto,4607,248,0.009507080065768668,0.5553781498478318,0.5483870967741935,0.405,0.001138878971201382,-0.009969826841294134,0.005478862842488221,1d,5,0.5,False,dentro del MDE del azar (±0.039)
estrella_noche,largo,6792,252,-0.13252279669748487,0.40210931432527025,0.3373015873015873,1.0,-0.00947341190020994,-0.14341537227903847,-0.1359167938882465,1d,5,0.5,False,exceso <= 0
estrella_noche,corto,6792,252,-0.00025224580890911445,0.402313652285605,0.47619047619047616,1.0,-0.0005265880997900649,-0.00237547670308532,-0.0001097564801148188,1d,5,0.5,False,exceso <= 0
estrella_noche +ctx,largo,4959,252,-0.10969608123934177,0.47075234766307417,0.39285714285714285,1.0,-0.006739290327523442,-0.11795906623964361,-0.1124188598092328,1d,5,0.5,False,exceso <= 0
estrella_noche +ctx,corto,4959,252,-0.02506316762051189,0.4720185547854583,0.4801587301587302,1.0,-0.0032607096724765632,-0.055452044854373064,-0.03636198847665439,1d,5,0.5,False,exceso <= 0
tres_soldados,largo,15846,253,-0.10106493080625394,0.6465006742027044,0.32806324110671936,1.0,-0.007112476287043313,-0.10603506033755586,-0.10288963241890092,1d,5,0.5,False,exceso <= 0
tres_soldados,corto,15846,253,-0.038092659083216206,0.6459668497774271,0.5059288537549407,1.0,-0.0028875237129566897,-0.04745469939568229,-0.04902417372916857,1d,5,0.5,False,exceso <= 0
tres_soldados +ctx,largo,13663,253,-0.11284634834343053,0.734837620017184,0.3201581027667984,1.0,-0.0077137534051697956,-0.11744817866535308,-0.11563215168135746,1d,5,0.5,False,exceso <= 0
tres_soldados +ctx,corto,13663,253,-0.026537591461828398,0.7339585633533179,0.549407114624506,1.0,-0.0022862465948302086,-0.048351465763912874,-0.04041234919902904,1d,5,0.5,False,exceso <= 0
tres_cuervos,largo,20348,253,-0.09337254680145184,0.5526340667878733,0.3675889328063241,1.0,-0.007638793955766505,-0.11346384361681895,-0.09650720183590686,1d,5,0.5,False,exceso <= 0
tres_cuervos,corto,20348,253,-0.034473895107422985,0.5527549018856601,0.45454545454545453,1.0,-0.0023612060442335,-0.04032676982179936,-0.03612528211566034,1d,5,0.5,False,exceso <= 0
tres_cuervos +ctx,largo,17701,249,-0.09473782225412182,0.5017069011208635,0.40160642570281124,1.0,-0.007708632269164244,-0.0944400070476258,-0.09504296816872941,1d,5,0.5,False,exceso <= 0
tres_cuervos +ctx,corto,17701,249,-0.03334395701150773,0.5044364453584314,0.42971887550200805,1.0,-0.0022913677308357616,-0.04025538135892185,-0.03506124535659964,1d,5,0.5,False,exceso <= 0
CTRL contexto solo (baja previa),largo,84330,253,-0.09280070852646895,0.21141416352225176,0.233201581027668,1.0,-0.007596325250041271,-0.10172845845066789,-0.09321401166420414,1d,5,0.5,False,exceso <= 0
CTRL contexto solo (baja previa),corto,84330,253,-0.036387198546793766,0.213884004316224,0.32806324110671936,1.0,-0.002403674749958732,-0.04079913644440096,-0.038820910408470764,1d,5,0.5,False,exceso <= 0
CTRL contexto solo (suba previa),largo,74448,253,-0.055906439261512716,0.32867727802489966,0.2490118577075099,1.0,-0.0052090883002553785,-0.0656854795269097,-0.05742642213261908,1d,5,0.5,False,exceso <= 0
CTRL contexto solo (suba previa),corto,74448,253,-0.07617846849702982,0.3302408814383412,0.3557312252964427,1.0,-0.004790911699744625,-0.0736669697406132,-0.07313943083070457,1d,5,0.5,False,exceso <= 0
CTRL cuerpo q80,largo,31902,253,-0.05574466692702899,0.2478455081042287,0.3715415019762846,1.0,-0.004125503437599348,-0.06310511759629818,-0.05873999486460567,1d,5,0.5,False,exceso <= 0
CTRL cuerpo q80,corto,31902,253,-0.07745069113510232,0.2473427653350953,0.33201581027667987,1.0,-0.005874496562400656,-0.07919059765278302,-0.08096197613049158,1d,5,0.5,False,exceso <= 0
CONTROL azar 1,largo,6680,253,-0.05000529182712203,0.3180196393162157,0.35177865612648224,1.0,-0.003899347849795053,-0.06317038336029918,-0.05402236807834519,1d,5,0.5,False,control
CONTROL azar 1,corto,6680,253,-0.08482178972812517,0.320126660129157,0.391304347826087,1.0,-0.006100652150204952,-0.09266064068329195,-0.0861573569052438,1d,5,0.5,False,control
CONTROL azar 2,largo,6869,253,-0.0593980543643693,0.27951776430203085,0.34782608695652173,1.0,-0.00437502338646135,-0.07166697360803068,-0.06432671567557517,1d,5,0.5,False,control
CONTROL azar 2,corto,6869,253,-0.07573994821838925,0.2803875885235979,0.3794466403162055,1.0,-0.005624976613538653,-0.07854314954215817,-0.0767155643148897,1d,5,0.5,False,control
CONTROL azar 3,largo,6726,253,-0.07355788307410284,0.2792480539309019,0.33992094861660077,1.0,-0.006156905958783503,-0.08447397836019006,-0.07873282403861392,1d,5,0.5,False,control
CONTROL azar 3,corto,6726,253,-0.060301121840338756,0.2803928780803335,0.40711462450592883,1.0,-0.0038430940412165,-0.06865918406732284,-0.064063155070599,1d,5,0.5,False,control
